id,answer_json
corr_00b6c93150f8588a,"{""affected_cells"":[""r00_c00"",""r00_c01"",""r00_c04"",""r00_c05"",""r00_c06"",""r00_c07"",""r01_c00"",""r01_c01"",""r01_c07"",""r02_c00"",""r02_c01"",""r02_c02"",""r02_c07"",""r03_c00"",""r03_c01"",""r03_c02"",""r03_c07"",""r04_c00"",""r04_c01"",""r04_c02"",""r04_c06"",""r04_c07"",""r05_c00"",""r05_c01"",""r05_c02"",""r05_c06"",""r05_c07"",""r06_c00"",""r06_c01"",""r06_c02"",""r06_c03""],""fair_cells"":[""r00_c00"",""r00_c01"",""r00_c04"",""r00_c05"",""r00_c06"",""r00_c07"",""r01_c00"",""r01_c01"",""r01_c07"",""r02_c00"",""r02_c01"",""r02_c02"",""r02_c07"",""r03_c00"",""r03_c01"",""r03_c02"",""r03_c07"",""r04_c00"",""r04_c01"",""r04_c02"",""r04_c06"",""r04_c07"",""r05_c00"",""r05_c01"",""r05_c02"",""r05_c06"",""r05_c07"",""r06_c00"",""r06_c01"",""r06_c02"",""r06_c03""],""poor_cells"":[""r03_c00"",""r03_c07"",""r04_c00"",""r04_c01"",""r04_c02"",""r04_c07"",""r05_c00"",""r05_c01"",""r05_c02"",""r06_c00"",""r06_c01"",""r06_c02""],""severe_cells"":[],""area_bins"":{""fair"":8,""poor"":5,""severe"":0},""row_condition_profile"":[1,1,1,4,4,4,4,0]}"
corr_05f35ca2886841ec,"{""affected_cells"":[""r00_c01"",""r00_c02"",""r00_c03"",""r00_c04"",""r00_c05"",""r00_c06"",""r01_c01"",""r01_c02"",""r01_c03"",""r01_c04"",""r01_c05"",""r01_c06"",""r02_c03"",""r02_c04"",""r02_c05"",""r05_c00"",""r05_c04"",""r05_c05"",""r05_c06"",""r06_c00""],""fair_cells"":[""r00_c06"",""r05_c00"",""r05_c06"",""r06_c00""],""poor_cells"":[""r00_c01"",""r00_c02"",""r00_c03"",""r00_c04"",""r00_c05"",""r00_c06"",""r01_c01"",""r01_c02"",""r01_c03"",""r01_c04"",""r01_c05"",""r01_c06"",""r02_c03"",""r02_c04"",""r02_c05"",""r05_c04"",""r05_c05""],""severe_cells"":[],""area_bins"":{""fair"":3,""poor"":9,""severe"":0},""row_condition_profile"":[4,2,2,0,0,4,1,0]}"
corr_0651bcf35e1608e4,"{""affected_cells"":[""r00_c00"",""r00_c02"",""r00_c03"",""r00_c04"",""r00_c05"",""r01_c00"",""r01_c01"",""r01_c02"",""r01_c03"",""r01_c04"",""r01_c05"",""r02_c00"",""r02_c01"",""r02_c02"",""r02_c03"",""r02_c04"",""r02_c05"",""r03_c00"",""r03_c01"",""r03_c02"",""r03_c03"",""r03_c04"",""r03_c05"",""r04_c00"",""r04_c01"",""r04_c02"",""r04_c03"",""r04_c04"",""r04_c05"",""r05_c00"",""r05_c01"",""r05_c03"",""r05_c04"",""r06_c00"",""r06_c01"",""r06_c04""],""fair_cells"":[""r00_c02"",""r00_c03"",""r00_c04"",""r00_c05"",""r01_c01"",""r01_c02"",""r01_c03"",""r01_c04"",""r01_c05"",""r02_c00"",""r02_c01"",""r02_c02"",""r02_c03"",""r02_c04"",""r02_c05"",""r03_c00"",""r03_c01"",""r03_c02"",""r03_c03"",""r03_c04"",""r03_c05"",""r04_c00"",""r04_c01"",""r04_c02"",""r04_c03"",""r04_c04"",""r04_c05"",""r05_c00"",""r05_c01"",""r05_c03"",""r05_c04"",""r06_c00"",""r06_c01"",""r06_c04""],""poor_cells"":[""r00_c00"",""r01_c00"",""r01_c01"",""r02_c00"",""r02_c01"",""r02_c02"",""r03_c00"",""r03_c01"",""r03_c02"",""r04_c01"",""r05_c00"",""r05_c01"",""r05_c04"",""r06_c00"",""r06_c01""],""severe_cells"":[],""area_bins"":{""fair"":7,""poor"":9,""severe"":0},""row_condition_profile"":[4,4,4,4,4,4,4,0]}"
corr_06ef6598c77c4633,"{""affected_cells"":[""r00_c04"",""r00_c05"",""r00_c06"",""r00_c07"",""r01_c04"",""r01_c05"",""r01_c06"",""r01_c07"",""r02_c00"",""r02_c01"",""r02_c02"",""r02_c03"",""r02_c04"",""r02_c05"",""r02_c06"",""r02_c07"",""r03_c00"",""r03_c01"",""r03_c02"",""r03_c03"",""r03_c04"",""r03_c05"",""r03_c06"",""r03_c07"",""r04_c00"",""r04_c01"",""r04_c02"",""r04_c03"",""r04_c05"",""r04_c06"",""r04_c07"",""r05_c00"",""r05_c01"",""r05_c07""],""fair_cells"":[""r00_c04"",""r00_c05"",""r00_c06"",""r00_c07"",""r01_c04"",""r01_c05"",""r01_c06"",""r01_c07"",""r02_c00"",""r02_c01"",""r02_c02"",""r02_c03"",""r02_c04"",""r02_c06"",""r02_c07"",""r03_c00"",""r03_c01"",""r03_c02"",""r03_c03"",""r03_c04"",""r03_c05"",""r03_c06"",""r03_c07"",""r04_c00"",""r04_c01"",""r04_c05"",""r04_c06"",""r04_c07"",""r05_c00"",""r05_c01"",""r05_c07""],""poor_cells"":[""r01_c04"",""r01_c05"",""r01_c06"",""r02_c03"",""r02_c04"",""r02_c05"",""r02_c06"",""r02_c07"",""r03_c00"",""r03_c01"",""r03_c02"",""r03_c03"",""r03_c04"",""r03_c05"",""r03_c06"",""r04_c00"",""r04_c01"",""r04_c02"",""r04_c03"",""r05_c00"",""r05_c01""],""severe_cells"":[],""area_bins"":{""fair"":8,""poor"":9,""severe"":0},""row_condition_profile"":[1,4,4,4,4,4,0,0]}"
corr_0786c1d517581cc0,"{""affected_cells"":[""r00_c06"",""r00_c07"",""r01_c04"",""r01_c05"",""r01_c06"",""r01_c07"",""r02_c03"",""r02_c04"",""r02_c05"",""r02_c06"",""r02_c07"",""r03_c05"",""r03_c06"",""r03_c07""],""fair_cells"":[""r00_c06"",""r00_c07"",""r01_c04"",""r01_c05"",""r01_c06"",""r01_c07"",""r02_c03"",""r02_c04"",""r02_c05"",""r02_c06""],""poor_cells"":[""r00_c06"",""r00_c07"",""r01_c04"",""r01_c05"",""r01_c06"",""r01_c07"",""r02_c03"",""r02_c04"",""r02_c05"",""r02_c06"",""r02_c07"",""r03_c05"",""r03_c06"",""r03_c07""],""severe_cells"":[],""area_bins"":{""fair"":6,""poor"":8,""severe"":0},""row_condition_profile"":[4,4,4,2,0,0,0,0]}"
corr_07b7ed372c70da13,"{""affected_cells"":[""r00_c01"",""r00_c06"",""r00_c07"",""r01_c00"",""r01_c01"",""r01_c02"",""r01_c05"",""r01_c06"",""r01_c07"",""r02_c00"",""r02_c01"",""r02_c04"",""r02_c05"",""r02_c06"",""r02_c07"",""r03_c00"",""r03_c01"",""r03_c02"",""r03_c03"",""r03_c04"",""r04_c00"",""r04_c01"",""r04_c02"",""r04_c03"",""r04_c04"",""r05_c00"",""r05_c01"",""r05_c02"",""r05_c03"",""r06_c00"",""r06_c01"",""r06_c02"",""r06_c03""],""fair_cells"":[""r00_c06"",""r00_c07"",""r01_c05"",""r01_c06"",""r01_c07"",""r02_c04"",""r02_c05"",""r02_c06"",""r02_c07"",""r03_c00"",""r03_c01"",""r03_c02"",""r03_c03"",""r03_c04"",""r04_c00"",""r04_c01"",""r04_c02"",""r04_c03"",""r04_c04"",""r05_c00"",""r05_c01"",""r05_c02"",""r05_c03"",""r06_c00"",""r06_c01"",""r06_c02"",""r06_c03""],""poor_cells"":[""r00_c01"",""r01_c00"",""r01_c01"",""r01_c02"",""r02_c00"",""r02_c01"",""r03_c00"",""r03_c01"",""r04_c00"",""r05_c00"",""r05_c02"",""r05_c03"",""r06_c02""],""severe_cells"":[],""area_bins"":{""fair"":1,""poor"":9,""severe"":0},""row_condition_profile"":[4,4,4,4,4,4,4,0]}"
corr_09a46d16fe39a0e0,"{""affected_cells"":[""r00_c07"",""r03_c00"",""r04_c00"",""r04_c01"",""r04_c02"",""r04_c03"",""r04_c04"",""r04_c05"",""r04_c06"",""r05_c00"",""r05_c01"",""r05_c02"",""r05_c03"",""r05_c04"",""r05_c05"",""r06_c00"",""r06_c01"",""r06_c02"",""r06_c03"",""r06_c04"",""r06_c05""],""fair_cells"":[""r00_c07"",""r03_c00"",""r04_c00"",""r04_c01"",""r04_c02"",""r04_c03"",""r04_c04"",""r04_c05"",""r04_c06"",""r05_c00"",""r05_c01"",""r05_c02"",""r05_c03"",""r05_c04"",""r05_c05"",""r06_c00"",""r06_c01"",""r06_c02"",""r06_c03"",""r06_c04"",""r06_c05""],""poor_cells"":[],""severe_cells"":[],""area_bins"":{""fair"":7,""poor"":0,""severe"":0},""row_condition_profile"":[1,0,0,1,1,1,1,0]}"
corr_0a023c928a0194de,"{""affected_cells"":[""r00_c02"",""r00_c03"",""r00_c04"",""r00_c05"",""r00_c07"",""r01_c01"",""r01_c02"",""r01_c03"",""r01_c05"",""r01_c07"",""r02_c00"",""r02_c01"",""r02_c02"",""r02_c03"",""r02_c04"",""r02_c05"",""r02_c06"",""r02_c07"",""r03_c03"",""r03_c04"",""r03_c05"",""r03_c06"",""r03_c07"",""r04_c04"",""r04_c05"",""r04_c06"",""r04_c07"",""r05_c04"",""r05_c05"",""r05_c06"",""r05_c07""],""fair_cells"":[""r00_c02"",""r00_c03"",""r00_c04"",""r00_c05"",""r00_c07"",""r01_c05"",""r01_c07""],""poor_cells"":[""r00_c02"",""r00_c03"",""r01_c01"",""r01_c02"",""r01_c03"",""r02_c00"",""r02_c01"",""r02_c02"",""r02_c03"",""r02_c04"",""r02_c05"",""r02_c06"",""r02_c07"",""r03_c03"",""r03_c04"",""r03_c05"",""r03_c06"",""r03_c07"",""r04_c04"",""r04_c05"",""r04_c06"",""r04_c07"",""r05_c04"",""r05_c05"",""r05_c06"",""r05_c07""],""severe_cells"":[],""area_bins"":{""fair"":6,""poor"":9,""severe"":0},""row_condition_profile"":[4,4,2,2,2,2,0,0]}"
corr_0a525a81d048bd49,"{""affected_cells"":[""r00_c00"",""r00_c01"",""r00_c06"",""r01_c01"",""r01_c04"",""r01_c05"",""r01_c06"",""r02_c00"",""r02_c01"",""r02_c02"",""r02_c03"",""r02_c04"",""r02_c05"",""r02_c06"",""r03_c00"",""r03_c01"",""r03_c02"",""r03_c03"",""r03_c04"",""r04_c00"",""r04_c01"",""r05_c00"",""r05_c01"",""r05_c02"",""r05_c03"",""r06_c00"",""r06_c01"",""r06_c02"",""r06_c03"",""r06_c04""],""fair_cells"":[""r00_c00"",""r00_c01"",""r00_c06"",""r01_c01"",""r01_c04"",""r01_c05"",""r01_c06"",""r02_c00"",""r02_c01"",""r02_c02"",""r02_c03"",""r02_c04"",""r02_c05"",""r02_c06"",""r03_c00"",""r03_c01"",""r03_c02"",""r03_c03"",""r03_c04"",""r04_c00"",""r04_c01"",""r05_c00"",""r05_c01"",""r05_c02"",""r05_c03"",""r06_c00"",""r06_c01"",""r06_c02"",""r06_c03"",""r06_c04""],""poor_cells"":[""r06_c00"",""r06_c01"",""r06_c02""],""severe_cells"":[],""area_bins"":{""fair"":8,""poor"":1,""severe"":0},""row_condition_profile"":[1,1,1,1,1,1,4,0]}"
corr_0a6f53ed0447b999,"{""affected_cells"":[""r00_c00"",""r00_c01"",""r00_c02"",""r00_c03"",""r00_c04"",""r01_c00"",""r01_c01"",""r01_c02"",""r01_c03"",""r01_c04"",""r01_c05"",""r02_c00"",""r02_c01"",""r02_c02"",""r02_c03"",""r02_c04"",""r02_c05"",""r03_c00"",""r03_c01"",""r03_c02"",""r03_c03"",""r03_c04"",""r04_c02"",""r04_c03"",""r04_c04"",""r05_c00"",""r05_c01"",""r05_c02"",""r05_c03"",""r06_c00"",""r06_c01"",""r06_c02""],""fair_cells"":[""r00_c00"",""r00_c01"",""r00_c02"",""r00_c03"",""r00_c04"",""r01_c00"",""r01_c01"",""r01_c02"",""r01_c03"",""r01_c04"",""r01_c05"",""r02_c00"",""r02_c01"",""r02_c02"",""r02_c03"",""r02_c04"",""r02_c05"",""r03_c00"",""r03_c01"",""r03_c02"",""r03_c03"",""r03_c04"",""r04_c02"",""r04_c03"",""r04_c04"",""r05_c00"",""r05_c01"",""r05_c02"",""r05_c03"",""r06_c00"",""r06_c01"",""r06_c02""],""poor_cells"":[""r00_c00"",""r00_c01"",""r00_c02"",""r00_c03"",""r00_c04"",""r01_c00"",""r01_c01"",""r01_c02"",""r01_c03"",""r05_c01"",""r05_c02"",""r06_c00"",""r06_c01""],""severe_cells"":[],""area_bins"":{""fair"":9,""poor"":9,""severe"":0},""row_condition_profile"":[4,4,1,1,1,4,4,0]}"
corr_0b74ed428b2a6ac4,"{""affected_cells"":[""r00_c02"",""r00_c03"",""r00_c04"",""r00_c05"",""r00_c06"",""r00_c07"",""r01_c03"",""r01_c04"",""r01_c05"",""r01_c06"",""r01_c07"",""r02_c01"",""r02_c02"",""r02_c03"",""r02_c04"",""r02_c05"",""r02_c06"",""r02_c07"",""r03_c01"",""r03_c02"",""r03_c03"",""r03_c04"",""r03_c05"",""r03_c06"",""r03_c07"",""r04_c02"",""r04_c03"",""r04_c04"",""r04_c05"",""r04_c06"",""r05_c02"",""r05_c03"",""r05_c04"",""r05_c05"",""r05_c06"",""r06_c03"",""r06_c04"",""r06_c05"",""r06_c06""],""fair_cells"":[""r00_c02"",""r00_c03"",""r00_c04"",""r00_c05"",""r00_c06"",""r00_c07"",""r01_c03"",""r01_c04"",""r01_c05"",""r01_c06"",""r01_c07"",""r02_c01"",""r02_c02"",""r02_c03"",""r02_c04"",""r02_c05"",""r02_c06"",""r02_c07"",""r03_c01"",""r03_c02"",""r03_c03"",""r03_c04"",""r03_c05"",""r03_c06"",""r03_c07"",""r04_c02"",""r04_c03"",""r04_c04"",""r04_c05"",""r04_c06"",""r05_c02"",""r05_c03"",""r05_c04"",""r05_c05"",""r05_c06"",""r06_c03"",""r06_c04"",""r06_c05"",""r06_c06""],""poor_cells"":[""r00_c04"",""r00_c05"",""r00_c06"",""r00_c07"",""r03_c01""],""severe_cells"":[],""area_bins"":{""fair"":9,""poor"":7,""severe"":0},""row_condition_profile"":[4,1,1,4,1,1,1,0]}"
corr_0bbd524d17ae5fa8,"{""affected_cells"":[""r00_c00"",""r00_c01"",""r00_c02"",""r00_c03"",""r00_c04"",""r00_c05"",""r00_c06"",""r01_c00"",""r01_c01"",""r01_c02"",""r01_c03"",""r01_c04"",""r01_c05"",""r01_c06"",""r01_c07"",""r02_c00"",""r02_c01"",""r02_c02"",""r02_c03"",""r02_c04"",""r02_c05"",""r02_c06"",""r02_c07"",""r03_c01"",""r03_c02"",""r03_c03"",""r03_c04"",""r03_c05"",""r03_c06"",""r03_c07"",""r04_c00"",""r04_c01"",""r04_c02"",""r04_c03"",""r04_c04"",""r04_c05"",""r04_c06"",""r04_c07"",""r05_c00"",""r05_c01"",""r05_c02"",""r05_c03"",""r05_c06"",""r05_c07"",""r06_c00"",""r06_c01"",""r06_c02"",""r06_c03""],""fair_cells"":[""r00_c00"",""r00_c01"",""r00_c02"",""r00_c03"",""r00_c04"",""r00_c05"",""r00_c06"",""r01_c00"",""r01_c01"",""r01_c02"",""r01_c03"",""r01_c04"",""r01_c05"",""r01_c06"",""r01_c07"",""r02_c00"",""r02_c01"",""r02_c02"",""r02_c03"",""r02_c04"",""r02_c05"",""r02_c06"",""r02_c07"",""r03_c01"",""r03_c02"",""r03_c03"",""r03_c04"",""r03_c05"",""r03_c06"",""r03_c07"",""r04_c00"",""r04_c01"",""r04_c02"",""r04_c03"",""r04_c04"",""r04_c05"",""r04_c06"",""r04_c07"",""r05_c00"",""r05_c01"",""r05_c02"",""r05_c03"",""r05_c06"",""r05_c07"",""r06_c00"",""r06_c01"",""r06_c02"",""r06_c03""],""poor_cells"":[""r00_c00"",""r00_c01"",""r00_c02"",""r01_c00"",""r01_c01"",""r01_c02"",""r01_c03""],""severe_cells"":[],""area_bins"":{""fair"":9,""poor"":8,""severe"":0},""row_condition_profile"":[4,4,1,1,1,1,1,0]}"
corr_0bdf011c303d3d32,"{""affected_cells"":[""r00_c05"",""r00_c06"",""r00_c07"",""r01_c05"",""r01_c06"",""r01_c07"",""r02_c05"",""r02_c06"",""r02_c07"",""r03_c07"",""r04_c07"",""r05_c07"",""r06_c07""],""fair_cells"":[""r00_c05"",""r00_c06"",""r00_c07"",""r01_c05"",""r01_c06"",""r01_c07"",""r02_c05"",""r02_c06"",""r02_c07"",""r03_c07"",""r04_c07"",""r05_c07"",""r06_c07""],""poor_cells"":[""r01_c06"",""r01_c07"",""r02_c06"",""r02_c07""],""severe_cells"":[],""area_bins"":{""fair"":2,""poor"":2,""severe"":0},""row_condition_profile"":[1,4,4,1,1,1,1,0]}"
corr_0bfe6ab8e6da0a42,"{""affected_cells"":[""r00_c04"",""r00_c05"",""r02_c05"",""r02_c06"",""r02_c07"",""r03_c06"",""r03_c07"",""r04_c06"",""r04_c07"",""r05_c03"",""r05_c04"",""r05_c05"",""r05_c06"",""r06_c03"",""r06_c04"",""r06_c05"",""r06_c06""],""fair_cells"":[""r00_c04"",""r00_c05"",""r02_c05"",""r02_c06"",""r02_c07"",""r03_c06"",""r03_c07"",""r04_c06"",""r04_c07"",""r05_c03"",""r05_c04"",""r05_c05"",""r05_c06"",""r06_c03"",""r06_c04"",""r06_c05"",""r06_c06""],""poor_cells"":[],""severe_cells"":[],""area_bins"":{""fair"":6,""poor"":0,""severe"":0},""row_condition_profile"":[1,0,1,1,1,1,1,0]}"
corr_0c244190839e2780,"{""affected_cells"":[""r00_c00"",""r00_c01"",""r00_c02"",""r00_c03"",""r01_c00"",""r01_c01"",""r01_c02"",""r01_c03"",""r02_c00"",""r02_c01"",""r02_c02"",""r02_c03"",""r02_c04"",""r03_c00"",""r03_c01"",""r03_c02"",""r03_c03"",""r03_c04"",""r03_c05"",""r03_c06"",""r03_c07"",""r04_c00"",""r04_c01"",""r04_c02"",""r04_c03"",""r04_c04"",""r04_c05"",""r04_c06"",""r04_c07"",""r05_c00"",""r05_c01"",""r05_c02"",""r05_c03"",""r05_c04"",""r05_c05"",""r05_c06"",""r05_c07"",""r06_c00"",""r06_c01"",""r06_c02""],""fair_cells"":[""r00_c00"",""r00_c01"",""r00_c02"",""r00_c03"",""r01_c00"",""r01_c01"",""r01_c02"",""r01_c03"",""r02_c00"",""r02_c01"",""r02_c02"",""r02_c03"",""r02_c04"",""r03_c00"",""r03_c01"",""r03_c02"",""r03_c03"",""r03_c04"",""r03_c05"",""r03_c06"",""r03_c07"",""r04_c00"",""r04_c01"",""r04_c02"",""r04_c03"",""r04_c04"",""r04_c05"",""r04_c06"",""r04_c07"",""r05_c00"",""r05_c01"",""r05_c02"",""r05_c03"",""r05_c04"",""r05_c05"",""r05_c06"",""r05_c07"",""r06_c00"",""r06_c01"",""r06_c02""],""poor_cells"":[""r04_c00"",""r04_c01"",""r04_c02"",""r05_c00"",""r05_c01"",""r06_c00"",""r06_c01"",""r06_c02""],""severe_cells"":[],""area_bins"":{""fair"":9,""poor"":6,""severe"":0},""row_condition_profile"":[1,1,1,1,4,4,4,0]}"
corr_0d15bfac9aa9f210,"{""affected_cells"":[""r00_c01"",""r00_c02"",""r00_c03"",""r00_c04"",""r00_c05"",""r00_c07"",""r01_c01"",""r01_c03"",""r01_c04"",""r01_c07"",""r02_c07"",""r03_c03"",""r03_c07"",""r04_c03"",""r04_c04"",""r04_c05"",""r04_c06"",""r04_c07"",""r05_c01"",""r05_c02"",""r05_c03"",""r05_c04"",""r05_c05"",""r05_c06"",""r05_c07"",""r06_c00"",""r06_c01"",""r06_c02"",""r06_c03"",""r06_c04"",""r06_c05"",""r06_c06"",""r06_c07""],""fair_cells"":[""r00_c01"",""r00_c02"",""r00_c03"",""r00_c04"",""r00_c05"",""r00_c07"",""r01_c01"",""r01_c03"",""r01_c04"",""r01_c07"",""r02_c07"",""r03_c03"",""r04_c03"",""r04_c04"",""r04_c05"",""r05_c02"",""r05_c03"",""r05_c04"",""r06_c00"",""r06_c01"",""r06_c02"",""r06_c03"",""r06_c04"",""r06_c07""],""poor_cells"":[""r00_c07"",""r01_c07"",""r02_c07"",""r03_c07"",""r04_c05"",""r04_c06"",""r04_c07"",""r05_c01"",""r05_c02"",""r05_c03"",""r05_c04"",""r05_c05"",""r05_c06"",""r05_c07"",""r06_c00"",""r06_c01"",""r06_c02"",""r06_c03"",""r06_c04"",""r06_c05"",""r06_c06"",""r06_c07""],""severe_cells"":[],""area_bins"":{""fair"":7,""poor"":7,""severe"":0},""row_condition_profile"":[4,4,4,4,4,4,4,0]}"
corr_0e2760f46992145d,"{""affected_cells"":[""r00_c03"",""r00_c04"",""r00_c05"",""r01_c03"",""r01_c04"",""r01_c05"",""r01_c06"",""r01_c07"",""r02_c06"",""r02_c07"",""r03_c07""],""fair_cells"":[""r00_c03"",""r00_c04"",""r00_c05"",""r01_c03"",""r01_c04"",""r01_c05"",""r01_c06"",""r01_c07"",""r02_c07"",""r03_c07""],""poor_cells"":[""r01_c05"",""r01_c06"",""r01_c07"",""r02_c06""],""severe_cells"":[],""area_bins"":{""fair"":6,""poor"":6,""severe"":0},""row_condition_profile"":[1,4,4,1,0,0,0,0]}"
corr_0f1951e77d4ee3ea,"{""affected_cells"":[""r00_c00"",""r00_c01"",""r00_c02"",""r00_c03""],""fair_cells"":[""r00_c00"",""r00_c01"",""r00_c02""],""poor_cells"":[],""severe_cells"":[""r00_c03""],""area_bins"":{""fair"":3,""poor"":0,""severe"":1},""row_condition_profile"":[4,0,0,0,0,0,0,0]}"
corr_10c689647f84ae2b,"{""affected_cells"":[""r00_c01"",""r00_c02"",""r00_c05"",""r00_c06"",""r00_c07"",""r01_c00"",""r01_c01"",""r01_c02"",""r01_c05"",""r01_c06"",""r01_c07"",""r02_c00"",""r02_c01"",""r02_c02"",""r02_c03"",""r02_c04"",""r02_c05"",""r02_c06"",""r02_c07"",""r03_c00"",""r03_c01"",""r03_c02"",""r03_c03"",""r03_c04"",""r03_c05"",""r03_c06"",""r03_c07"",""r04_c00"",""r04_c01"",""r04_c02"",""r04_c03"",""r04_c04"",""r04_c05"",""r04_c06"",""r04_c07"",""r05_c00"",""r05_c01"",""r05_c02"",""r05_c03"",""r05_c04"",""r05_c05"",""r05_c06"",""r05_c07"",""r06_c00"",""r06_c01"",""r06_c02"",""r06_c03"",""r06_c04"",""r06_c05"",""r06_c06"",""r06_c07""],""fair_cells"":[""r00_c01"",""r00_c02"",""r00_c05"",""r00_c06"",""r00_c07"",""r01_c00"",""r01_c01"",""r01_c02"",""r01_c05"",""r01_c06"",""r02_c00"",""r02_c01"",""r02_c02"",""r02_c03"",""r02_c04"",""r02_c05"",""r02_c06"",""r03_c02"",""r03_c03"",""r03_c04"",""r03_c05"",""r03_c06"",""r03_c07"",""r04_c04"",""r04_c05"",""r04_c06"",""r04_c07"",""r05_c05"",""r05_c06"",""r05_c07"",""r06_c06"",""r06_c07""],""poor_cells"":[""r00_c06"",""r00_c07"",""r01_c06"",""r01_c07"",""r02_c06"",""r02_c07"",""r03_c00"",""r03_c01"",""r03_c02"",""r03_c03"",""r03_c06"",""r03_c07"",""r04_c00"",""r04_c01"",""r04_c02"",""r04_c03"",""r04_c04"",""r04_c05"",""r04_c06"",""r04_c07"",""r05_c00"",""r05_c01"",""r05_c02"",""r05_c03"",""r05_c04"",""r05_c05"",""r05_c06"",""r05_c07"",""r06_c00"",""r06_c01"",""r06_c02"",""r06_c03"",""r06_c04"",""r06_c05"",""r06_c06"",""r06_c07""],""severe_cells"":[""r06_c06""],""area_bins"":{""fair"":4,""poor"":9,""severe"":1},""row_condition_profile"":[4,4,4,4,4,4,4,0]}"
corr_10d726edda9c56e6,"{""affected_cells"":[""r00_c04"",""r00_c05"",""r00_c06"",""r01_c04"",""r01_c05"",""r02_c03"",""r02_c04"",""r02_c05"",""r03_c03"",""r03_c04"",""r04_c03"",""r05_c02"",""r06_c02""],""fair_cells"":[""r00_c04"",""r00_c05"",""r00_c06"",""r01_c04"",""r01_c05"",""r02_c03"",""r02_c04"",""r02_c05"",""r03_c03"",""r03_c04"",""r04_c03"",""r05_c02"",""r06_c02""],""poor_cells"":[""r00_c04"",""r00_c05"",""r01_c05""],""severe_cells"":[],""area_bins"":{""fair"":5,""poor"":1,""severe"":0},""row_condition_profile"":[4,4,1,1,1,1,1,0]}"
corr_11660c0d209a9168,"{""affected_cells"":[""r06_c00""],""fair_cells"":[""r06_c00""],""poor_cells"":[],""severe_cells"":[],""area_bins"":{""fair"":2,""poor"":0,""severe"":0},""row_condition_profile"":[0,0,0,0,0,0,1,0]}"
corr_12172652aa7d0f5c,"{""affected_cells"":[""r01_c07"",""r02_c07"",""r03_c07"",""r04_c07"",""r05_c06"",""r05_c07"",""r06_c06"",""r06_c07""],""fair_cells"":[""r01_c07"",""r02_c07"",""r03_c07"",""r04_c07"",""r05_c06"",""r05_c07"",""r06_c06"",""r06_c07""],""poor_cells"":[],""severe_cells"":[],""area_bins"":{""fair"":4,""poor"":0,""severe"":0},""row_condition_profile"":[0,1,1,1,1,1,1,0]}"
corr_121f232c0e51e43a,"{""affected_cells"":[""r00_c00"",""r00_c01"",""r01_c00"",""r01_c01"",""r02_c00"",""r02_c01"",""r03_c00"",""r03_c01"",""r03_c02"",""r04_c00"",""r04_c01"",""r04_c02"",""r04_c03"",""r05_c00"",""r05_c01"",""r05_c02"",""r05_c03"",""r05_c05"",""r05_c06"",""r06_c00"",""r06_c01"",""r06_c02"",""r06_c03"",""r06_c05"",""r06_c06""],""fair_cells"":[""r00_c00"",""r00_c01"",""r01_c00"",""r01_c01"",""r02_c00"",""r02_c01"",""r03_c00"",""r03_c01"",""r04_c00"",""r04_c01"",""r05_c00""],""poor_cells"":[""r01_c01"",""r02_c01"",""r03_c01"",""r03_c02"",""r04_c00"",""r04_c01"",""r04_c02"",""r04_c03"",""r05_c00"",""r05_c01"",""r05_c02"",""r05_c03"",""r05_c05"",""r05_c06"",""r06_c00"",""r06_c01"",""r06_c02"",""r06_c03"",""r06_c05"",""r06_c06""],""severe_cells"":[],""area_bins"":{""fair"":6,""poor"":8,""severe"":0},""row_condition_profile"":[1,4,4,4,4,4,2,0]}"
corr_1224381d3427dcb9,"{""affected_cells"":[""r00_c00"",""r00_c01"",""r00_c02"",""r00_c03"",""r00_c04"",""r00_c05"",""r00_c06"",""r00_c07"",""r01_c00"",""r01_c01"",""r01_c02"",""r01_c03"",""r01_c04"",""r01_c05"",""r01_c06"",""r01_c07"",""r02_c00"",""r02_c01"",""r02_c02"",""r02_c03"",""r02_c04"",""r02_c05"",""r02_c06"",""r02_c07"",""r03_c00"",""r03_c01"",""r03_c02"",""r03_c03"",""r03_c04"",""r03_c05"",""r03_c06"",""r03_c07"",""r04_c06"",""r04_c07""],""fair_cells"":[""r00_c01"",""r00_c02"",""r00_c03"",""r00_c04"",""r00_c05"",""r00_c06"",""r00_c07"",""r03_c00""],""poor_cells"":[""r00_c00"",""r00_c01"",""r00_c02"",""r00_c03"",""r00_c04"",""r00_c05"",""r00_c06"",""r00_c07"",""r01_c00"",""r01_c01"",""r01_c02"",""r01_c03"",""r01_c04"",""r01_c05"",""r01_c06"",""r01_c07"",""r02_c00"",""r02_c01"",""r02_c02"",""r02_c03"",""r02_c04"",""r02_c05"",""r02_c06"",""r02_c07"",""r03_c00"",""r03_c01"",""r03_c02"",""r03_c03"",""r03_c04"",""r03_c05"",""r03_c06"",""r03_c07"",""r04_c06"",""r04_c07""],""severe_cells"":[],""area_bins"":{""fair"":3,""poor"":9,""severe"":0},""row_condition_profile"":[4,2,2,4,2,0,0,0]}"
corr_122cd8cdbb422666,"{""affected_cells"":[""r02_c05"",""r02_c06"",""r02_c07"",""r03_c03"",""r03_c04"",""r03_c05"",""r03_c06"",""r03_c07"",""r04_c01"",""r04_c02"",""r04_c03"",""r04_c04"",""r04_c05"",""r04_c06"",""r04_c07"",""r05_c00"",""r05_c01"",""r05_c02"",""r05_c03"",""r05_c04"",""r05_c05"",""r05_c06"",""r05_c07"",""r06_c00"",""r06_c01"",""r06_c02"",""r06_c03"",""r06_c04"",""r06_c05""],""fair_cells"":[""r02_c05"",""r02_c06"",""r02_c07"",""r03_c03"",""r03_c04"",""r03_c05"",""r03_c06"",""r03_c07"",""r04_c01"",""r04_c02"",""r04_c03"",""r04_c04"",""r04_c05"",""r04_c06"",""r04_c07"",""r05_c00"",""r05_c01"",""r05_c02"",""r05_c03"",""r05_c05"",""r05_c06"",""r05_c07"",""r06_c04"",""r06_c05""],""poor_cells"":[""r03_c06"",""r03_c07"",""r04_c03"",""r04_c04"",""r04_c05"",""r04_c06"",""r04_c07"",""r05_c01"",""r05_c02"",""r05_c03"",""r05_c04"",""r05_c05"",""r05_c06"",""r05_c07"",""r06_c00"",""r06_c01"",""r06_c02"",""r06_c03"",""r06_c04""],""severe_cells"":[],""area_bins"":{""fair"":8,""poor"":8,""severe"":0},""row_condition_profile"":[0,0,1,4,4,4,4,0]}"
corr_12987d96c998e539,"{""affected_cells"":[""r00_c00"",""r00_c01"",""r00_c02"",""r00_c03"",""r00_c04"",""r00_c05"",""r00_c06"",""r01_c00"",""r01_c01"",""r01_c02"",""r01_c03"",""r01_c04"",""r01_c05"",""r01_c06"",""r02_c00"",""r02_c01"",""r02_c02"",""r02_c03"",""r02_c04"",""r02_c05"",""r02_c06"",""r03_c00"",""r03_c01"",""r03_c02"",""r03_c03"",""r03_c04"",""r03_c05"",""r03_c06"",""r03_c07"",""r04_c00"",""r04_c01"",""r04_c02"",""r04_c03"",""r04_c04"",""r04_c05"",""r04_c06"",""r04_c07"",""r05_c00"",""r05_c01"",""r05_c02"",""r05_c03"",""r05_c04"",""r05_c05"",""r05_c06"",""r05_c07""],""fair_cells"":[""r00_c02"",""r00_c03"",""r00_c04"",""r00_c05"",""r00_c06"",""r01_c02"",""r01_c03"",""r01_c04"",""r01_c05"",""r01_c06"",""r02_c00"",""r02_c01"",""r02_c02"",""r02_c03"",""r02_c04"",""r02_c05"",""r02_c06"",""r03_c00"",""r03_c01"",""r03_c02"",""r03_c03"",""r03_c04"",""r03_c05"",""r03_c06"",""r03_c07"",""r04_c02"",""r04_c03"",""r04_c04"",""r04_c05"",""r04_c06"",""r04_c07"",""r05_c00"",""r05_c01"",""r05_c02"",""r05_c03"",""r05_c04"",""r05_c05"",""r05_c06"",""r05_c07""],""poor_cells"":[""r00_c00"",""r00_c01"",""r00_c02"",""r00_c03"",""r01_c00"",""r01_c01"",""r01_c02"",""r01_c03"",""r01_c04"",""r01_c05"",""r02_c00"",""r02_c04"",""r02_c05"",""r02_c06"",""r03_c00"",""r03_c01"",""r03_c02"",""r03_c03"",""r03_c04"",""r03_c05"",""r03_c06"",""r04_c00"",""r04_c01"",""r04_c02"",""r04_c03"",""r04_c04"",""r04_c05"",""r04_c06"",""r04_c07"",""r05_c00"",""r05_c01"",""r05_c02"",""r05_c03""],""severe_cells"":[],""area_bins"":{""fair"":9,""poor"":9,""severe"":0},""row_condition_profile"":[4,4,4,4,4,4,0,0]}"
corr_129b8fd77fcdee90,"{""affected_cells"":[""r00_c00"",""r00_c01"",""r00_c02"",""r00_c03"",""r00_c04"",""r00_c05"",""r00_c06"",""r00_c07"",""r01_c00"",""r01_c01"",""r01_c02"",""r01_c03"",""r01_c05"",""r01_c06"",""r01_c07"",""r02_c01"",""r02_c02"",""r02_c03"",""r02_c05"",""r02_c07"",""r03_c02"",""r03_c03"",""r03_c05"",""r03_c07"",""r04_c02"",""r04_c03"",""r04_c04"",""r04_c05"",""r04_c07"",""r05_c02"",""r05_c03"",""r05_c04"",""r05_c05"",""r05_c06"",""r05_c07"",""r06_c01"",""r06_c02"",""r06_c03"",""r06_c04"",""r06_c05"",""r06_c06"",""r06_c07""],""fair_cells"":[""r00_c00"",""r00_c01"",""r00_c02"",""r00_c03"",""r00_c04"",""r00_c05"",""r00_c06"",""r00_c07"",""r01_c00"",""r01_c01"",""r01_c02"",""r01_c03"",""r01_c05"",""r01_c06"",""r01_c07"",""r02_c01"",""r02_c02"",""r02_c03"",""r02_c05"",""r02_c07"",""r03_c02"",""r03_c03"",""r03_c05"",""r03_c07"",""r04_c02"",""r04_c03"",""r04_c04"",""r04_c05"",""r04_c07"",""r05_c02"",""r05_c03"",""r05_c04"",""r05_c05"",""r05_c06"",""r05_c07"",""r06_c01"",""r06_c02"",""r06_c03"",""r06_c04"",""r06_c05"",""r06_c06"",""r06_c07""],""poor_cells"":[""r00_c05"",""r00_c06"",""r05_c05"",""r06_c05"",""r06_c06"",""r06_c07""],""severe_cells"":[],""area_bins"":{""fair"":9,""poor"":6,""severe"":0},""row_condition_profile"":[4,1,1,1,1,4,4,0]}"
corr_1460e2d22718aeb6,"{""affected_cells"":[""r00_c00"",""r00_c01"",""r00_c02"",""r00_c03"",""r00_c04"",""r00_c06"",""r00_c07"",""r01_c00"",""r01_c01"",""r01_c04"",""r01_c05"",""r01_c06"",""r01_c07"",""r02_c02"",""r02_c03"",""r02_c04"",""r02_c05"",""r02_c06"",""r03_c01"",""r03_c02"",""r03_c03"",""r03_c04"",""r04_c00"",""r04_c01""],""fair_cells"":[""r00_c00"",""r00_c01"",""r00_c02"",""r00_c03"",""r00_c04"",""r00_c06"",""r00_c07"",""r01_c00"",""r01_c01"",""r01_c04"",""r01_c05"",""r01_c06"",""r01_c07"",""r02_c02"",""r02_c03"",""r02_c04"",""r02_c05"",""r02_c06"",""r03_c01"",""r03_c02"",""r03_c03"",""r03_c04"",""r04_c00"",""r04_c01""],""poor_cells"":[""r00_c00"",""r00_c01"",""r00_c02"",""r00_c03"",""r00_c04"",""r01_c00"",""r01_c01"",""r03_c01"",""r04_c00""],""severe_cells"":[],""area_bins"":{""fair"":4,""poor"":7,""severe"":0},""row_condition_profile"":[4,4,1,4,4,0,0,0]}"
corr_14f1c40e414b2ce6,"{""affected_cells"":[""r00_c00"",""r00_c01"",""r00_c02"",""r00_c03"",""r00_c04"",""r00_c05"",""r00_c06"",""r01_c00"",""r01_c01"",""r01_c02"",""r01_c03"",""r01_c04"",""r01_c05"",""r02_c00"",""r02_c01"",""r02_c02"",""r02_c03"",""r03_c00"",""r03_c01"",""r04_c00"",""r04_c01"",""r04_c02"",""r04_c03"",""r05_c00"",""r05_c01"",""r05_c02"",""r05_c03"",""r06_c00"",""r06_c01"",""r06_c02""],""fair_cells"":[""r00_c00"",""r00_c01"",""r00_c02"",""r00_c03"",""r00_c04"",""r00_c05"",""r00_c06"",""r01_c00"",""r01_c01"",""r01_c02"",""r01_c03"",""r01_c04"",""r01_c05"",""r02_c00""],""poor_cells"":[""r01_c00"",""r02_c00"",""r02_c01"",""r02_c02"",""r02_c03"",""r03_c00"",""r03_c01""],""severe_cells"":[""r00_c00"",""r00_c01"",""r01_c00"",""r01_c01"",""r04_c00"",""r04_c01"",""r04_c02"",""r04_c03"",""r05_c00"",""r05_c01"",""r05_c02"",""r05_c03"",""r06_c00"",""r06_c01"",""r06_c02""],""area_bins"":{""fair"":6,""poor"":9,""severe"":9},""row_condition_profile"":[4,4,4,2,3,3,3,0]}"
corr_1529cb13b7341ae2,"{""affected_cells"":[""r00_c03"",""r00_c04"",""r00_c05"",""r00_c06"",""r00_c07"",""r01_c00"",""r01_c01"",""r01_c02"",""r01_c05"",""r01_c07"",""r02_c00"",""r02_c01"",""r02_c02"",""r02_c03"",""r02_c04"",""r02_c05"",""r02_c06"",""r02_c07"",""r03_c04"",""r03_c07""],""fair_cells"":[""r00_c03"",""r00_c04"",""r00_c05"",""r00_c06"",""r00_c07"",""r01_c00"",""r01_c01"",""r01_c02"",""r01_c05"",""r01_c07"",""r02_c00"",""r02_c01"",""r02_c02"",""r02_c03"",""r02_c04"",""r02_c05"",""r02_c06"",""r02_c07"",""r03_c04"",""r03_c07""],""poor_cells"":[],""severe_cells"":[],""area_bins"":{""fair"":4,""poor"":0,""severe"":0},""row_condition_profile"":[1,1,1,1,0,0,0,0]}"
corr_167d395c12e1f174,"{""affected_cells"":[""r00_c03"",""r00_c04"",""r00_c05"",""r00_c07"",""r01_c02"",""r02_c01"",""r02_c02"",""r02_c03"",""r02_c04"",""r02_c05"",""r03_c01"",""r03_c02"",""r03_c03"",""r03_c04"",""r03_c05"",""r03_c06"",""r03_c07"",""r04_c03"",""r04_c04"",""r04_c05"",""r05_c06"",""r05_c07"",""r06_c07""],""fair_cells"":[""r00_c03"",""r00_c04"",""r00_c05"",""r00_c07"",""r01_c02"",""r02_c01"",""r02_c02"",""r02_c03"",""r02_c04"",""r02_c05"",""r03_c01"",""r03_c02"",""r03_c03"",""r03_c04"",""r03_c05"",""r03_c06"",""r03_c07"",""r04_c03"",""r04_c04"",""r04_c05"",""r05_c06"",""r05_c07"",""r06_c07""],""poor_cells"":[""r00_c04""],""severe_cells"":[],""area_bins"":{""fair"":7,""poor"":1,""severe"":0},""row_condition_profile"":[4,1,1,1,1,1,1,0]}"
corr_17a6d6903d274fe2,"{""affected_cells"":[""r00_c04"",""r00_c05"",""r01_c00"",""r01_c01"",""r01_c02"",""r01_c03"",""r01_c04"",""r01_c05"",""r02_c00"",""r02_c01"",""r02_c02"",""r02_c03"",""r02_c04"",""r02_c05"",""r02_c06"",""r02_c07"",""r03_c01"",""r03_c02"",""r03_c03"",""r03_c04"",""r03_c05"",""r03_c06"",""r03_c07"",""r04_c02""],""fair_cells"":[""r00_c04"",""r00_c05"",""r01_c00"",""r01_c01"",""r01_c02"",""r01_c03"",""r01_c04"",""r01_c05"",""r02_c00"",""r02_c01"",""r02_c02"",""r02_c03"",""r02_c04"",""r02_c05"",""r02_c06"",""r03_c01"",""r03_c02"",""r03_c03"",""r03_c04"",""r03_c05"",""r04_c02""],""poor_cells"":[""r02_c05"",""r02_c06"",""r02_c07"",""r03_c05"",""r03_c06"",""r03_c07""],""severe_cells"":[],""area_bins"":{""fair"":7,""poor"":7,""severe"":0},""row_condition_profile"":[1,1,4,4,1,0,0,0]}"
corr_181b15716d30b18f,"{""affected_cells"":[""r00_c04"",""r00_c05"",""r00_c06"",""r00_c07"",""r01_c00"",""r01_c01"",""r01_c02"",""r01_c03"",""r01_c04"",""r01_c05"",""r01_c06"",""r01_c07"",""r02_c00"",""r02_c01"",""r02_c02"",""r02_c03"",""r02_c04"",""r02_c05"",""r02_c06"",""r02_c07"",""r03_c00"",""r03_c01"",""r03_c02"",""r03_c03"",""r03_c04"",""r03_c05"",""r03_c06"",""r03_c07"",""r04_c00"",""r04_c01"",""r04_c02"",""r04_c03"",""r04_c04"",""r04_c05"",""r04_c06"",""r04_c07"",""r05_c00"",""r05_c01"",""r05_c02"",""r05_c03"",""r05_c04"",""r05_c05"",""r05_c07"",""r06_c00"",""r06_c01"",""r06_c02"",""r06_c03"",""r06_c04""],""fair_cells"":[""r00_c04"",""r00_c05"",""r00_c06"",""r00_c07"",""r01_c00"",""r01_c01"",""r01_c02"",""r01_c03"",""r01_c04"",""r01_c05"",""r02_c00"",""r02_c01"",""r02_c02"",""r02_c03"",""r02_c04"",""r03_c00"",""r03_c01"",""r03_c02"",""r03_c03"",""r04_c00"",""r04_c01""],""poor_cells"":[""r00_c06"",""r00_c07"",""r01_c04"",""r01_c05"",""r01_c06"",""r01_c07"",""r02_c02"",""r02_c03"",""r02_c04"",""r02_c05"",""r02_c06"",""r02_c07"",""r03_c02"",""r03_c03"",""r03_c04"",""r03_c05"",""r03_c06"",""r03_c07"",""r04_c00"",""r04_c01"",""r04_c02"",""r04_c03"",""r04_c04"",""r04_c05"",""r04_c06"",""r04_c07"",""r05_c00"",""r05_c01"",""r05_c02"",""r05_c03"",""r05_c04"",""r05_c05"",""r05_c07"",""r06_c00"",""r06_c01"",""r06_c02"",""r06_c03"",""r06_c04""],""severe_cells"":[],""area_bins"":{""fair"":7,""poor"":9,""severe"":0},""row_condition_profile"":[4,4,4,4,4,2,2,0]}"
corr_1830a886770b9d44,"{""affected_cells"":[""r00_c00"",""r00_c01"",""r00_c07"",""r01_c01"",""r01_c02"",""r01_c03"",""r01_c04"",""r01_c05"",""r01_c06"",""r01_c07"",""r02_c01"",""r02_c02"",""r02_c03"",""r02_c04"",""r02_c05"",""r02_c06"",""r02_c07"",""r03_c00"",""r03_c01"",""r03_c02"",""r03_c03"",""r03_c04"",""r03_c05"",""r03_c06"",""r03_c07"",""r04_c00"",""r04_c01"",""r04_c02"",""r04_c03"",""r04_c04"",""r04_c05"",""r04_c06"",""r04_c07"",""r05_c00"",""r05_c01"",""r05_c02"",""r05_c03"",""r05_c04"",""r05_c06"",""r05_c07"",""r06_c00"",""r06_c01"",""r06_c02"",""r06_c03"",""r06_c04""],""fair_cells"":[""r00_c00"",""r00_c01"",""r00_c07"",""r01_c01"",""r01_c02"",""r01_c03"",""r01_c04"",""r01_c05"",""r01_c06"",""r01_c07"",""r02_c01"",""r02_c02"",""r02_c03"",""r02_c04"",""r02_c05"",""r02_c06"",""r02_c07"",""r03_c00"",""r03_c01"",""r03_c02"",""r03_c03"",""r03_c04"",""r03_c05"",""r03_c06"",""r03_c07"",""r04_c00"",""r04_c01"",""r04_c02"",""r04_c03"",""r04_c04"",""r04_c05"",""r04_c06"",""r04_c07"",""r05_c00"",""r05_c01"",""r05_c02"",""r05_c04"",""r06_c00"",""r06_c01"",""r06_c02""],""poor_cells"":[""r00_c01"",""r01_c01"",""r01_c02"",""r02_c01"",""r02_c02"",""r03_c01"",""r03_c02"",""r03_c05"",""r04_c01"",""r04_c02"",""r04_c03"",""r04_c04"",""r04_c05"",""r04_c06"",""r04_c07"",""r05_c02"",""r05_c03"",""r05_c04"",""r05_c06"",""r05_c07"",""r06_c01"",""r06_c02"",""r06_c03"",""r06_c04""],""severe_cells"":[],""area_bins"":{""fair"":9,""poor"":8,""severe"":0},""row_condition_profile"":[4,4,4,4,4,4,4,0]}"
corr_186b07f2add01eaf,"{""affected_cells"":[""r00_c00"",""r01_c00"",""r02_c00"",""r03_c00"",""r03_c07"",""r04_c00"",""r04_c01"",""r04_c02"",""r04_c03"",""r04_c04"",""r04_c05"",""r04_c06"",""r04_c07"",""r05_c00"",""r05_c01"",""r05_c02"",""r05_c03"",""r05_c04"",""r06_c00"",""r06_c01"",""r06_c02"",""r06_c03"",""r06_c04""],""fair_cells"":[""r00_c00"",""r01_c00"",""r02_c00"",""r03_c00"",""r03_c07"",""r04_c00"",""r04_c01"",""r04_c02"",""r04_c03"",""r04_c04"",""r04_c05"",""r04_c06"",""r04_c07"",""r05_c00""],""poor_cells"":[""r04_c00"",""r04_c02"",""r04_c03"",""r04_c04"",""r05_c00"",""r05_c01"",""r05_c02"",""r05_c03"",""r05_c04"",""r06_c00"",""r06_c01"",""r06_c02"",""r06_c03"",""r06_c04""],""severe_cells"":[],""area_bins"":{""fair"":5,""poor"":7,""severe"":0},""row_condition_profile"":[1,1,1,1,4,4,2,0]}"
corr_1887b0c15ce02c70,"{""affected_cells"":[""r00_c04"",""r00_c05"",""r00_c06"",""r00_c07"",""r01_c00"",""r01_c01"",""r01_c02"",""r01_c03"",""r01_c04"",""r01_c05"",""r01_c06"",""r01_c07"",""r02_c00"",""r02_c01"",""r02_c02"",""r02_c03"",""r02_c04"",""r02_c05"",""r02_c06"",""r02_c07"",""r03_c04"",""r03_c05"",""r03_c06"",""r03_c07""],""fair_cells"":[""r00_c04"",""r00_c05"",""r00_c07"",""r01_c00"",""r01_c01"",""r01_c02"",""r01_c03"",""r01_c04"",""r01_c05"",""r01_c07"",""r02_c00"",""r02_c01"",""r02_c02"",""r02_c03"",""r02_c04"",""r02_c05""],""poor_cells"":[""r00_c05"",""r00_c06"",""r00_c07"",""r01_c05"",""r01_c06"",""r01_c07"",""r02_c05"",""r02_c06"",""r02_c07"",""r03_c04"",""r03_c05"",""r03_c06"",""r03_c07""],""severe_cells"":[],""area_bins"":{""fair"":6,""poor"":9,""severe"":0},""row_condition_profile"":[4,4,4,2,0,0,0,0]}"
corr_1978204e5690db68,"{""affected_cells"":[""r00_c03"",""r00_c04"",""r00_c05"",""r01_c01"",""r01_c02"",""r01_c03"",""r01_c04"",""r01_c05"",""r02_c00"",""r02_c01"",""r02_c02"",""r02_c03"",""r03_c00"",""r03_c01""],""fair_cells"":[""r00_c03"",""r00_c04"",""r00_c05"",""r01_c01"",""r01_c02"",""r01_c03"",""r01_c04"",""r01_c05"",""r02_c00"",""r02_c01"",""r02_c02"",""r02_c03"",""r03_c00"",""r03_c01""],""poor_cells"":[""r01_c02"",""r01_c03"",""r01_c04"",""r02_c00"",""r02_c01"",""r02_c02"",""r02_c03"",""r03_c00"",""r03_c01""],""severe_cells"":[],""area_bins"":{""fair"":3,""poor"":5,""severe"":0},""row_condition_profile"":[1,4,4,4,0,0,0,0]}"
corr_19cb627b3417bf55,"{""affected_cells"":[""r00_c00"",""r00_c01"",""r00_c02"",""r00_c03"",""r00_c04"",""r00_c05"",""r01_c00"",""r01_c02"",""r01_c03"",""r01_c04"",""r01_c05"",""r01_c06"",""r02_c02"",""r02_c03"",""r02_c04"",""r02_c05"",""r02_c06"",""r03_c02"",""r03_c03"",""r03_c04"",""r03_c05"",""r03_c06"",""r04_c02"",""r04_c03"",""r04_c04"",""r04_c05"",""r04_c06""],""fair_cells"":[""r00_c04"",""r00_c05""],""poor_cells"":[""r00_c00"",""r00_c01"",""r00_c02"",""r00_c03"",""r00_c04"",""r00_c05"",""r01_c00"",""r01_c03"",""r01_c04"",""r01_c05"",""r01_c06"",""r02_c04"",""r02_c05"",""r02_c06"",""r03_c06"",""r04_c05"",""r04_c06""],""severe_cells"":[""r00_c02"",""r00_c03"",""r00_c04"",""r01_c02"",""r01_c03"",""r01_c04"",""r02_c02"",""r02_c03"",""r02_c04"",""r03_c02"",""r03_c03"",""r03_c04"",""r03_c05"",""r04_c02"",""r04_c03"",""r04_c04"",""r04_c05""],""area_bins"":{""fair"":1,""poor"":9,""severe"":9},""row_condition_profile"":[4,4,4,4,4,0,0,0]}"
corr_1a0fc3f722071d27,"{""affected_cells"":[""r00_c02"",""r00_c03"",""r00_c04"",""r00_c05"",""r01_c05"",""r01_c06"",""r01_c07"",""r02_c06"",""r02_c07"",""r03_c07"",""r04_c07"",""r05_c07""],""fair_cells"":[""r00_c02"",""r00_c03"",""r00_c04"",""r00_c05"",""r01_c05"",""r01_c06"",""r02_c07"",""r03_c07"",""r04_c07"",""r05_c07""],""poor_cells"":[""r01_c05"",""r01_c06"",""r01_c07"",""r02_c06"",""r02_c07""],""severe_cells"":[],""area_bins"":{""fair"":2,""poor"":4,""severe"":0},""row_condition_profile"":[1,4,4,1,1,1,0,0]}"
corr_1a5c8ec3d88e2f75,"{""affected_cells"":[""r03_c02"",""r03_c03"",""r04_c07"",""r05_c00"",""r05_c01"",""r05_c02"",""r05_c04"",""r05_c05"",""r05_c07"",""r06_c04"",""r06_c05"",""r06_c06"",""r06_c07""],""fair_cells"":[""r03_c02"",""r03_c03"",""r04_c07"",""r05_c00"",""r05_c01"",""r05_c02"",""r05_c04"",""r05_c05"",""r05_c07"",""r06_c04"",""r06_c05"",""r06_c06"",""r06_c07""],""poor_cells"":[],""severe_cells"":[],""area_bins"":{""fair"":5,""poor"":0,""severe"":0},""row_condition_profile"":[0,0,0,1,1,1,1,0]}"
corr_1ae08be213385738,"{""affected_cells"":[""r00_c06"",""r00_c07"",""r01_c06"",""r01_c07"",""r02_c06"",""r02_c07"",""r03_c06"",""r03_c07"",""r04_c06"",""r04_c07"",""r05_c07""],""fair_cells"":[""r00_c06"",""r00_c07"",""r01_c06"",""r01_c07"",""r02_c07"",""r03_c07""],""poor_cells"":[""r00_c06"",""r02_c06"",""r02_c07"",""r03_c06"",""r03_c07"",""r04_c06"",""r04_c07"",""r05_c07""],""severe_cells"":[],""area_bins"":{""fair"":6,""poor"":7,""severe"":0},""row_condition_profile"":[4,1,4,4,2,2,0,0]}"
corr_1b630aa7078c5352,"{""affected_cells"":[""r00_c01"",""r00_c02"",""r00_c03"",""r00_c04"",""r00_c05"",""r00_c06"",""r00_c07"",""r01_c02"",""r01_c03"",""r01_c04"",""r01_c05"",""r01_c06"",""r01_c07"",""r02_c02"",""r02_c03"",""r02_c04"",""r02_c05"",""r02_c06"",""r02_c07"",""r03_c03"",""r03_c04"",""r03_c05"",""r03_c06"",""r03_c07"",""r04_c04"",""r04_c05"",""r04_c06"",""r04_c07"",""r05_c06"",""r05_c07""],""fair_cells"":[""r00_c01"",""r00_c02"",""r00_c03"",""r00_c04"",""r00_c05"",""r00_c06"",""r00_c07"",""r01_c02"",""r01_c03"",""r01_c04"",""r01_c05"",""r01_c06"",""r01_c07"",""r02_c02"",""r02_c03"",""r02_c04"",""r02_c05"",""r02_c06"",""r02_c07"",""r03_c03"",""r03_c04"",""r03_c05"",""r03_c06"",""r03_c07"",""r04_c04"",""r04_c05"",""r04_c06"",""r04_c07"",""r05_c06"",""r05_c07""],""poor_cells"":[""r00_c04"",""r00_c05"",""r00_c06"",""r00_c07"",""r01_c05"",""r01_c06"",""r02_c05"",""r02_c06""],""severe_cells"":[],""area_bins"":{""fair"":9,""poor"":6,""severe"":0},""row_condition_profile"":[4,4,4,1,1,1,0,0]}"
corr_1bdd9d1fb12ac7d7,"{""affected_cells"":[""r00_c07"",""r01_c05"",""r01_c06"",""r01_c07"",""r02_c03"",""r02_c04"",""r02_c05"",""r03_c03"",""r03_c05"",""r04_c05""],""fair_cells"":[""r00_c07"",""r01_c05"",""r01_c06"",""r01_c07"",""r02_c03"",""r02_c04"",""r02_c05"",""r03_c03"",""r03_c05"",""r04_c05""],""poor_cells"":[""r00_c07""],""severe_cells"":[],""area_bins"":{""fair"":6,""poor"":1,""severe"":0},""row_condition_profile"":[4,1,1,1,1,0,0,0]}"
corr_1c91f4d502fc5f28,"{""affected_cells"":[""r01_c06"",""r01_c07"",""r02_c06"",""r02_c07"",""r03_c05"",""r03_c06"",""r03_c07"",""r04_c03"",""r04_c04"",""r04_c05"",""r04_c06"",""r04_c07"",""r05_c03"",""r05_c04"",""r05_c05"",""r05_c06"",""r05_c07"",""r06_c04"",""r06_c05"",""r06_c06"",""r06_c07""],""fair_cells"":[""r01_c06"",""r01_c07"",""r02_c06"",""r02_c07"",""r03_c05"",""r03_c06"",""r03_c07"",""r04_c03"",""r04_c04"",""r04_c05"",""r04_c06"",""r05_c03"",""r05_c04"",""r05_c05"",""r06_c04"",""r06_c05"",""r06_c06"",""r06_c07""],""poor_cells"":[""r03_c06"",""r03_c07"",""r04_c05"",""r04_c06"",""r04_c07"",""r05_c04"",""r05_c05"",""r05_c06"",""r05_c07"",""r06_c05"",""r06_c06"",""r06_c07""],""severe_cells"":[],""area_bins"":{""fair"":6,""poor"":8,""severe"":0},""row_condition_profile"":[0,1,1,4,4,4,4,0]}"
corr_1cb542c44f7b0587,"{""affected_cells"":[""r00_c05"",""r00_c06"",""r00_c07"",""r01_c06"",""r01_c07"",""r02_c06"",""r02_c07"",""r03_c05"",""r03_c06"",""r03_c07"",""r04_c05"",""r04_c06"",""r04_c07""],""fair_cells"":[""r00_c05"",""r00_c06"",""r00_c07"",""r01_c06"",""r01_c07"",""r02_c06"",""r02_c07"",""r03_c05"",""r03_c06"",""r04_c05""],""poor_cells"":[""r02_c06"",""r02_c07"",""r03_c06"",""r03_c07"",""r04_c05"",""r04_c06"",""r04_c07""],""severe_cells"":[],""area_bins"":{""fair"":5,""poor"":7,""severe"":0},""row_condition_profile"":[1,1,4,4,4,0,0,0]}"
corr_1d61ad4f2b14dcc3,"{""affected_cells"":[""r00_c07"",""r01_c06"",""r01_c07"",""r02_c05"",""r02_c06"",""r02_c07"",""r03_c06"",""r03_c07"",""r04_c07"",""r05_c07"",""r06_c07""],""fair_cells"":[""r05_c07"",""r06_c07""],""poor_cells"":[""r00_c07"",""r01_c06"",""r01_c07"",""r02_c05"",""r02_c06"",""r02_c07"",""r03_c06"",""r03_c07"",""r04_c07""],""severe_cells"":[],""area_bins"":{""fair"":1,""poor"":3,""severe"":0},""row_condition_profile"":[2,2,2,2,2,1,1,0]}"
corr_1dfd6c13582fb25e,"{""affected_cells"":[""r01_c01"",""r02_c00"",""r05_c00"",""r06_c00"",""r06_c01""],""fair_cells"":[""r01_c01"",""r02_c00"",""r05_c00"",""r06_c00"",""r06_c01""],""poor_cells"":[],""severe_cells"":[],""area_bins"":{""fair"":5,""poor"":0,""severe"":0},""row_condition_profile"":[0,1,1,0,0,1,1,0]}"
corr_1e052685fe3bff99,"{""affected_cells"":[""r00_c00"",""r00_c02"",""r00_c03"",""r01_c00"",""r01_c01"",""r01_c02"",""r01_c03"",""r02_c02"",""r02_c03"",""r03_c00"",""r03_c01"",""r03_c02"",""r04_c00"",""r04_c01"",""r04_c02"",""r04_c03"",""r05_c00"",""r05_c01"",""r05_c02"",""r06_c01"",""r06_c02""],""fair_cells"":[""r00_c02"",""r00_c03"",""r01_c02"",""r01_c03"",""r02_c02"",""r02_c03"",""r03_c00"",""r03_c01"",""r03_c02"",""r04_c00"",""r04_c01"",""r04_c02"",""r04_c03"",""r05_c00"",""r05_c01"",""r05_c02"",""r06_c01"",""r06_c02""],""poor_cells"":[""r00_c00"",""r01_c00"",""r01_c01"",""r01_c02"",""r02_c02""],""severe_cells"":[],""area_bins"":{""fair"":2,""poor"":1,""severe"":0},""row_condition_profile"":[4,4,4,1,1,1,1,0]}"
corr_1ecfcad95150b262,"{""affected_cells"":[""r00_c00"",""r00_c04"",""r01_c00"",""r01_c04"",""r02_c04"",""r03_c02"",""r03_c04"",""r03_c06"",""r03_c07"",""r04_c01"",""r04_c02"",""r04_c03"",""r04_c04"",""r04_c05"",""r04_c06"",""r04_c07"",""r05_c00"",""r05_c01"",""r05_c02"",""r05_c03"",""r05_c04"",""r05_c05"",""r05_c06"",""r05_c07"",""r06_c01"",""r06_c02"",""r06_c03"",""r06_c04"",""r06_c05""],""fair_cells"":[""r00_c00"",""r00_c04"",""r01_c00"",""r01_c04"",""r02_c04"",""r03_c02"",""r03_c04"",""r03_c06"",""r03_c07"",""r04_c01"",""r04_c02"",""r04_c03"",""r04_c04"",""r04_c05"",""r04_c06"",""r05_c00"",""r05_c01"",""r05_c02"",""r05_c03"",""r05_c04"",""r05_c05"",""r05_c06"",""r06_c01"",""r06_c02"",""r06_c03"",""r06_c04"",""r06_c05""],""poor_cells"":[""r02_c04"",""r03_c02"",""r03_c04"",""r03_c06"",""r03_c07"",""r04_c01"",""r04_c02"",""r04_c03"",""r04_c04"",""r04_c06"",""r04_c07"",""r05_c01"",""r05_c02"",""r05_c03"",""r05_c04"",""r05_c05"",""r05_c06"",""r05_c07"",""r06_c03"",""r06_c04"",""r06_c05""],""severe_cells"":[],""area_bins"":{""fair"":6,""poor"":7,""severe"":0},""row_condition_profile"":[1,1,4,4,4,4,4,0]}"
corr_2040337f634c8268,"{""affected_cells"":[""r00_c03"",""r00_c04"",""r00_c05"",""r01_c04""],""fair_cells"":[""r00_c03"",""r00_c04"",""r00_c05"",""r01_c04""],""poor_cells"":[],""severe_cells"":[],""area_bins"":{""fair"":2,""poor"":0,""severe"":0},""row_condition_profile"":[1,1,0,0,0,0,0,0]}"
corr_211aab7b3afd1ebb,"{""affected_cells"":[""r00_c00"",""r00_c01"",""r00_c06"",""r00_c07"",""r01_c00"",""r01_c01"",""r01_c06"",""r01_c07"",""r02_c00"",""r02_c01"",""r02_c06"",""r02_c07"",""r03_c00"",""r03_c01"",""r03_c02"",""r03_c06"",""r03_c07"",""r04_c00"",""r04_c02"",""r04_c06"",""r04_c07"",""r05_c00"",""r05_c02"",""r05_c03"",""r05_c04"",""r05_c05"",""r05_c06"",""r05_c07"",""r06_c00"",""r06_c01"",""r06_c02"",""r06_c03"",""r06_c04"",""r06_c05"",""r06_c06"",""r06_c07""],""fair_cells"":[""r00_c00"",""r00_c01"",""r00_c06"",""r00_c07"",""r01_c00"",""r01_c01"",""r01_c06"",""r01_c07"",""r02_c00"",""r02_c01"",""r02_c06"",""r02_c07"",""r03_c00"",""r03_c01"",""r03_c02"",""r03_c06"",""r03_c07"",""r04_c00"",""r04_c02"",""r04_c06"",""r04_c07"",""r05_c00"",""r05_c02"",""r05_c03"",""r05_c04"",""r05_c05"",""r05_c06"",""r05_c07"",""r06_c00"",""r06_c01"",""r06_c02"",""r06_c03"",""r06_c04"",""r06_c05"",""r06_c06"",""r06_c07""],""poor_cells"":[""r00_c01"",""r01_c01"",""r02_c01"",""r04_c00"",""r05_c00"",""r06_c00""],""severe_cells"":[],""area_bins"":{""fair"":9,""poor"":5,""severe"":0},""row_condition_profile"":[4,4,4,1,4,4,4,0]}"
corr_2215398359d3e63a,"{""affected_cells"":[""r00_c06"",""r01_c06"",""r01_c07"",""r02_c06"",""r02_c07"",""r03_c06"",""r03_c07"",""r04_c06"",""r04_c07"",""r05_c06"",""r05_c07"",""r06_c06"",""r06_c07""],""fair_cells"":[""r00_c06"",""r01_c06"",""r01_c07"",""r02_c06"",""r02_c07"",""r03_c06"",""r03_c07"",""r04_c06"",""r04_c07"",""r05_c06"",""r05_c07"",""r06_c06"",""r06_c07""],""poor_cells"":[],""severe_cells"":[],""area_bins"":{""fair"":3,""poor"":0,""severe"":0},""row_condition_profile"":[1,1,1,1,1,1,1,0]}"
corr_2242a69fd8786689,"{""affected_cells"":[""r00_c01"",""r00_c02"",""r01_c01"",""r02_c01"",""r02_c02"",""r03_c00"",""r03_c01"",""r03_c02"",""r03_c03"",""r04_c04""],""fair_cells"":[""r00_c01"",""r00_c02"",""r01_c01"",""r02_c01"",""r02_c02"",""r03_c00"",""r03_c01"",""r03_c02"",""r03_c03"",""r04_c04""],""poor_cells"":[],""severe_cells"":[],""area_bins"":{""fair"":4,""poor"":0,""severe"":0},""row_condition_profile"":[1,1,1,1,1,0,0,0]}"
corr_2260e281e09e1b71,"{""affected_cells"":[""r00_c06"",""r00_c07"",""r01_c06"",""r01_c07"",""r02_c06"",""r02_c07"",""r03_c06"",""r04_c06"",""r04_c07"",""r05_c06"",""r05_c07"",""r06_c07""],""fair_cells"":[""r00_c06"",""r00_c07"",""r01_c06"",""r01_c07"",""r02_c06"",""r02_c07"",""r03_c06"",""r04_c06"",""r04_c07"",""r05_c06"",""r05_c07"",""r06_c07""],""poor_cells"":[],""severe_cells"":[],""area_bins"":{""fair"":4,""poor"":0,""severe"":0},""row_condition_profile"":[1,1,1,1,1,1,1,0]}"
corr_2288662568724597,"{""affected_cells"":[""r00_c00"",""r00_c01"",""r00_c02"",""r00_c03"",""r01_c00"",""r01_c02"",""r01_c03"",""r02_c06"",""r02_c07"",""r03_c07"",""r04_c01"",""r04_c02"",""r04_c03"",""r04_c04"",""r04_c05"",""r04_c06"",""r04_c07"",""r05_c00"",""r05_c01"",""r05_c02"",""r05_c03"",""r05_c04"",""r05_c05"",""r05_c06"",""r05_c07"",""r06_c00"",""r06_c07""],""fair_cells"":[""r00_c00"",""r00_c01"",""r00_c02"",""r00_c03"",""r01_c00"",""r01_c02"",""r01_c03"",""r02_c06"",""r02_c07"",""r03_c07"",""r04_c02"",""r04_c07""],""poor_cells"":[""r04_c01"",""r04_c02"",""r04_c03"",""r04_c04"",""r04_c05"",""r04_c06"",""r04_c07"",""r05_c00"",""r05_c01"",""r05_c02"",""r05_c03"",""r05_c04"",""r05_c05"",""r05_c06"",""r05_c07"",""r06_c00"",""r06_c07""],""severe_cells"":[],""area_bins"":{""fair"":6,""poor"":9,""severe"":0},""row_condition_profile"":[1,1,1,1,4,2,2,0]}"
corr_229905568aadf87f,"{""affected_cells"":[""r00_c00"",""r00_c01"",""r00_c02"",""r00_c03"",""r01_c00"",""r01_c01"",""r01_c02"",""r01_c03"",""r01_c04"",""r02_c00"",""r02_c01"",""r02_c02"",""r02_c03"",""r02_c04"",""r02_c05"",""r02_c06"",""r03_c00"",""r03_c01"",""r03_c02"",""r03_c03"",""r03_c04"",""r03_c05"",""r03_c06"",""r03_c07"",""r04_c00"",""r04_c01"",""r04_c02"",""r04_c03"",""r04_c04"",""r04_c05"",""r04_c06"",""r04_c07"",""r05_c00"",""r05_c01"",""r05_c02"",""r05_c03"",""r05_c04"",""r05_c05"",""r05_c06"",""r05_c07"",""r06_c02"",""r06_c03"",""r06_c04"",""r06_c05"",""r06_c06"",""r06_c07""],""fair_cells"":[""r00_c00"",""r00_c01"",""r00_c02"",""r00_c03"",""r01_c00"",""r01_c01"",""r01_c02"",""r01_c03"",""r01_c04"",""r02_c01"",""r02_c02"",""r02_c03"",""r02_c04"",""r02_c05"",""r02_c06"",""r03_c03"",""r03_c04"",""r03_c05"",""r03_c06"",""r03_c07""],""poor_cells"":[""r01_c00"",""r01_c01"",""r02_c00"",""r02_c01"",""r02_c02"",""r02_c03"",""r03_c00"",""r03_c01"",""r03_c02"",""r03_c03"",""r03_c04"",""r03_c05"",""r03_c06"",""r03_c07"",""r04_c00"",""r04_c01"",""r04_c02"",""r04_c03"",""r04_c04"",""r04_c05"",""r04_c06"",""r04_c07"",""r05_c00"",""r05_c01"",""r05_c02"",""r05_c03"",""r05_c04"",""r05_c05"",""r05_c06"",""r05_c07"",""r06_c02"",""r06_c03"",""r06_c04"",""r06_c05"",""r06_c06"",""r06_c07""],""severe_cells"":[],""area_bins"":{""fair"":9,""poor"":9,""severe"":0},""row_condition_profile"":[1,4,4,4,2,2,2,0]}"
corr_237259518623fd54,"{""affected_cells"":[""r00_c00"",""r00_c03"",""r00_c04"",""r00_c05"",""r00_c06"",""r00_c07"",""r01_c00"",""r01_c03"",""r01_c04"",""r01_c05"",""r02_c03"",""r02_c04"",""r02_c05"",""r03_c04"",""r03_c05""],""fair_cells"":[""r00_c00"",""r00_c03"",""r00_c04"",""r00_c05"",""r00_c06"",""r00_c07"",""r01_c00"",""r01_c03"",""r01_c04"",""r01_c05"",""r02_c03"",""r02_c04"",""r02_c05"",""r03_c04"",""r03_c05""],""poor_cells"":[],""severe_cells"":[],""area_bins"":{""fair"":4,""poor"":0,""severe"":0},""row_condition_profile"":[1,1,1,1,0,0,0,0]}"
corr_23ab0ebc92181c82,"{""affected_cells"":[""r00_c00"",""r00_c01"",""r00_c02"",""r00_c03"",""r00_c04"",""r00_c05"",""r00_c06"",""r00_c07"",""r01_c00"",""r01_c01"",""r01_c02"",""r01_c03"",""r01_c04"",""r01_c05"",""r01_c06"",""r01_c07"",""r02_c00"",""r02_c01"",""r02_c02"",""r02_c03"",""r02_c04"",""r02_c05"",""r02_c06"",""r02_c07"",""r03_c00"",""r03_c01"",""r03_c02"",""r03_c03"",""r03_c04"",""r03_c05"",""r03_c06"",""r03_c07"",""r04_c00"",""r04_c01"",""r04_c02"",""r04_c03"",""r04_c05"",""r04_c06"",""r04_c07"",""r05_c00"",""r05_c01"",""r05_c02"",""r05_c06"",""r05_c07"",""r06_c00"",""r06_c01""],""fair_cells"":[""r00_c03"",""r00_c04"",""r00_c05"",""r01_c03"",""r01_c04"",""r01_c05"",""r02_c03"",""r02_c04"",""r02_c05"",""r02_c06"",""r02_c07"",""r03_c03"",""r03_c04"",""r03_c05"",""r03_c06"",""r03_c07"",""r04_c05"",""r04_c06"",""r04_c07"",""r05_c06"",""r05_c07""],""poor_cells"":[""r00_c00"",""r00_c01"",""r00_c02"",""r00_c03"",""r00_c05"",""r00_c06"",""r00_c07"",""r01_c00"",""r01_c01"",""r01_c02"",""r01_c03"",""r01_c05"",""r01_c06"",""r01_c07"",""r02_c00"",""r02_c01"",""r02_c02"",""r03_c00"",""r03_c01"",""r03_c02"",""r03_c03"",""r04_c00"",""r04_c01"",""r04_c02"",""r04_c03"",""r05_c00"",""r05_c01"",""r05_c02"",""r06_c00"",""r06_c01""],""severe_cells"":[],""area_bins"":{""fair"":9,""poor"":9,""severe"":0},""row_condition_profile"":[4,4,4,4,4,4,2,0]}"
corr_2441d41a2c07265b,"{""affected_cells"":[""r00_c02"",""r00_c03"",""r00_c05"",""r01_c02"",""r01_c03"",""r01_c05"",""r02_c02"",""r02_c03"",""r02_c04"",""r02_c05"",""r02_c06"",""r02_c07"",""r03_c00"",""r03_c01"",""r03_c02"",""r03_c03"",""r03_c04"",""r03_c05"",""r03_c06"",""r03_c07"",""r04_c00"",""r04_c01"",""r04_c02"",""r04_c03"",""r04_c04"",""r04_c05"",""r04_c06"",""r04_c07"",""r05_c04"",""r05_c05"",""r05_c06"",""r05_c07"",""r06_c05"",""r06_c06"",""r06_c07""],""fair_cells"":[""r00_c02"",""r00_c03"",""r00_c05"",""r01_c02"",""r01_c03"",""r01_c05"",""r02_c02"",""r02_c03"",""r02_c04"",""r02_c05"",""r02_c06"",""r02_c07"",""r03_c00"",""r03_c01"",""r03_c02"",""r03_c03"",""r03_c04"",""r03_c05"",""r03_c06"",""r03_c07"",""r04_c00"",""r04_c03"",""r04_c04"",""r04_c05"",""r04_c06"",""r04_c07"",""r05_c04"",""r05_c05"",""r05_c06"",""r05_c07"",""r06_c05"",""r06_c06"",""r06_c07""],""poor_cells"":[""r03_c00"",""r03_c01"",""r03_c02"",""r04_c00"",""r04_c01"",""r04_c02"",""r04_c03"",""r04_c04""],""severe_cells"":[],""area_bins"":{""fair"":9,""poor"":5,""severe"":0},""row_condition_profile"":[1,1,1,4,4,1,1,0]}"
corr_245ada8f426ca1d1,"{""affected_cells"":[""r00_c00"",""r00_c01"",""r00_c02"",""r00_c03"",""r00_c04"",""r00_c05"",""r00_c06"",""r00_c07"",""r01_c00"",""r01_c01"",""r01_c02"",""r01_c03"",""r01_c04"",""r01_c05"",""r01_c06"",""r02_c00"",""r02_c01"",""r02_c02"",""r02_c03"",""r02_c04"",""r02_c05"",""r02_c06"",""r03_c05"",""r03_c06"",""r04_c05"",""r04_c06"",""r05_c05"",""r05_c06"",""r06_c05""],""fair_cells"":[""r00_c04"",""r00_c05"",""r00_c06"",""r00_c07"",""r01_c05"",""r01_c06"",""r02_c05"",""r02_c06"",""r03_c05"",""r03_c06"",""r04_c05""],""poor_cells"":[""r00_c00"",""r00_c01"",""r00_c02"",""r00_c03"",""r00_c04"",""r00_c05"",""r00_c06"",""r01_c00"",""r01_c01"",""r01_c02"",""r01_c03"",""r01_c04"",""r01_c05"",""r01_c06"",""r02_c00"",""r02_c01"",""r02_c02"",""r02_c03"",""r02_c04"",""r02_c05"",""r03_c05"",""r04_c05"",""r04_c06"",""r05_c05"",""r05_c06"",""r06_c05""],""severe_cells"":[],""area_bins"":{""fair"":6,""poor"":9,""severe"":0},""row_condition_profile"":[4,4,4,4,4,2,2,0]}"
corr_24f2f7c10ceb6870,"{""affected_cells"":[""r00_c01"",""r01_c00"",""r01_c01"",""r02_c00"",""r02_c01"",""r02_c02"",""r02_c03"",""r03_c00"",""r03_c01"",""r03_c02"",""r03_c03"",""r03_c04"",""r03_c05"",""r03_c06"",""r04_c00"",""r04_c01"",""r04_c02"",""r04_c03"",""r04_c04"",""r04_c05"",""r04_c06"",""r04_c07"",""r05_c00"",""r05_c01"",""r05_c02"",""r05_c03"",""r05_c04"",""r06_c00"",""r06_c01"",""r06_c02"",""r06_c03""],""fair_cells"":[""r00_c01"",""r01_c00"",""r01_c01"",""r02_c00"",""r02_c01"",""r02_c02"",""r02_c03"",""r03_c00"",""r03_c01"",""r03_c02"",""r03_c03"",""r03_c04"",""r03_c05"",""r03_c06"",""r04_c00"",""r04_c01"",""r04_c04"",""r04_c05"",""r04_c06"",""r04_c07""],""poor_cells"":[""r03_c01"",""r03_c02"",""r03_c03"",""r04_c00"",""r04_c01"",""r04_c02"",""r04_c03"",""r04_c04"",""r05_c00"",""r05_c01"",""r05_c02"",""r05_c03"",""r05_c04"",""r06_c00"",""r06_c01"",""r06_c02"",""r06_c03""],""severe_cells"":[""r04_c00"",""r04_c01"",""r04_c02"",""r04_c03"",""r05_c00"",""r05_c01"",""r05_c02"",""r05_c03""],""area_bins"":{""fair"":7,""poor"":8,""severe"":1},""row_condition_profile"":[1,1,1,4,4,4,2,0]}"
corr_24fc968a5f96b2a0,"{""affected_cells"":[""r02_c02"",""r02_c03"",""r03_c02"",""r03_c03"",""r04_c03""],""fair_cells"":[""r02_c02"",""r02_c03"",""r03_c02"",""r03_c03"",""r04_c03""],""poor_cells"":[],""severe_cells"":[],""area_bins"":{""fair"":4,""poor"":0,""severe"":0},""row_condition_profile"":[0,0,1,1,1,0,0,0]}"
corr_25444af6f82350d0,"{""affected_cells"":[""r00_c07"",""r01_c05"",""r01_c06"",""r01_c07"",""r02_c03"",""r02_c04"",""r02_c05"",""r03_c02"",""r03_c03"",""r03_c04"",""r04_c00"",""r05_c00"",""r05_c01"",""r05_c02"",""r05_c03"",""r05_c06"",""r05_c07"",""r06_c00"",""r06_c01"",""r06_c02"",""r06_c03"",""r06_c06""],""fair_cells"":[""r00_c07"",""r02_c03"",""r02_c04"",""r03_c02"",""r03_c03"",""r03_c04"",""r04_c00"",""r05_c00"",""r05_c01"",""r05_c02"",""r05_c03"",""r05_c06"",""r05_c07"",""r06_c00"",""r06_c01"",""r06_c02"",""r06_c03"",""r06_c06""],""poor_cells"":[""r00_c07"",""r01_c05"",""r01_c06"",""r01_c07"",""r02_c05"",""r06_c00"",""r06_c01"",""r06_c02""],""severe_cells"":[],""area_bins"":{""fair"":4,""poor"":7,""severe"":0},""row_condition_profile"":[4,2,4,1,1,1,4,0]}"
corr_25b94d2fc395a372,"{""affected_cells"":[""r00_c04"",""r00_c05"",""r00_c06"",""r01_c02"",""r01_c04"",""r01_c05"",""r01_c06"",""r01_c07"",""r02_c02"",""r02_c03"",""r02_c04"",""r02_c05"",""r02_c06"",""r02_c07"",""r03_c02"",""r03_c03"",""r03_c04"",""r03_c05"",""r03_c06"",""r03_c07"",""r04_c03"",""r04_c04"",""r04_c05"",""r04_c06"",""r05_c03"",""r05_c04""],""fair_cells"":[""r00_c04"",""r00_c05"",""r00_c06"",""r01_c02"",""r01_c04"",""r01_c05"",""r01_c06"",""r01_c07"",""r02_c02"",""r02_c03"",""r02_c04"",""r02_c05"",""r02_c06"",""r02_c07"",""r03_c02"",""r03_c03"",""r03_c04"",""r03_c05"",""r03_c06"",""r03_c07"",""r04_c03"",""r04_c04"",""r04_c05"",""r04_c06"",""r05_c03"",""r05_c04""],""poor_cells"":[""r03_c05"",""r03_c06"",""r03_c07"",""r04_c04"",""r04_c05"",""r05_c03"",""r05_c04""],""severe_cells"":[],""area_bins"":{""fair"":7,""poor"":4,""severe"":0},""row_condition_profile"":[1,1,1,4,4,4,0,0]}"
corr_25c3b00c937e2dea,"{""affected_cells"":[""r00_c02"",""r00_c03"",""r00_c04"",""r00_c05"",""r00_c06"",""r00_c07"",""r01_c03"",""r01_c04"",""r01_c05"",""r01_c06"",""r01_c07"",""r02_c00"",""r02_c04"",""r02_c05"",""r02_c06"",""r02_c07"",""r03_c01"",""r03_c02"",""r03_c03"",""r03_c07"",""r04_c02"",""r04_c03"",""r04_c04"",""r04_c05"",""r04_c06"",""r04_c07"",""r05_c02"",""r05_c03"",""r05_c04"",""r05_c05"",""r05_c06"",""r05_c07"",""r06_c02"",""r06_c03"",""r06_c04"",""r06_c05"",""r06_c06"",""r06_c07""],""fair_cells"":[""r00_c02"",""r00_c03"",""r00_c04"",""r00_c05"",""r00_c06"",""r00_c07"",""r01_c03"",""r01_c04"",""r01_c05"",""r01_c06"",""r01_c07"",""r02_c00"",""r02_c04"",""r02_c05"",""r02_c06"",""r02_c07"",""r03_c01"",""r03_c02"",""r03_c03"",""r03_c07"",""r04_c02"",""r04_c03"",""r04_c04"",""r04_c05"",""r04_c06"",""r04_c07"",""r05_c02"",""r05_c03"",""r05_c04"",""r05_c05"",""r05_c06"",""r05_c07"",""r06_c02"",""r06_c03"",""r06_c04"",""r06_c05"",""r06_c06"",""r06_c07""],""poor_cells"":[""r04_c03"",""r04_c04"",""r04_c05"",""r05_c03"",""r05_c04"",""r05_c05""],""severe_cells"":[],""area_bins"":{""fair"":9,""poor"":6,""severe"":0},""row_condition_profile"":[1,1,1,1,4,4,1,0]}"
corr_26207a85f2d2c5e8,"{""affected_cells"":[""r02_c00"",""r02_c01"",""r02_c02"",""r02_c03"",""r02_c04"",""r02_c05"",""r03_c00"",""r03_c01"",""r03_c02"",""r03_c03"",""r03_c04"",""r04_c00"",""r04_c01"",""r04_c02"",""r04_c03"",""r05_c00"",""r05_c03"",""r06_c00"",""r06_c01""],""fair_cells"":[""r02_c00"",""r02_c01"",""r02_c02"",""r02_c03"",""r02_c04"",""r02_c05"",""r03_c00"",""r03_c01"",""r03_c02"",""r03_c03"",""r03_c04"",""r04_c00"",""r04_c01"",""r04_c02"",""r04_c03"",""r05_c00"",""r05_c03"",""r06_c00"",""r06_c01""],""poor_cells"":[],""severe_cells"":[],""area_bins"":{""fair"":6,""poor"":0,""severe"":0},""row_condition_profile"":[0,0,1,1,1,1,1,0]}"
corr_269cb7be5e6b8150,"{""affected_cells"":[""r00_c00"",""r00_c01"",""r00_c02"",""r00_c03"",""r00_c07"",""r01_c00"",""r01_c01"",""r01_c02"",""r01_c03"",""r02_c00"",""r02_c01"",""r02_c02"",""r03_c00"",""r03_c01"",""r04_c00"",""r04_c01"",""r05_c00"",""r05_c03"",""r06_c00""],""fair_cells"":[""r00_c00"",""r00_c01"",""r00_c02"",""r00_c03"",""r00_c07"",""r01_c00"",""r01_c01"",""r01_c02"",""r01_c03"",""r02_c00"",""r02_c01"",""r02_c02"",""r03_c00"",""r03_c01"",""r04_c00"",""r04_c01"",""r05_c00"",""r05_c03"",""r06_c00""],""poor_cells"":[""r01_c02"",""r06_c00""],""severe_cells"":[],""area_bins"":{""fair"":9,""poor"":7,""severe"":0},""row_condition_profile"":[1,4,1,1,1,1,4,0]}"
corr_27b07cbf3f53a89a,"{""affected_cells"":[""r00_c05"",""r00_c06"",""r00_c07"",""r01_c02"",""r01_c04"",""r01_c05"",""r01_c06"",""r01_c07"",""r02_c02"",""r02_c03"",""r02_c04"",""r02_c05"",""r02_c06"",""r02_c07"",""r03_c02"",""r03_c03"",""r03_c04"",""r03_c05"",""r03_c06"",""r03_c07"",""r04_c00"",""r04_c02"",""r04_c03"",""r04_c04"",""r04_c05"",""r04_c06"",""r04_c07"",""r05_c00"",""r05_c01"",""r05_c02"",""r05_c03"",""r05_c04"",""r05_c05"",""r05_c06"",""r05_c07"",""r06_c00"",""r06_c01"",""r06_c02"",""r06_c03"",""r06_c04"",""r06_c05"",""r06_c06"",""r06_c07""],""fair_cells"":[""r00_c05"",""r00_c06"",""r00_c07"",""r01_c02"",""r01_c04"",""r01_c05"",""r01_c06"",""r01_c07"",""r02_c02"",""r02_c03"",""r02_c04"",""r02_c05"",""r02_c06"",""r02_c07"",""r03_c02"",""r03_c03"",""r03_c04"",""r03_c05"",""r03_c06"",""r03_c07"",""r04_c02"",""r04_c03"",""r04_c04"",""r04_c05"",""r04_c06"",""r04_c07"",""r05_c02"",""r05_c03"",""r05_c04"",""r05_c05"",""r05_c06"",""r05_c07"",""r06_c02"",""r06_c03"",""r06_c04"",""r06_c05"",""r06_c06"",""r06_c07""],""poor_cells"":[""r00_c05"",""r00_c06"",""r00_c07"",""r01_c05"",""r01_c06"",""r01_c07"",""r02_c04"",""r02_c05"",""r02_c06"",""r02_c07"",""r03_c04"",""r03_c05"",""r03_c06"",""r03_c07"",""r04_c04"",""r04_c05"",""r04_c06"",""r04_c07"",""r05_c03"",""r05_c04"",""r05_c05"",""r05_c06"",""r05_c07"",""r06_c02"",""r06_c03"",""r06_c04"",""r06_c05""],""severe_cells"":[""r04_c00"",""r05_c00"",""r05_c01"",""r06_c00"",""r06_c01""],""area_bins"":{""fair"":7,""poor"":9,""severe"":1},""row_condition_profile"":[4,4,4,4,4,4,4,0]}"
corr_2844970d04ea9a6d,"{""affected_cells"":[""r00_c01"",""r00_c02"",""r00_c03"",""r00_c04"",""r00_c05"",""r00_c06"",""r00_c07"",""r01_c02"",""r01_c03"",""r01_c04"",""r01_c05"",""r01_c06"",""r01_c07"",""r02_c02"",""r02_c03"",""r02_c04"",""r02_c05"",""r02_c06"",""r02_c07"",""r03_c03"",""r03_c04"",""r03_c05"",""r03_c06"",""r03_c07"",""r04_c03"",""r04_c04"",""r04_c05"",""r04_c06"",""r04_c07"",""r05_c03"",""r05_c04"",""r05_c05"",""r05_c06"",""r05_c07"",""r06_c04"",""r06_c05"",""r06_c06"",""r06_c07""],""fair_cells"":[""r00_c01"",""r00_c02"",""r00_c03"",""r00_c04"",""r00_c05"",""r00_c06"",""r00_c07"",""r01_c02"",""r01_c03"",""r01_c04"",""r01_c05"",""r01_c06"",""r01_c07"",""r02_c02"",""r02_c03"",""r02_c04"",""r02_c05"",""r02_c06"",""r02_c07"",""r03_c03"",""r03_c04"",""r03_c05"",""r03_c06"",""r03_c07"",""r04_c03"",""r04_c04"",""r04_c05"",""r04_c06"",""r04_c07"",""r05_c03"",""r05_c04"",""r05_c05"",""r05_c06"",""r05_c07"",""r06_c04"",""r06_c05"",""r06_c06"",""r06_c07""],""poor_cells"":[""r02_c05"",""r02_c06"",""r03_c04"",""r03_c05""],""severe_cells"":[],""area_bins"":{""fair"":9,""poor"":3,""severe"":0},""row_condition_profile"":[1,1,4,4,1,1,1,0]}"
corr_289b41c61770038c,"{""affected_cells"":[""r00_c00"",""r00_c01"",""r00_c02"",""r00_c03"",""r00_c04"",""r00_c05"",""r00_c06"",""r00_c07"",""r01_c00"",""r01_c01"",""r01_c02"",""r01_c03"",""r01_c04"",""r01_c05"",""r01_c06"",""r01_c07"",""r02_c00"",""r02_c01"",""r02_c02"",""r02_c03"",""r02_c04"",""r02_c05"",""r02_c06"",""r02_c07"",""r03_c00"",""r03_c01"",""r03_c02"",""r03_c03"",""r03_c04"",""r04_c00"",""r04_c01"",""r04_c02"",""r04_c03"",""r05_c00"",""r05_c01"",""r05_c02"",""r05_c03"",""r05_c04"",""r06_c01"",""r06_c02"",""r06_c03"",""r06_c04"",""r06_c05""],""fair_cells"":[""r00_c00"",""r00_c01"",""r00_c02"",""r00_c03"",""r00_c04"",""r00_c05"",""r00_c06"",""r00_c07"",""r01_c00"",""r01_c01"",""r01_c02"",""r01_c03"",""r01_c04"",""r01_c05"",""r01_c06"",""r02_c00"",""r02_c01"",""r02_c02"",""r02_c03"",""r02_c04"",""r02_c05"",""r02_c06"",""r02_c07"",""r03_c00"",""r03_c01"",""r03_c02"",""r03_c03"",""r03_c04"",""r04_c00"",""r04_c01"",""r04_c02"",""r04_c03"",""r05_c00"",""r05_c01"",""r05_c02"",""r05_c03"",""r05_c04"",""r06_c03"",""r06_c04"",""r06_c05""],""poor_cells"":[""r00_c06"",""r00_c07"",""r01_c02"",""r01_c06"",""r01_c07"",""r02_c06"",""r02_c07"",""r05_c01"",""r05_c02"",""r06_c01"",""r06_c02"",""r06_c03"",""r06_c04""],""severe_cells"":[],""area_bins"":{""fair"":9,""poor"":7,""severe"":0},""row_condition_profile"":[4,4,4,1,1,4,4,0]}"
corr_28f5eae75175be97,"{""affected_cells"":[""r00_c02"",""r00_c03"",""r00_c04"",""r00_c05"",""r01_c02"",""r01_c03"",""r02_c02"",""r02_c03"",""r02_c04"",""r02_c07"",""r03_c02"",""r03_c03"",""r03_c04"",""r03_c05"",""r03_c06"",""r03_c07"",""r04_c00"",""r04_c01"",""r04_c02"",""r04_c03"",""r04_c04"",""r04_c05"",""r04_c06"",""r04_c07"",""r05_c00"",""r05_c01"",""r05_c02"",""r05_c03"",""r05_c04"",""r05_c05"",""r05_c06"",""r05_c07"",""r06_c00"",""r06_c01"",""r06_c02""],""fair_cells"":[""r00_c02"",""r00_c03"",""r00_c04"",""r00_c05"",""r01_c02"",""r01_c03"",""r02_c02"",""r02_c03"",""r02_c04"",""r02_c07"",""r03_c02"",""r03_c03"",""r03_c04"",""r03_c05"",""r03_c06"",""r03_c07"",""r04_c02"",""r04_c03"",""r04_c04"",""r04_c05"",""r04_c06"",""r04_c07"",""r05_c07""],""poor_cells"":[""r03_c03"",""r04_c00"",""r04_c01"",""r04_c02"",""r04_c03"",""r04_c04"",""r04_c05"",""r04_c06"",""r04_c07"",""r05_c00"",""r05_c01"",""r05_c02"",""r05_c03"",""r05_c04"",""r05_c05"",""r05_c06"",""r05_c07"",""r06_c00"",""r06_c01"",""r06_c02""],""severe_cells"":[],""area_bins"":{""fair"":7,""poor"":9,""severe"":0},""row_condition_profile"":[1,1,1,4,4,4,2,0]}"
corr_292511da94ffe0d0,"{""affected_cells"":[""r00_c00"",""r00_c01"",""r00_c02"",""r00_c03"",""r00_c04"",""r00_c05"",""r00_c07"",""r01_c04"",""r01_c07"",""r02_c04"",""r02_c07"",""r03_c00"",""r03_c01"",""r03_c02"",""r03_c03"",""r03_c04"",""r03_c05"",""r03_c06"",""r03_c07"",""r04_c03""],""fair_cells"":[""r00_c00"",""r00_c01"",""r00_c02"",""r00_c03"",""r00_c04"",""r00_c05"",""r00_c07"",""r01_c04"",""r01_c07"",""r02_c04"",""r02_c07"",""r03_c00"",""r03_c01"",""r03_c02"",""r03_c03"",""r03_c04"",""r03_c05"",""r03_c06"",""r03_c07"",""r04_c03""],""poor_cells"":[""r01_c07"",""r02_c07"",""r03_c07""],""severe_cells"":[],""area_bins"":{""fair"":4,""poor"":5,""severe"":0},""row_condition_profile"":[1,4,4,4,1,0,0,0]}"
corr_2947ac45a7a57e9f,"{""affected_cells"":[""r00_c06"",""r00_c07"",""r01_c05"",""r01_c06"",""r01_c07"",""r02_c04"",""r02_c05"",""r02_c06"",""r02_c07"",""r03_c04"",""r03_c05"",""r03_c06"",""r03_c07"",""r04_c04"",""r04_c05"",""r04_c06"",""r04_c07"",""r05_c04"",""r05_c06"",""r05_c07"",""r06_c03"",""r06_c04"",""r06_c05"",""r06_c06"",""r06_c07""],""fair_cells"":[""r00_c06"",""r00_c07"",""r01_c05"",""r01_c06"",""r01_c07"",""r02_c04"",""r02_c05"",""r02_c06"",""r02_c07"",""r03_c04"",""r03_c05"",""r03_c06"",""r03_c07"",""r04_c04"",""r04_c05"",""r04_c06"",""r04_c07"",""r05_c04"",""r05_c06"",""r05_c07"",""r06_c03"",""r06_c04"",""r06_c05"",""r06_c06"",""r06_c07""],""poor_cells"":[""r04_c04"",""r05_c04"",""r06_c05""],""severe_cells"":[],""area_bins"":{""fair"":7,""poor"":3,""severe"":0},""row_condition_profile"":[1,1,1,1,4,4,4,0]}"
corr_2c2cf0cc2a7a60bb,"{""affected_cells"":[""r00_c00"",""r00_c01"",""r00_c02"",""r00_c03"",""r00_c04"",""r00_c05"",""r00_c06"",""r00_c07"",""r01_c00"",""r01_c01"",""r01_c03"",""r01_c04"",""r01_c05"",""r01_c06"",""r01_c07"",""r02_c00"",""r02_c03"",""r02_c04"",""r02_c05"",""r02_c06"",""r02_c07"",""r03_c00"",""r03_c01"",""r03_c05"",""r03_c06"",""r03_c07"",""r04_c00"",""r04_c01"",""r05_c00"",""r05_c07""],""fair_cells"":[""r00_c00"",""r00_c01"",""r00_c02"",""r00_c03"",""r00_c04"",""r00_c05"",""r00_c06"",""r00_c07"",""r01_c03"",""r01_c05"",""r01_c06"",""r01_c07"",""r03_c00"",""r03_c01"",""r04_c00"",""r04_c01"",""r05_c07""],""poor_cells"":[""r00_c00"",""r00_c01"",""r00_c03"",""r00_c04"",""r00_c05"",""r00_c06"",""r00_c07"",""r01_c00"",""r01_c01"",""r01_c03"",""r01_c04"",""r01_c05"",""r01_c06"",""r01_c07"",""r02_c00"",""r02_c03"",""r02_c04"",""r02_c05"",""r02_c06"",""r02_c07"",""r03_c00"",""r03_c05"",""r03_c06"",""r03_c07""],""severe_cells"":[""r00_c01"",""r00_c02"",""r00_c03"",""r02_c00"",""r03_c00"",""r04_c00"",""r05_c00""],""area_bins"":{""fair"":6,""poor"":8,""severe"":1},""row_condition_profile"":[4,4,4,4,4,4,0,0]}"
corr_2c56c47a146ad7a1,"{""affected_cells"":[""r03_c01"",""r03_c04"",""r03_c05"",""r03_c06"",""r03_c07"",""r04_c00"",""r04_c01"",""r04_c02"",""r04_c03"",""r04_c04"",""r04_c05"",""r05_c01"",""r05_c02"",""r05_c03"",""r05_c04"",""r05_c05"",""r06_c01"",""r06_c02"",""r06_c03"",""r06_c04"",""r06_c05""],""fair_cells"":[""r03_c01"",""r03_c04"",""r03_c05"",""r03_c06"",""r03_c07"",""r04_c00"",""r04_c01"",""r04_c03"",""r04_c04"",""r04_c05"",""r05_c01"",""r05_c03"",""r05_c04"",""r05_c05"",""r06_c01"",""r06_c03"",""r06_c04"",""r06_c05""],""poor_cells"":[""r03_c06"",""r03_c07"",""r04_c00"",""r04_c01"",""r04_c02"",""r04_c03"",""r04_c04"",""r05_c01"",""r05_c02"",""r05_c03"",""r06_c01"",""r06_c02"",""r06_c03""],""severe_cells"":[],""area_bins"":{""fair"":5,""poor"":7,""severe"":0},""row_condition_profile"":[0,0,0,4,4,4,4,0]}"
corr_2c848ea50683fee8,"{""affected_cells"":[""r00_c01"",""r00_c02"",""r00_c03"",""r01_c01"",""r01_c02"",""r01_c03"",""r02_c01"",""r02_c02"",""r02_c03"",""r03_c01"",""r03_c02""],""fair_cells"":[""r00_c01"",""r00_c02"",""r00_c03"",""r01_c01"",""r01_c02"",""r01_c03"",""r02_c01"",""r02_c02"",""r02_c03"",""r03_c01"",""r03_c02""],""poor_cells"":[],""severe_cells"":[],""area_bins"":{""fair"":2,""poor"":0,""severe"":0},""row_condition_profile"":[1,1,1,1,0,0,0,0]}"
corr_2dab39ca15c1f023,"{""affected_cells"":[""r00_c02"",""r00_c03"",""r00_c04"",""r01_c05"",""r01_c06"",""r02_c04"",""r02_c05"",""r02_c06"",""r02_c07"",""r03_c05"",""r03_c06""],""fair_cells"":[""r00_c02"",""r00_c03"",""r00_c04"",""r01_c05"",""r01_c06"",""r02_c04"",""r02_c05"",""r02_c06"",""r02_c07"",""r03_c05"",""r03_c06""],""poor_cells"":[],""severe_cells"":[],""area_bins"":{""fair"":5,""poor"":0,""severe"":0},""row_condition_profile"":[1,1,1,1,0,0,0,0]}"
corr_2e25eef6b468b85a,"{""affected_cells"":[""r00_c02"",""r00_c03"",""r00_c04"",""r00_c05"",""r00_c06"",""r00_c07"",""r01_c02"",""r01_c03"",""r01_c04"",""r01_c05"",""r01_c06"",""r01_c07"",""r02_c01"",""r02_c02"",""r02_c03"",""r02_c04"",""r02_c06"",""r02_c07"",""r03_c01"",""r03_c02"",""r03_c03"",""r03_c04"",""r03_c05""],""fair_cells"":[""r00_c02"",""r00_c03"",""r00_c04"",""r00_c05"",""r01_c02"",""r01_c03"",""r01_c04"",""r02_c01"",""r02_c02"",""r02_c03"",""r02_c04"",""r03_c01"",""r03_c02"",""r03_c03"",""r03_c04"",""r03_c05""],""poor_cells"":[""r00_c04"",""r00_c05"",""r00_c06"",""r00_c07"",""r01_c03"",""r01_c04"",""r01_c05"",""r01_c06"",""r01_c07"",""r02_c06"",""r02_c07""],""severe_cells"":[],""area_bins"":{""fair"":7,""poor"":9,""severe"":0},""row_condition_profile"":[4,4,4,1,0,0,0,0]}"
corr_2e849831d38caa79,"{""affected_cells"":[""r00_c00"",""r00_c01"",""r00_c02"",""r00_c03"",""r00_c04"",""r00_c05"",""r00_c07"",""r01_c00"",""r01_c01"",""r01_c02"",""r01_c03"",""r01_c04"",""r01_c07"",""r02_c00"",""r02_c01"",""r02_c03"",""r02_c04"",""r02_c07"",""r03_c00"",""r03_c01"",""r03_c02"",""r03_c03"",""r03_c04"",""r03_c05"",""r03_c06"",""r03_c07"",""r04_c00"",""r04_c01"",""r04_c02"",""r04_c03"",""r04_c04"",""r04_c05"",""r04_c06"",""r04_c07"",""r05_c00"",""r05_c01"",""r05_c02"",""r05_c03"",""r05_c05"",""r05_c06"",""r05_c07"",""r06_c01"",""r06_c03"",""r06_c04"",""r06_c05"",""r06_c06"",""r06_c07""],""fair_cells"":[""r00_c00"",""r00_c01"",""r00_c02"",""r00_c03"",""r00_c04"",""r00_c05"",""r00_c07"",""r01_c00"",""r01_c01"",""r01_c02"",""r01_c03"",""r01_c04"",""r01_c07"",""r02_c00"",""r02_c01"",""r02_c03"",""r02_c04"",""r02_c07"",""r03_c00"",""r03_c01"",""r03_c02"",""r03_c03"",""r03_c04"",""r03_c05"",""r03_c06"",""r03_c07"",""r04_c00"",""r04_c01"",""r04_c02"",""r04_c03"",""r04_c04"",""r04_c05"",""r04_c06"",""r04_c07"",""r05_c01"",""r05_c02"",""r05_c03"",""r05_c05"",""r05_c06"",""r05_c07"",""r06_c01"",""r06_c03"",""r06_c04"",""r06_c05"",""r06_c06"",""r06_c07""],""poor_cells"":[""r02_c00"",""r03_c00"",""r03_c01"",""r04_c00"",""r04_c01"",""r05_c00"",""r05_c01"",""r06_c01""],""severe_cells"":[],""area_bins"":{""fair"":8,""poor"":5,""severe"":0},""row_condition_profile"":[1,1,4,4,4,4,4,0]}"
corr_2f11f3b70b7b509b,"{""affected_cells"":[""r01_c00"",""r02_c00"",""r03_c00"",""r04_c00"",""r04_c01"",""r05_c00"",""r05_c01""],""fair_cells"":[""r01_c00"",""r02_c00"",""r03_c00"",""r04_c00""],""poor_cells"":[""r04_c00"",""r04_c01"",""r05_c00"",""r05_c01""],""severe_cells"":[],""area_bins"":{""fair"":3,""poor"":4,""severe"":0},""row_condition_profile"":[0,1,1,1,4,2,0,0]}"
corr_2f1fd94daeeccb32,"{""affected_cells"":[""r00_c00"",""r00_c01"",""r00_c02"",""r00_c03"",""r00_c04"",""r00_c05"",""r00_c06"",""r00_c07"",""r01_c00"",""r01_c01"",""r01_c02"",""r02_c00"",""r02_c01"",""r03_c00"",""r03_c01"",""r04_c00"",""r04_c01""],""fair_cells"":[""r00_c07"",""r01_c00"",""r01_c01"",""r01_c02"",""r02_c00"",""r02_c01"",""r03_c01"",""r04_c01""],""poor_cells"":[""r00_c00"",""r00_c01"",""r00_c02"",""r00_c03"",""r00_c04"",""r00_c05"",""r00_c06"",""r00_c07"",""r01_c00"",""r01_c01"",""r02_c00"",""r03_c00"",""r04_c00"",""r04_c01""],""severe_cells"":[],""area_bins"":{""fair"":1,""poor"":7,""severe"":0},""row_condition_profile"":[4,4,4,4,4,0,0,0]}"
corr_2f268e4bf19f9d0f,"{""affected_cells"":[""r00_c00"",""r00_c01"",""r00_c02"",""r00_c03"",""r01_c00"",""r01_c01"",""r01_c02"",""r02_c00"",""r02_c01"",""r02_c02"",""r02_c03"",""r03_c00"",""r03_c01"",""r03_c02"",""r03_c03"",""r04_c00"",""r05_c00"",""r05_c01"",""r06_c00"",""r06_c01"",""r06_c02""],""fair_cells"":[""r00_c00"",""r00_c01"",""r00_c02"",""r00_c03"",""r01_c00"",""r01_c01"",""r01_c02"",""r02_c00"",""r02_c01"",""r02_c02"",""r02_c03"",""r03_c00"",""r03_c01"",""r03_c02"",""r03_c03"",""r04_c00"",""r05_c00"",""r05_c01"",""r06_c00"",""r06_c01""],""poor_cells"":[""r04_c00""],""severe_cells"":[""r06_c02""],""area_bins"":{""fair"":9,""poor"":1,""severe"":1},""row_condition_profile"":[1,1,1,1,4,1,4,0]}"
corr_2f54f19d971d7400,"{""affected_cells"":[""r00_c04"",""r00_c05"",""r01_c04"",""r02_c06"",""r02_c07"",""r03_c04"",""r03_c05"",""r03_c06"",""r03_c07"",""r04_c02"",""r04_c03"",""r04_c04"",""r04_c05"",""r04_c06"",""r04_c07"",""r05_c03"",""r05_c04"",""r05_c05"",""r05_c06"",""r05_c07"",""r06_c04"",""r06_c05"",""r06_c06"",""r06_c07""],""fair_cells"":[""r00_c04"",""r00_c05"",""r01_c04"",""r02_c06"",""r02_c07"",""r03_c04"",""r03_c05"",""r03_c06"",""r03_c07"",""r04_c02"",""r04_c03"",""r04_c04"",""r04_c05"",""r04_c06"",""r04_c07"",""r05_c03"",""r05_c04"",""r05_c05"",""r05_c06"",""r05_c07"",""r06_c04"",""r06_c05"",""r06_c06"",""r06_c07""],""poor_cells"":[""r04_c04"",""r05_c06""],""severe_cells"":[],""area_bins"":{""fair"":8,""poor"":4,""severe"":0},""row_condition_profile"":[1,1,1,1,4,4,1,0]}"
corr_2fdceb8a2ab3151e,"{""affected_cells"":[""r00_c00"",""r00_c01"",""r00_c02"",""r00_c03"",""r00_c04"",""r01_c00"",""r01_c01"",""r01_c02"",""r02_c00"",""r02_c01"",""r02_c02""],""fair_cells"":[""r00_c00"",""r00_c01"",""r00_c02""],""poor_cells"":[""r00_c00"",""r00_c01"",""r00_c02"",""r00_c03"",""r00_c04"",""r01_c00"",""r01_c01"",""r01_c02"",""r02_c00"",""r02_c01"",""r02_c02""],""severe_cells"":[],""area_bins"":{""fair"":3,""poor"":7,""severe"":0},""row_condition_profile"":[4,2,2,0,0,0,0,0]}"
corr_2ffcb1aa3a29ba2a,"{""affected_cells"":[""r00_c03"",""r00_c04"",""r00_c05"",""r00_c06"",""r00_c07"",""r01_c03"",""r01_c04"",""r01_c05"",""r01_c07"",""r02_c02"",""r02_c03"",""r02_c04"",""r02_c05"",""r02_c06"",""r02_c07"",""r03_c03"",""r03_c04"",""r03_c05"",""r03_c06"",""r03_c07""],""fair_cells"":[""r00_c03"",""r00_c04"",""r00_c05"",""r00_c06"",""r00_c07"",""r01_c03"",""r01_c04"",""r01_c05"",""r01_c07"",""r02_c04"",""r02_c05"",""r02_c06"",""r02_c07""],""poor_cells"":[""r00_c04"",""r01_c04"",""r02_c05"",""r02_c06"",""r02_c07"",""r03_c05"",""r03_c06"",""r03_c07""],""severe_cells"":[""r01_c03"",""r02_c02"",""r02_c03"",""r02_c04"",""r03_c03"",""r03_c04""],""area_bins"":{""fair"":2,""poor"":1,""severe"":1},""row_condition_profile"":[4,4,4,4,0,0,0,0]}"
corr_3004a3f244023021,"{""affected_cells"":[""r00_c00"",""r00_c01"",""r00_c02"",""r00_c03"",""r00_c04"",""r00_c05"",""r00_c06"",""r00_c07"",""r01_c00"",""r01_c01"",""r01_c02"",""r01_c03"",""r01_c04"",""r01_c05"",""r02_c00"",""r02_c01"",""r02_c02"",""r02_c03"",""r02_c04"",""r02_c05"",""r02_c06"",""r03_c00"",""r03_c01"",""r03_c02"",""r03_c03"",""r03_c04"",""r03_c05"",""r03_c06"",""r04_c00"",""r04_c01"",""r04_c02"",""r04_c05""],""fair_cells"":[""r00_c00"",""r00_c01"",""r00_c02"",""r00_c04"",""r00_c05"",""r00_c06"",""r00_c07"",""r01_c00"",""r01_c01"",""r01_c05"",""r02_c04"",""r02_c05"",""r02_c06"",""r03_c05"",""r03_c06""],""poor_cells"":[""r00_c00"",""r00_c01"",""r00_c02"",""r00_c03"",""r00_c04"",""r00_c05"",""r01_c00"",""r01_c01"",""r01_c02"",""r01_c03"",""r01_c04"",""r01_c05"",""r02_c00"",""r02_c01"",""r02_c02"",""r02_c03"",""r02_c04"",""r02_c05"",""r03_c00"",""r03_c01"",""r03_c02"",""r03_c03"",""r03_c04"",""r03_c05"",""r03_c06"",""r04_c00"",""r04_c01"",""r04_c02"",""r04_c05""],""severe_cells"":[],""area_bins"":{""fair"":6,""poor"":8,""severe"":0},""row_condition_profile"":[4,4,4,4,2,0,0,0]}"
corr_30814d2c6e007279,"{""affected_cells"":[""r00_c00"",""r00_c01"",""r00_c02"",""r00_c03"",""r00_c04"",""r01_c00"",""r01_c01"",""r01_c02"",""r01_c03"",""r01_c04"",""r02_c00"",""r02_c01"",""r02_c02"",""r02_c03"",""r03_c00"",""r03_c01"",""r03_c02""],""fair_cells"":[""r00_c00"",""r00_c01"",""r00_c02"",""r00_c03"",""r01_c00"",""r01_c01"",""r03_c00""],""poor_cells"":[""r00_c00"",""r00_c02"",""r00_c03"",""r00_c04"",""r01_c00"",""r01_c01"",""r01_c02"",""r01_c03"",""r01_c04"",""r02_c00"",""r02_c01"",""r02_c02"",""r02_c03"",""r03_c00"",""r03_c01"",""r03_c02""],""severe_cells"":[],""area_bins"":{""fair"":2,""poor"":9,""severe"":0},""row_condition_profile"":[4,4,2,4,0,0,0,0]}"
corr_30ae2f653963d116,"{""affected_cells"":[""r02_c00"",""r02_c01"",""r03_c00"",""r03_c01"",""r03_c02"",""r03_c03"",""r03_c04"",""r03_c05"",""r03_c06"",""r04_c00"",""r04_c01"",""r04_c02"",""r04_c03"",""r04_c04"",""r04_c05"",""r04_c06"",""r04_c07"",""r05_c00"",""r05_c01"",""r05_c02"",""r05_c03"",""r05_c04"",""r05_c05"",""r05_c06"",""r05_c07"",""r06_c00"",""r06_c01"",""r06_c05"",""r06_c06"",""r06_c07""],""fair_cells"":[""r02_c00"",""r02_c01"",""r03_c00"",""r03_c01"",""r03_c02"",""r03_c03"",""r03_c04"",""r03_c05"",""r03_c06"",""r04_c00"",""r04_c01"",""r04_c02"",""r04_c03"",""r04_c04"",""r04_c05"",""r04_c06"",""r04_c07"",""r05_c00"",""r05_c01"",""r05_c02"",""r05_c03"",""r05_c04"",""r06_c00"",""r06_c01""],""poor_cells"":[""r02_c00"",""r03_c00"",""r03_c01"",""r03_c03"",""r04_c04"",""r04_c05"",""r04_c06"",""r04_c07"",""r05_c04"",""r05_c05"",""r05_c06"",""r05_c07"",""r06_c05"",""r06_c06"",""r06_c07""],""severe_cells"":[],""area_bins"":{""fair"":6,""poor"":8,""severe"":0},""row_condition_profile"":[0,0,4,4,4,4,4,0]}"
corr_3107ccfe38ae734a,"{""affected_cells"":[""r04_c07"",""r05_c05"",""r05_c06"",""r05_c07"",""r06_c06"",""r06_c07""],""fair_cells"":[""r04_c07"",""r05_c05"",""r05_c06"",""r05_c07"",""r06_c06"",""r06_c07""],""poor_cells"":[""r05_c05"",""r05_c06"",""r06_c06"",""r06_c07""],""severe_cells"":[],""area_bins"":{""fair"":4,""poor"":1,""severe"":0},""row_condition_profile"":[0,0,0,0,1,4,4,0]}"
corr_31552860b0858b2d,"{""affected_cells"":[""r00_c00"",""r00_c01"",""r01_c00"",""r01_c01"",""r01_c06"",""r01_c07"",""r02_c00"",""r02_c01"",""r02_c02"",""r02_c06"",""r02_c07"",""r03_c00"",""r03_c01"",""r03_c02"",""r04_c00"",""r04_c01"",""r04_c02"",""r05_c00"",""r05_c01"",""r05_c02"",""r06_c00"",""r06_c01"",""r06_c02""],""fair_cells"":[""r00_c00"",""r00_c01"",""r01_c00"",""r01_c01"",""r01_c06"",""r01_c07"",""r02_c00"",""r02_c01"",""r02_c02"",""r02_c06"",""r02_c07"",""r03_c00"",""r03_c01"",""r03_c02"",""r04_c00"",""r04_c01"",""r04_c02"",""r05_c00"",""r05_c01"",""r05_c02"",""r06_c00"",""r06_c01"",""r06_c02""],""poor_cells"":[],""severe_cells"":[],""area_bins"":{""fair"":9,""poor"":0,""severe"":0},""row_condition_profile"":[1,1,1,1,1,1,1,0]}"
corr_31a0ffd3b2a8961c,"{""affected_cells"":[""r00_c03"",""r00_c04"",""r01_c03"",""r01_c04"",""r01_c05"",""r01_c06"",""r01_c07"",""r02_c03"",""r02_c04"",""r02_c05"",""r02_c06"",""r02_c07"",""r03_c00"",""r03_c03"",""r03_c04"",""r03_c05"",""r03_c06"",""r03_c07"",""r04_c03"",""r04_c04"",""r04_c05"",""r04_c06"",""r04_c07"",""r05_c00"",""r05_c01"",""r05_c02"",""r05_c03"",""r05_c04"",""r05_c05"",""r05_c06"",""r05_c07"",""r06_c00"",""r06_c01"",""r06_c02"",""r06_c03"",""r06_c04"",""r06_c05"",""r06_c06"",""r06_c07""],""fair_cells"":[""r00_c03"",""r00_c04"",""r01_c03"",""r01_c04"",""r01_c05"",""r01_c06"",""r01_c07"",""r02_c03"",""r02_c04"",""r02_c05"",""r02_c06"",""r02_c07"",""r03_c00"",""r03_c03"",""r03_c04"",""r03_c05"",""r03_c06"",""r03_c07"",""r04_c03"",""r04_c04"",""r04_c05"",""r04_c06"",""r04_c07"",""r05_c00"",""r05_c01"",""r05_c02"",""r05_c03"",""r05_c04"",""r05_c05"",""r05_c06"",""r05_c07"",""r06_c00"",""r06_c01"",""r06_c02"",""r06_c03"",""r06_c04"",""r06_c05"",""r06_c06"",""r06_c07""],""poor_cells"":[""r01_c05"",""r04_c03"",""r04_c04"",""r04_c05"",""r04_c06"",""r04_c07"",""r05_c03"",""r05_c04"",""r05_c05"",""r05_c06"",""r05_c07"",""r06_c02"",""r06_c03"",""r06_c04"",""r06_c05""],""severe_cells"":[],""area_bins"":{""fair"":9,""poor"":8,""severe"":0},""row_condition_profile"":[1,4,1,1,4,4,4,0]}"
corr_32b866c4906c9108,"{""affected_cells"":[""r00_c00"",""r00_c01"",""r00_c02"",""r00_c05"",""r00_c06"",""r00_c07"",""r01_c00"",""r01_c01"",""r01_c02"",""r01_c03"",""r01_c04"",""r01_c05"",""r01_c06"",""r01_c07"",""r02_c00"",""r02_c01"",""r02_c02""],""fair_cells"":[""r00_c00"",""r00_c01"",""r00_c02"",""r00_c05"",""r00_c06"",""r00_c07"",""r01_c00"",""r01_c01"",""r01_c02"",""r01_c03"",""r01_c04"",""r01_c05"",""r01_c06"",""r01_c07"",""r02_c00"",""r02_c01"",""r02_c02""],""poor_cells"":[],""severe_cells"":[],""area_bins"":{""fair"":5,""poor"":0,""severe"":0},""row_condition_profile"":[1,1,1,0,0,0,0,0]}"
corr_32e00b83f08e1bdc,"{""affected_cells"":[""r03_c04"",""r03_c05"",""r03_c06"",""r03_c07"",""r04_c03"",""r04_c04"",""r04_c05"",""r04_c06"",""r04_c07"",""r05_c01"",""r05_c02"",""r05_c03"",""r05_c04"",""r05_c05"",""r05_c06"",""r06_c01"",""r06_c02"",""r06_c03"",""r06_c04"",""r06_c05"",""r06_c06""],""fair_cells"":[""r03_c04"",""r03_c05"",""r03_c06"",""r03_c07"",""r04_c03"",""r04_c04"",""r04_c05"",""r04_c06"",""r04_c07"",""r05_c01"",""r05_c02"",""r05_c03"",""r05_c06"",""r06_c01"",""r06_c06""],""poor_cells"":[""r04_c04"",""r04_c05"",""r05_c02"",""r05_c03"",""r05_c04"",""r05_c05"",""r05_c06"",""r06_c01"",""r06_c02"",""r06_c03"",""r06_c04"",""r06_c05"",""r06_c06""],""severe_cells"":[],""area_bins"":{""fair"":5,""poor"":7,""severe"":0},""row_condition_profile"":[0,0,0,1,4,4,4,0]}"
corr_32e95fc8af620442,"{""affected_cells"":[""r00_c02"",""r00_c03"",""r00_c05"",""r01_c04"",""r01_c05"",""r02_c05"",""r04_c05"",""r04_c06"",""r05_c05"",""r05_c06"",""r06_c05"",""r06_c06""],""fair_cells"":[""r00_c02"",""r00_c03"",""r01_c04"",""r01_c05"",""r02_c05"",""r04_c05"",""r04_c06"",""r05_c05"",""r05_c06"",""r06_c05"",""r06_c06""],""poor_cells"":[""r00_c05""],""severe_cells"":[],""area_bins"":{""fair"":4,""poor"":2,""severe"":0},""row_condition_profile"":[4,1,1,0,1,1,1,0]}"
corr_33783dc0f69803a1,"{""affected_cells"":[""r01_c00"",""r02_c00"",""r03_c00"",""r04_c00"",""r04_c01"",""r04_c02"",""r05_c00"",""r05_c01"",""r05_c02"",""r05_c03"",""r05_c04"",""r05_c05"",""r05_c06"",""r05_c07"",""r06_c00"",""r06_c01"",""r06_c02"",""r06_c03"",""r06_c07""],""fair_cells"":[""r01_c00"",""r02_c00"",""r03_c00"",""r04_c00"",""r04_c01"",""r04_c02"",""r05_c00"",""r05_c01"",""r05_c02"",""r05_c03"",""r05_c04"",""r05_c05"",""r05_c06"",""r05_c07"",""r06_c00"",""r06_c01"",""r06_c02"",""r06_c03"",""r06_c07""],""poor_cells"":[""r02_c00"",""r03_c00"",""r04_c00"",""r05_c00"",""r05_c01"",""r05_c02"",""r05_c03"",""r06_c00"",""r06_c01"",""r06_c02""],""severe_cells"":[],""area_bins"":{""fair"":5,""poor"":7,""severe"":0},""row_condition_profile"":[0,1,4,4,4,4,4,0]}"
corr_344b43512516c588,"{""affected_cells"":[""r00_c01"",""r00_c02"",""r01_c01"",""r02_c01"",""r03_c01"",""r04_c00"",""r04_c01"",""r04_c02"",""r05_c00"",""r05_c01"",""r05_c02"",""r05_c03"",""r05_c04"",""r05_c05"",""r06_c00"",""r06_c01"",""r06_c02"",""r06_c03"",""r06_c04"",""r06_c05"",""r06_c06"",""r06_c07""],""fair_cells"":[""r00_c01"",""r00_c02"",""r01_c01"",""r02_c01"",""r03_c01"",""r04_c00"",""r04_c01"",""r04_c02"",""r05_c00"",""r05_c01"",""r05_c02"",""r05_c03"",""r05_c04"",""r05_c05"",""r06_c00"",""r06_c01"",""r06_c02"",""r06_c03"",""r06_c04"",""r06_c05"",""r06_c06"",""r06_c07""],""poor_cells"":[""r05_c00"",""r05_c01"",""r06_c00"",""r06_c01""],""severe_cells"":[],""area_bins"":{""fair"":6,""poor"":4,""severe"":0},""row_condition_profile"":[1,1,1,1,1,4,4,0]}"
corr_34f1473332dbe5a1,"{""affected_cells"":[""r03_c00"",""r03_c01"",""r04_c00"",""r04_c01"",""r05_c00"",""r05_c01"",""r05_c02""],""fair_cells"":[""r03_c00"",""r03_c01"",""r05_c02""],""poor_cells"":[""r03_c00"",""r03_c01"",""r04_c00"",""r04_c01"",""r05_c00"",""r05_c01"",""r05_c02""],""severe_cells"":[],""area_bins"":{""fair"":2,""poor"":6,""severe"":0},""row_condition_profile"":[0,0,0,4,2,4,0,0]}"
corr_35e30d101733703a,"{""affected_cells"":[""r00_c03"",""r00_c04"",""r00_c05"",""r00_c06"",""r00_c07"",""r01_c01"",""r01_c02"",""r01_c03"",""r01_c04"",""r01_c05"",""r01_c06"",""r01_c07"",""r02_c00"",""r02_c01"",""r02_c02"",""r02_c03"",""r02_c04"",""r02_c05"",""r02_c06"",""r02_c07"",""r03_c00"",""r03_c01"",""r03_c02"",""r03_c03"",""r03_c04"",""r03_c05"",""r04_c00"",""r04_c01"",""r04_c02"",""r04_c03"",""r04_c04"",""r04_c05"",""r04_c06"",""r05_c00"",""r05_c02"",""r05_c03"",""r06_c00""],""fair_cells"":[""r00_c03"",""r04_c00"",""r05_c00"",""r05_c02"",""r05_c03"",""r06_c00""],""poor_cells"":[""r00_c03"",""r00_c04"",""r00_c05"",""r00_c06"",""r00_c07"",""r01_c01"",""r01_c02"",""r01_c03"",""r01_c04"",""r01_c05"",""r01_c06"",""r01_c07"",""r02_c00"",""r02_c01"",""r02_c02"",""r02_c03"",""r02_c04"",""r02_c05"",""r02_c06"",""r02_c07"",""r03_c00"",""r03_c01"",""r03_c02"",""r03_c03"",""r03_c04"",""r03_c05"",""r04_c00"",""r04_c01"",""r04_c02"",""r04_c03"",""r04_c04"",""r04_c05"",""r04_c06""],""severe_cells"":[],""area_bins"":{""fair"":1,""poor"":9,""severe"":0},""row_condition_profile"":[4,2,2,2,4,1,1,0]}"
corr_3609ea1eaa88f4f8,"{""affected_cells"":[""r00_c02"",""r00_c03"",""r00_c04"",""r00_c05"",""r00_c06"",""r00_c07"",""r01_c00"",""r01_c01"",""r01_c02"",""r01_c03"",""r01_c04"",""r01_c05"",""r01_c07"",""r02_c00"",""r02_c07"",""r03_c01"",""r03_c02"",""r03_c07"",""r04_c00"",""r04_c01"",""r04_c02"",""r04_c03"",""r05_c00"",""r05_c02"",""r05_c03"",""r06_c02"",""r06_c03"",""r06_c04"",""r06_c05""],""fair_cells"":[""r00_c02"",""r00_c03"",""r00_c04"",""r00_c05"",""r01_c00"",""r01_c01"",""r01_c02"",""r01_c03"",""r01_c04"",""r01_c05"",""r02_c00"",""r04_c02"",""r04_c03"",""r05_c00"",""r05_c02"",""r05_c03"",""r06_c02"",""r06_c03"",""r06_c04"",""r06_c05""],""poor_cells"":[""r00_c05"",""r00_c06"",""r00_c07"",""r01_c00"",""r01_c01"",""r02_c00"",""r03_c01"",""r03_c02"",""r04_c00"",""r04_c01"",""r04_c02""],""severe_cells"":[""r01_c07"",""r02_c07"",""r03_c07""],""area_bins"":{""fair"":6,""poor"":9,""severe"":1},""row_condition_profile"":[4,4,4,4,4,1,1,0]}"
corr_3613dc9a250255e1,"{""affected_cells"":[""r00_c03"",""r00_c04"",""r00_c05"",""r00_c06"",""r00_c07"",""r01_c01"",""r01_c02"",""r01_c03"",""r01_c04"",""r01_c05"",""r01_c07"",""r02_c00"",""r02_c01"",""r02_c02"",""r02_c03"",""r02_c04"",""r02_c05"",""r02_c06"",""r02_c07"",""r03_c01"",""r03_c02"",""r03_c03"",""r03_c04"",""r03_c05"",""r03_c06"",""r03_c07"",""r04_c01"",""r04_c02"",""r04_c03"",""r04_c04"",""r04_c05"",""r04_c06"",""r04_c07"",""r05_c01"",""r05_c02"",""r05_c04"",""r05_c05"",""r05_c06"",""r05_c07"",""r06_c01"",""r06_c02"",""r06_c04"",""r06_c06"",""r06_c07""],""fair_cells"":[""r00_c03"",""r00_c04"",""r00_c05"",""r00_c06"",""r00_c07"",""r01_c01"",""r01_c02"",""r01_c03"",""r01_c04"",""r01_c05"",""r01_c07"",""r02_c00"",""r02_c01"",""r02_c02"",""r02_c03"",""r02_c04"",""r02_c05"",""r03_c01"",""r03_c02"",""r03_c03"",""r03_c04"",""r03_c05"",""r04_c01"",""r04_c02"",""r04_c03"",""r04_c04"",""r04_c05"",""r04_c06"",""r04_c07"",""r05_c01"",""r05_c02"",""r05_c04"",""r05_c05"",""r05_c06"",""r05_c07"",""r06_c01"",""r06_c02"",""r06_c04"",""r06_c06"",""r06_c07""],""poor_cells"":[""r02_c06"",""r02_c07"",""r03_c06"",""r03_c07"",""r04_c07"",""r06_c07""],""severe_cells"":[],""area_bins"":{""fair"":9,""poor"":7,""severe"":0},""row_condition_profile"":[1,1,4,4,4,1,4,0]}"
corr_366023af73ea7e14,"{""affected_cells"":[""r00_c00"",""r00_c01"",""r01_c00"",""r01_c01"",""r02_c00"",""r03_c00"",""r04_c00"",""r05_c00"",""r05_c07"",""r06_c07""],""fair_cells"":[""r05_c07"",""r06_c07""],""poor_cells"":[""r00_c00"",""r00_c01"",""r01_c00"",""r01_c01"",""r02_c00"",""r03_c00"",""r04_c00"",""r05_c00""],""severe_cells"":[],""area_bins"":{""fair"":1,""poor"":6,""severe"":0},""row_condition_profile"":[2,2,2,2,2,4,1,0]}"
corr_36661ed0d45e1c7e,"{""affected_cells"":[""r00_c02"",""r00_c03"",""r01_c02"",""r02_c02"",""r02_c03"",""r02_c04"",""r02_c05"",""r03_c01"",""r03_c02"",""r03_c03"",""r03_c04"",""r04_c02"",""r04_c03"",""r04_c04"",""r05_c02"",""r06_c02""],""fair_cells"":[""r00_c02"",""r00_c03"",""r01_c02"",""r02_c02"",""r02_c03"",""r02_c04"",""r02_c05"",""r03_c01"",""r03_c02"",""r03_c03"",""r03_c04"",""r04_c02"",""r04_c03"",""r04_c04""],""poor_cells"":[""r04_c02"",""r05_c02"",""r06_c02""],""severe_cells"":[],""area_bins"":{""fair"":4,""poor"":9,""severe"":0},""row_condition_profile"":[1,1,1,1,4,2,2,0]}"
corr_3687def16a7344d5,"{""affected_cells"":[""r00_c00"",""r00_c01"",""r00_c02"",""r00_c03"",""r00_c04"",""r01_c00"",""r01_c01"",""r01_c02"",""r01_c03"",""r01_c04"",""r02_c00"",""r02_c01"",""r02_c02"",""r02_c03"",""r02_c04"",""r02_c05"",""r03_c00"",""r03_c01"",""r03_c02"",""r03_c03"",""r03_c04"",""r03_c05"",""r04_c01"",""r04_c02"",""r04_c03""],""fair_cells"":[""r00_c00"",""r00_c01"",""r00_c02"",""r00_c03"",""r00_c04"",""r01_c00"",""r01_c01"",""r01_c03"",""r01_c04"",""r02_c00"",""r02_c01""],""poor_cells"":[""r00_c01"",""r00_c02"",""r00_c03"",""r00_c04"",""r01_c01"",""r01_c02"",""r01_c03"",""r01_c04"",""r02_c00"",""r02_c01"",""r02_c02"",""r02_c03"",""r02_c04"",""r03_c00"",""r03_c01"",""r03_c02"",""r03_c03"",""r03_c04"",""r04_c01"",""r04_c02"",""r04_c03""],""severe_cells"":[""r02_c03"",""r02_c04"",""r02_c05"",""r03_c04"",""r03_c05""],""area_bins"":{""fair"":5,""poor"":9,""severe"":1},""row_condition_profile"":[4,4,4,4,2,0,0,0]}"
corr_36c5f61b7dcbefaf,"{""affected_cells"":[""r00_c00"",""r00_c01"",""r00_c02"",""r00_c03"",""r00_c04"",""r00_c05"",""r00_c06"",""r00_c07"",""r01_c00"",""r01_c01"",""r01_c02"",""r01_c03"",""r01_c04"",""r01_c05"",""r01_c06"",""r01_c07"",""r02_c00"",""r02_c01"",""r02_c02"",""r02_c03"",""r02_c04"",""r02_c05"",""r02_c06"",""r02_c07"",""r03_c01"",""r03_c02"",""r03_c03"",""r03_c05"",""r03_c06"",""r03_c07"",""r05_c06""],""fair_cells"":[""r00_c04"",""r00_c05"",""r01_c04"",""r01_c05"",""r05_c06""],""poor_cells"":[""r00_c03"",""r00_c04"",""r00_c05"",""r00_c06"",""r00_c07"",""r01_c03"",""r01_c04"",""r01_c05"",""r01_c06"",""r01_c07"",""r02_c03"",""r02_c04"",""r02_c05"",""r02_c06"",""r02_c07"",""r03_c03"",""r03_c05"",""r03_c06"",""r03_c07""],""severe_cells"":[""r00_c00"",""r00_c01"",""r00_c02"",""r00_c03"",""r00_c04"",""r00_c05"",""r00_c06"",""r00_c07"",""r01_c00"",""r01_c01"",""r01_c02"",""r01_c03"",""r01_c04"",""r01_c05"",""r01_c06"",""r01_c07"",""r02_c00"",""r02_c01"",""r02_c02"",""r02_c03"",""r02_c04"",""r02_c05"",""r02_c06"",""r02_c07"",""r03_c01"",""r03_c02"",""r03_c03""],""area_bins"":{""fair"":4,""poor"":9,""severe"":9},""row_condition_profile"":[4,4,4,4,0,1,0,0]}"
corr_36f36ff832b52538,"{""affected_cells"":[""r00_c00"",""r00_c01"",""r00_c02"",""r00_c03"",""r00_c04"",""r00_c05"",""r02_c00"",""r02_c01"",""r02_c03"",""r02_c04"",""r02_c05"",""r03_c00"",""r03_c01"",""r03_c02"",""r03_c03"",""r03_c04"",""r03_c05"",""r04_c00"",""r04_c04"",""r05_c00""],""fair_cells"":[""r00_c01"",""r00_c02"",""r00_c03"",""r00_c04"",""r00_c05"",""r02_c00"",""r02_c01"",""r02_c03"",""r02_c04"",""r02_c05"",""r03_c00"",""r03_c01"",""r03_c02"",""r03_c03"",""r03_c04"",""r03_c05"",""r04_c00"",""r04_c04"",""r05_c00""],""poor_cells"":[""r00_c00"",""r00_c01"",""r00_c02"",""r00_c03""],""severe_cells"":[],""area_bins"":{""fair"":1,""poor"":6,""severe"":0},""row_condition_profile"":[4,0,1,1,1,1,0,0]}"
corr_3701893ebfb624b8,"{""affected_cells"":[""r00_c00"",""r00_c01"",""r00_c02"",""r00_c03"",""r00_c04"",""r01_c01"",""r01_c02"",""r01_c03"",""r01_c04"",""r02_c01"",""r02_c02"",""r02_c03"",""r02_c04"",""r03_c00"",""r03_c01"",""r03_c02"",""r03_c03"",""r03_c04"",""r04_c00"",""r04_c01"",""r04_c02"",""r04_c03"",""r04_c04"",""r04_c05"",""r05_c00"",""r05_c01"",""r05_c02"",""r05_c03"",""r05_c04"",""r06_c00"",""r06_c01""],""fair_cells"":[""r00_c00"",""r00_c01"",""r00_c02"",""r00_c03"",""r00_c04"",""r01_c01"",""r01_c02"",""r01_c03"",""r01_c04"",""r02_c01"",""r02_c02"",""r02_c03"",""r02_c04"",""r03_c00"",""r03_c01"",""r03_c02"",""r03_c03"",""r03_c04"",""r04_c00"",""r04_c01"",""r04_c02"",""r04_c03"",""r04_c04"",""r04_c05"",""r05_c00"",""r05_c01"",""r05_c02"",""r05_c03"",""r05_c04"",""r06_c01""],""poor_cells"":[""r03_c02"",""r04_c00"",""r04_c02"",""r04_c03"",""r05_c00"",""r05_c01"",""r05_c02"",""r05_c03"",""r06_c00"",""r06_c01""],""severe_cells"":[],""area_bins"":{""fair"":9,""poor"":6,""severe"":0},""row_condition_profile"":[1,1,1,4,4,4,4,0]}"
corr_382df895a0b4de9a,"{""affected_cells"":[""r00_c05"",""r00_c06"",""r01_c04"",""r01_c05"",""r01_c06"",""r01_c07"",""r02_c04"",""r02_c06"",""r04_c00"",""r04_c01"",""r04_c02"",""r05_c00"",""r05_c01"",""r05_c02"",""r05_c03"",""r05_c04"",""r05_c05"",""r06_c00"",""r06_c01"",""r06_c02"",""r06_c03"",""r06_c04"",""r06_c05"",""r06_c06"",""r06_c07""],""fair_cells"":[""r00_c05"",""r00_c06"",""r01_c04"",""r01_c05"",""r01_c06"",""r01_c07"",""r02_c04"",""r02_c06"",""r04_c00"",""r04_c01"",""r04_c02"",""r05_c00"",""r05_c01"",""r05_c02"",""r05_c03"",""r05_c04"",""r06_c00"",""r06_c01"",""r06_c02"",""r06_c06"",""r06_c07""],""poor_cells"":[""r05_c01"",""r05_c02"",""r05_c03"",""r05_c04"",""r05_c05"",""r06_c00"",""r06_c01"",""r06_c02"",""r06_c03"",""r06_c04"",""r06_c05""],""severe_cells"":[],""area_bins"":{""fair"":8,""poor"":6,""severe"":0},""row_condition_profile"":[1,1,1,0,1,4,4,0]}"
corr_3a6fe5aa7bf2948a,"{""affected_cells"":[""r00_c03"",""r00_c04"",""r00_c05"",""r01_c03"",""r01_c04"",""r01_c05"",""r01_c07"",""r02_c03"",""r02_c04"",""r02_c05"",""r02_c06"",""r02_c07"",""r03_c03"",""r03_c04"",""r03_c05"",""r03_c06"",""r03_c07"",""r04_c02"",""r04_c03"",""r04_c04"",""r04_c05"",""r04_c06"",""r04_c07"",""r05_c01"",""r05_c02"",""r05_c03"",""r05_c04"",""r05_c05"",""r05_c06"",""r05_c07"",""r06_c05"",""r06_c06"",""r06_c07""],""fair_cells"":[""r00_c03"",""r00_c04"",""r00_c05"",""r01_c03"",""r01_c04"",""r01_c05"",""r01_c07"",""r02_c04"",""r02_c05"",""r02_c06"",""r02_c07"",""r03_c05"",""r03_c06"",""r03_c07""],""poor_cells"":[""r01_c04"",""r01_c05"",""r02_c03"",""r02_c04"",""r02_c05"",""r03_c03"",""r03_c04"",""r03_c05"",""r03_c06"",""r03_c07"",""r04_c02"",""r04_c03"",""r04_c04"",""r04_c05"",""r04_c06"",""r04_c07"",""r05_c01"",""r05_c02"",""r05_c03"",""r05_c04"",""r05_c05"",""r05_c06"",""r05_c07"",""r06_c05"",""r06_c06"",""r06_c07""],""severe_cells"":[],""area_bins"":{""fair"":6,""poor"":9,""severe"":0},""row_condition_profile"":[1,4,4,4,2,2,2,0]}"
corr_3a7d19e7cef35b66,"{""affected_cells"":[""r00_c00"",""r00_c05"",""r00_c06"",""r01_c00"",""r01_c01"",""r01_c04"",""r01_c05"",""r01_c06"",""r01_c07"",""r02_c00"",""r02_c05"",""r02_c06"",""r02_c07"",""r03_c05"",""r03_c06"",""r03_c07"",""r04_c05"",""r04_c06"",""r04_c07"",""r05_c05"",""r05_c06"",""r06_c05""],""fair_cells"":[""r00_c00"",""r00_c05"",""r00_c06"",""r01_c00"",""r01_c01"",""r01_c04"",""r01_c05"",""r01_c06"",""r01_c07"",""r02_c00"",""r02_c05"",""r02_c06"",""r02_c07"",""r03_c05"",""r03_c06"",""r03_c07"",""r04_c05"",""r04_c06"",""r04_c07"",""r05_c05"",""r05_c06"",""r06_c05""],""poor_cells"":[""r01_c00"",""r04_c05"",""r05_c05""],""severe_cells"":[],""area_bins"":{""fair"":3,""poor"":3,""severe"":0},""row_condition_profile"":[1,4,1,1,4,4,1,0]}"
corr_3ad5c8b8d3ea49be,"{""affected_cells"":[""r00_c00"",""r00_c01"",""r00_c02"",""r00_c03"",""r00_c04"",""r00_c05"",""r00_c06"",""r00_c07"",""r01_c00"",""r01_c01"",""r01_c02"",""r01_c03"",""r01_c04"",""r01_c05"",""r01_c06"",""r02_c00"",""r02_c01"",""r02_c02"",""r02_c03"",""r02_c04"",""r02_c05"",""r02_c06"",""r03_c00"",""r03_c01"",""r03_c02"",""r03_c03"",""r03_c04"",""r03_c05"",""r04_c00"",""r04_c01"",""r04_c02"",""r04_c03"",""r04_c04"",""r04_c05"",""r05_c00"",""r05_c01"",""r05_c02"",""r05_c03"",""r05_c04"",""r05_c05"",""r06_c00"",""r06_c01"",""r06_c02"",""r06_c03"",""r06_c04"",""r06_c05""],""fair_cells"":[""r00_c00"",""r00_c01"",""r00_c02"",""r00_c03"",""r00_c04"",""r00_c05"",""r01_c00"",""r01_c01"",""r01_c02"",""r01_c03"",""r01_c04"",""r01_c05"",""r01_c06"",""r02_c00"",""r02_c01"",""r02_c02"",""r02_c03"",""r02_c04"",""r02_c05"",""r02_c06"",""r03_c00"",""r03_c01"",""r03_c02"",""r03_c03"",""r03_c04"",""r03_c05"",""r04_c00"",""r04_c01"",""r04_c02"",""r04_c03"",""r04_c04"",""r04_c05"",""r05_c00"",""r05_c01"",""r05_c02"",""r05_c03"",""r05_c04"",""r05_c05"",""r06_c00"",""r06_c01"",""r06_c02"",""r06_c03"",""r06_c04"",""r06_c05""],""poor_cells"":[""r00_c00"",""r00_c01"",""r00_c02"",""r00_c03"",""r00_c04"",""r00_c05"",""r00_c06"",""r00_c07"",""r01_c00"",""r01_c01"",""r01_c02"",""r01_c03"",""r01_c04"",""r01_c05"",""r01_c06"",""r02_c00"",""r02_c01"",""r02_c02"",""r02_c03"",""r03_c00"",""r03_c01"",""r03_c02"",""r03_c03"",""r04_c01"",""r04_c02"",""r05_c01"",""r05_c02"",""r06_c01"",""r06_c02""],""severe_cells"":[],""area_bins"":{""fair"":9,""poor"":8,""severe"":0},""row_condition_profile"":[4,4,4,4,4,4,4,0]}"
corr_3b1fdfc3f7abda1f,"{""affected_cells"":[""r00_c00"",""r00_c01"",""r00_c02"",""r00_c03"",""r00_c04"",""r00_c05"",""r00_c06"",""r00_c07"",""r01_c00"",""r01_c01"",""r01_c02"",""r01_c03"",""r01_c06"",""r01_c07"",""r02_c00"",""r02_c01"",""r02_c03"",""r02_c07"",""r03_c00"",""r03_c01"",""r03_c02"",""r03_c03"",""r03_c04"",""r03_c05"",""r03_c06"",""r03_c07"",""r04_c00"",""r04_c01"",""r04_c02"",""r04_c03"",""r04_c04"",""r04_c05"",""r04_c06"",""r04_c07"",""r05_c00"",""r05_c01"",""r05_c02"",""r05_c03"",""r05_c04"",""r05_c05"",""r05_c06"",""r05_c07"",""r06_c00"",""r06_c01"",""r06_c02"",""r06_c03""],""fair_cells"":[""r00_c00"",""r00_c01"",""r00_c02"",""r00_c03"",""r00_c04"",""r00_c05"",""r00_c06"",""r00_c07"",""r01_c00"",""r01_c01"",""r01_c02"",""r01_c03"",""r01_c06"",""r01_c07"",""r02_c00"",""r02_c01"",""r02_c03"",""r02_c07"",""r03_c00"",""r03_c01"",""r03_c02"",""r03_c03"",""r03_c04"",""r03_c05"",""r03_c06"",""r03_c07"",""r04_c00"",""r04_c01"",""r04_c02"",""r04_c03"",""r04_c04"",""r04_c05"",""r04_c06"",""r04_c07"",""r05_c00"",""r05_c01"",""r05_c02"",""r05_c03"",""r05_c04"",""r05_c05"",""r05_c06"",""r05_c07"",""r06_c00"",""r06_c01"",""r06_c02"",""r06_c03""],""poor_cells"":[""r00_c07"",""r01_c07"",""r05_c00"",""r05_c01""],""severe_cells"":[],""area_bins"":{""fair"":9,""poor"":5,""severe"":0},""row_condition_profile"":[4,4,1,1,1,4,1,0]}"
corr_3bca25b15321a665,"{""affected_cells"":[""r00_c00"",""r00_c01"",""r00_c02"",""r00_c03"",""r00_c04"",""r00_c05"",""r01_c00"",""r01_c01"",""r01_c02"",""r01_c03"",""r01_c04"",""r01_c05"",""r02_c00"",""r02_c01"",""r02_c02"",""r02_c03"",""r02_c04"",""r02_c05"",""r02_c06"",""r02_c07"",""r03_c00"",""r03_c01"",""r03_c02"",""r03_c03"",""r03_c04"",""r03_c05"",""r03_c06"",""r03_c07"",""r04_c00"",""r04_c01"",""r04_c02"",""r04_c03"",""r04_c04"",""r04_c05"",""r04_c06""],""fair_cells"":[""r00_c00"",""r00_c01"",""r00_c02"",""r00_c03"",""r00_c04"",""r00_c05"",""r01_c03"",""r01_c04"",""r01_c05"",""r02_c04"",""r02_c05"",""r02_c06"",""r02_c07"",""r03_c00"",""r03_c02"",""r03_c03"",""r03_c04"",""r03_c05"",""r03_c06"",""r03_c07"",""r04_c00"",""r04_c01"",""r04_c02"",""r04_c03"",""r04_c04"",""r04_c05"",""r04_c06""],""poor_cells"":[""r00_c00"",""r00_c01"",""r00_c02"",""r00_c03"",""r00_c05"",""r01_c00"",""r01_c01"",""r01_c02"",""r01_c03"",""r01_c04"",""r01_c05"",""r02_c00"",""r02_c01"",""r02_c02"",""r02_c03"",""r02_c04"",""r02_c05"",""r02_c06"",""r02_c07"",""r03_c00"",""r03_c01"",""r03_c02"",""r03_c03"",""r03_c04"",""r03_c05"",""r03_c06"",""r03_c07"",""r04_c00"",""r04_c01""],""severe_cells"":[""r01_c00"",""r01_c01"",""r01_c02"",""r02_c00"",""r02_c01"",""r02_c02""],""area_bins"":{""fair"":7,""poor"":9,""severe"":1},""row_condition_profile"":[4,4,4,4,4,0,0,0]}"
corr_3f0a271bf6c731ce,"{""affected_cells"":[""r00_c00"",""r00_c01"",""r00_c02"",""r00_c03"",""r00_c04"",""r00_c07"",""r01_c00"",""r01_c01"",""r01_c02"",""r01_c03"",""r01_c04"",""r01_c07"",""r02_c00"",""r02_c01"",""r02_c02"",""r02_c03"",""r02_c04"",""r02_c07"",""r03_c00"",""r03_c01"",""r03_c02"",""r03_c03"",""r03_c04"",""r04_c00"",""r04_c01"",""r04_c02"",""r04_c03"",""r04_c04""],""fair_cells"":[""r00_c00"",""r00_c01"",""r00_c02"",""r00_c03"",""r00_c04"",""r00_c07"",""r01_c00"",""r01_c01"",""r01_c02"",""r01_c03"",""r01_c04"",""r01_c07"",""r02_c00"",""r02_c01"",""r02_c02"",""r02_c03"",""r02_c04"",""r02_c07"",""r03_c00"",""r03_c01"",""r03_c02"",""r03_c03"",""r03_c04"",""r04_c00"",""r04_c01"",""r04_c02"",""r04_c04""],""poor_cells"":[""r04_c00"",""r04_c01"",""r04_c02"",""r04_c03"",""r04_c04""],""severe_cells"":[],""area_bins"":{""fair"":7,""poor"":1,""severe"":0},""row_condition_profile"":[1,1,1,1,4,0,0,0]}"
corr_3f73119e22cf2b87,"{""affected_cells"":[""r00_c00"",""r00_c01"",""r00_c02"",""r00_c03"",""r00_c04"",""r00_c05"",""r01_c00"",""r01_c01"",""r01_c02"",""r01_c03"",""r01_c04"",""r01_c05"",""r01_c06"",""r02_c00"",""r02_c01"",""r02_c02"",""r02_c03"",""r02_c04"",""r02_c05"",""r02_c06"",""r02_c07"",""r03_c00"",""r03_c01"",""r03_c02"",""r03_c03"",""r03_c04"",""r03_c05"",""r03_c06"",""r03_c07"",""r04_c00"",""r04_c01"",""r04_c02"",""r04_c03"",""r04_c04"",""r04_c05"",""r04_c06"",""r04_c07"",""r05_c00"",""r05_c01"",""r05_c02"",""r05_c03"",""r05_c04"",""r05_c05"",""r05_c06"",""r05_c07"",""r06_c00"",""r06_c01"",""r06_c02"",""r06_c03"",""r06_c04"",""r06_c05"",""r06_c06"",""r06_c07""],""fair_cells"":[""r00_c00"",""r00_c01"",""r00_c02"",""r00_c03"",""r00_c04"",""r00_c05"",""r01_c00"",""r01_c01"",""r01_c02"",""r01_c03"",""r01_c04"",""r01_c05"",""r01_c06"",""r02_c00"",""r02_c01"",""r02_c02"",""r02_c03"",""r02_c04"",""r02_c05"",""r02_c06"",""r02_c07"",""r03_c00"",""r03_c01"",""r03_c02"",""r03_c03"",""r03_c04"",""r03_c05"",""r03_c06"",""r03_c07"",""r04_c00"",""r04_c01"",""r04_c02"",""r04_c03"",""r04_c04"",""r04_c05"",""r04_c06"",""r04_c07"",""r05_c01"",""r05_c02"",""r05_c03"",""r05_c04"",""r05_c05"",""r05_c06"",""r05_c07"",""r06_c00"",""r06_c01"",""r06_c02"",""r06_c03"",""r06_c04"",""r06_c05"",""r06_c06"",""r06_c07""],""poor_cells"":[""r00_c02"",""r00_c03"",""r01_c01"",""r01_c02"",""r01_c03"",""r02_c01"",""r02_c02"",""r02_c03"",""r02_c05"",""r02_c06"",""r03_c00"",""r03_c01"",""r03_c02"",""r03_c03"",""r03_c04"",""r03_c05"",""r03_c06"",""r04_c00"",""r04_c01"",""r04_c02"",""r04_c03"",""r04_c04"",""r04_c05"",""r04_c06"",""r05_c00"",""r05_c01"",""r05_c02"",""r05_c03"",""r05_c04"",""r05_c05"",""r05_c06"",""r05_c07"",""r06_c01"",""r06_c02"",""r06_c03"",""r06_c04"",""r06_c07""],""severe_cells"":[],""area_bins"":{""fair"":9,""poor"":9,""severe"":0},""row_condition_profile"":[4,4,4,4,4,4,4,0]}"
corr_3fdc96ba7052d905,"{""affected_cells"":[""r00_c06"",""r00_c07"",""r01_c00"",""r01_c06"",""r01_c07"",""r02_c00"",""r02_c06"",""r02_c07"",""r03_c00"",""r03_c01"",""r03_c06"",""r03_c07"",""r04_c00"",""r04_c01"",""r04_c02"",""r04_c03"",""r04_c04"",""r04_c05"",""r04_c06"",""r04_c07"",""r05_c00"",""r05_c01"",""r05_c02"",""r05_c03"",""r05_c04"",""r05_c05"",""r05_c06""],""fair_cells"":[""r00_c06"",""r00_c07"",""r01_c00"",""r01_c06"",""r01_c07"",""r02_c00"",""r02_c06"",""r02_c07"",""r03_c00"",""r03_c01"",""r03_c06"",""r03_c07"",""r04_c00"",""r04_c01"",""r04_c02"",""r04_c03"",""r04_c04"",""r04_c05"",""r04_c06"",""r04_c07"",""r05_c00"",""r05_c01"",""r05_c02"",""r05_c03"",""r05_c04"",""r05_c05"",""r05_c06""],""poor_cells"":[""r03_c00"",""r03_c01"",""r04_c00"",""r04_c01"",""r04_c02"",""r04_c06"",""r04_c07"",""r05_c00""],""severe_cells"":[],""area_bins"":{""fair"":8,""poor"":7,""severe"":0},""row_condition_profile"":[1,1,1,4,4,4,0,0]}"
corr_4014b65801608471,"{""affected_cells"":[""r00_c00"",""r00_c01"",""r00_c02"",""r00_c03"",""r00_c04"",""r00_c05"",""r00_c06"",""r00_c07"",""r01_c00"",""r01_c01"",""r01_c02"",""r01_c03"",""r01_c04"",""r01_c05"",""r01_c06"",""r01_c07"",""r02_c00"",""r02_c01"",""r02_c02"",""r02_c03"",""r02_c04"",""r02_c05"",""r02_c06"",""r02_c07"",""r03_c00"",""r03_c01"",""r03_c02"",""r03_c03"",""r03_c04"",""r03_c05"",""r03_c06"",""r03_c07"",""r04_c00"",""r04_c01"",""r04_c02"",""r04_c03"",""r04_c04"",""r04_c05"",""r04_c06"",""r04_c07"",""r05_c00"",""r05_c01"",""r05_c02"",""r05_c03"",""r05_c04"",""r05_c05"",""r05_c06"",""r05_c07"",""r06_c02"",""r06_c03"",""r06_c04"",""r06_c05"",""r06_c06"",""r06_c07""],""fair_cells"":[""r00_c00"",""r00_c01"",""r00_c02"",""r00_c03"",""r00_c04"",""r00_c05"",""r00_c06"",""r00_c07"",""r01_c00"",""r01_c01"",""r01_c02"",""r01_c03"",""r01_c04"",""r01_c05"",""r01_c06"",""r01_c07"",""r02_c00"",""r02_c01"",""r02_c02"",""r02_c03"",""r02_c04"",""r02_c05"",""r02_c06"",""r02_c07"",""r03_c00"",""r03_c01"",""r03_c02"",""r03_c03"",""r03_c04"",""r03_c05"",""r03_c06"",""r03_c07"",""r04_c00"",""r04_c01"",""r04_c02"",""r04_c03"",""r04_c04"",""r04_c05"",""r04_c06"",""r04_c07"",""r05_c00"",""r05_c01"",""r05_c02"",""r05_c03"",""r05_c04"",""r05_c05"",""r05_c06"",""r05_c07"",""r06_c02"",""r06_c03"",""r06_c04"",""r06_c05"",""r06_c06"",""r06_c07""],""poor_cells"":[""r04_c06"",""r04_c07"",""r05_c06"",""r05_c07"",""r06_c07""],""severe_cells"":[],""area_bins"":{""fair"":9,""poor"":1,""severe"":0},""row_condition_profile"":[1,1,1,1,4,4,4,0]}"
corr_409159e128623790,"{""affected_cells"":[""r00_c05"",""r00_c06"",""r00_c07"",""r01_c05"",""r01_c06"",""r01_c07"",""r02_c05"",""r02_c06"",""r02_c07"",""r03_c00"",""r03_c01"",""r03_c02"",""r03_c06"",""r03_c07"",""r04_c00"",""r04_c01"",""r05_c00""],""fair_cells"":[""r00_c07"",""r03_c00"",""r03_c01"",""r03_c02"",""r04_c00"",""r04_c01"",""r05_c00""],""poor_cells"":[""r00_c05"",""r00_c06"",""r00_c07"",""r01_c05"",""r01_c06"",""r01_c07"",""r02_c05"",""r02_c06"",""r02_c07"",""r03_c06"",""r03_c07""],""severe_cells"":[""r00_c07"",""r01_c06"",""r01_c07"",""r02_c06"",""r02_c07""],""area_bins"":{""fair"":1,""poor"":7,""severe"":1},""row_condition_profile"":[4,4,4,4,1,1,0,0]}"
corr_409fad2a92e0641f,"{""affected_cells"":[""r00_c00"",""r00_c01"",""r00_c02"",""r00_c03"",""r00_c04"",""r00_c05"",""r00_c06"",""r00_c07"",""r01_c00"",""r01_c01"",""r01_c02"",""r01_c03"",""r01_c04"",""r01_c05"",""r01_c06"",""r01_c07"",""r02_c00"",""r02_c01"",""r02_c02"",""r02_c03"",""r02_c04"",""r02_c05"",""r02_c06"",""r02_c07"",""r03_c02"",""r03_c03"",""r04_c02"",""r04_c03"",""r04_c04"",""r05_c00"",""r05_c02"",""r05_c03"",""r05_c04"",""r06_c00"",""r06_c01"",""r06_c02"",""r06_c03"",""r06_c04""],""fair_cells"":[""r00_c00"",""r00_c01"",""r00_c02"",""r00_c03"",""r00_c04"",""r00_c05"",""r00_c06"",""r00_c07"",""r03_c02"",""r03_c03"",""r04_c02"",""r04_c03"",""r04_c04"",""r05_c00"",""r05_c02"",""r05_c03"",""r05_c04"",""r06_c00"",""r06_c01"",""r06_c02"",""r06_c03"",""r06_c04""],""poor_cells"":[""r00_c00"",""r00_c01"",""r00_c02"",""r00_c03"",""r00_c04"",""r00_c05"",""r00_c06"",""r00_c07"",""r01_c00"",""r01_c01"",""r01_c02"",""r01_c03"",""r01_c04"",""r01_c05"",""r01_c06"",""r01_c07"",""r02_c00"",""r02_c01"",""r02_c02"",""r02_c03"",""r02_c04"",""r02_c05"",""r02_c06"",""r02_c07"",""r03_c03"",""r04_c03"",""r06_c02""],""severe_cells"":[],""area_bins"":{""fair"":7,""poor"":9,""severe"":0},""row_condition_profile"":[4,2,2,4,4,1,4,0]}"
corr_40b3070e61fb3bbc,"{""affected_cells"":[""r00_c04"",""r00_c05"",""r00_c06"",""r00_c07"",""r01_c05"",""r01_c06"",""r01_c07"",""r02_c04"",""r02_c05"",""r02_c06"",""r02_c07"",""r03_c04"",""r03_c05""],""fair_cells"":[""r00_c04"",""r00_c05"",""r00_c06"",""r00_c07"",""r01_c05"",""r01_c06"",""r01_c07"",""r02_c04"",""r02_c05"",""r02_c06"",""r02_c07"",""r03_c04"",""r03_c05""],""poor_cells"":[],""severe_cells"":[],""area_bins"":{""fair"":4,""poor"":0,""severe"":0},""row_condition_profile"":[1,1,1,1,0,0,0,0]}"
corr_40d6c541f48d7f38,"{""affected_cells"":[""r00_c00"",""r00_c01"",""r00_c02"",""r00_c03"",""r01_c00"",""r02_c00"",""r02_c01"",""r03_c00"",""r03_c01"",""r03_c02"",""r04_c00"",""r04_c01"",""r04_c02"",""r06_c01"",""r06_c02"",""r06_c03""],""fair_cells"":[""r01_c00"",""r02_c00"",""r02_c01"",""r03_c00"",""r03_c01"",""r03_c02"",""r04_c00"",""r04_c01"",""r04_c02""],""poor_cells"":[""r00_c00"",""r00_c01"",""r00_c02"",""r00_c03""],""severe_cells"":[""r06_c01"",""r06_c02"",""r06_c03""],""area_bins"":{""fair"":1,""poor"":6,""severe"":1},""row_condition_profile"":[2,1,1,1,1,0,3,0]}"
corr_40f9330fb62957c7,"{""affected_cells"":[""r00_c01"",""r00_c02"",""r00_c03"",""r01_c02"",""r01_c03"",""r01_c04"",""r02_c02"",""r02_c03"",""r02_c04"",""r03_c02"",""r03_c03"",""r03_c04"",""r04_c01"",""r04_c02"",""r04_c03"",""r04_c04"",""r05_c00"",""r05_c01"",""r05_c02"",""r05_c03"",""r05_c04"",""r06_c01"",""r06_c02"",""r06_c03"",""r06_c04""],""fair_cells"":[""r00_c01"",""r00_c02"",""r00_c03"",""r01_c02"",""r01_c03"",""r01_c04"",""r02_c02"",""r02_c03"",""r02_c04"",""r03_c02"",""r03_c03"",""r03_c04"",""r04_c01"",""r04_c02"",""r04_c03"",""r04_c04"",""r05_c00"",""r05_c01"",""r05_c02"",""r05_c03"",""r05_c04"",""r06_c01"",""r06_c02"",""r06_c03"",""r06_c04""],""poor_cells"":[""r01_c02"",""r01_c03"",""r02_c02"",""r02_c03"",""r03_c02"",""r03_c03""],""severe_cells"":[],""area_bins"":{""fair"":9,""poor"":4,""severe"":0},""row_condition_profile"":[1,4,4,4,1,1,1,0]}"
corr_41146b2cc0bea789,"{""affected_cells"":[""r00_c00"",""r00_c05"",""r00_c06"",""r01_c00"",""r01_c01"",""r01_c05"",""r01_c06"",""r02_c00"",""r02_c01"",""r02_c02"",""r02_c03"",""r02_c04"",""r02_c05"",""r02_c06"",""r03_c00"",""r03_c01"",""r03_c02"",""r03_c03"",""r03_c04"",""r03_c05"",""r03_c06"",""r03_c07"",""r04_c03"",""r04_c04"",""r04_c05"",""r04_c06"",""r05_c03"",""r05_c04"",""r05_c05"",""r05_c06"",""r06_c03"",""r06_c04"",""r06_c05"",""r06_c06""],""fair_cells"":[""r00_c00"",""r00_c05"",""r00_c06"",""r01_c05"",""r01_c06"",""r02_c02"",""r02_c03"",""r02_c04"",""r02_c05"",""r02_c06"",""r03_c00"",""r03_c01"",""r03_c02"",""r03_c03"",""r03_c04"",""r03_c05"",""r03_c06"",""r03_c07"",""r04_c03"",""r04_c04"",""r04_c05"",""r04_c06"",""r05_c03"",""r05_c04"",""r05_c05"",""r05_c06"",""r06_c03"",""r06_c04"",""r06_c05"",""r06_c06""],""poor_cells"":[""r00_c00"",""r01_c00"",""r01_c01"",""r02_c00"",""r02_c01"",""r05_c03"",""r05_c04""],""severe_cells"":[],""area_bins"":{""fair"":9,""poor"":6,""severe"":0},""row_condition_profile"":[4,4,4,1,1,4,1,0]}"
corr_4198f389079b10cd,"{""affected_cells"":[""r00_c00"",""r00_c01"",""r00_c02"",""r00_c03"",""r00_c04"",""r00_c05"",""r00_c06"",""r00_c07"",""r01_c00"",""r01_c01"",""r01_c02"",""r01_c03"",""r01_c04"",""r01_c05"",""r01_c06"",""r01_c07"",""r02_c02"",""r02_c03"",""r02_c04"",""r02_c05"",""r02_c06"",""r02_c07"",""r03_c01"",""r03_c02"",""r03_c03"",""r03_c04"",""r03_c05"",""r03_c06"",""r04_c00"",""r04_c01"",""r04_c05"",""r04_c06"",""r05_c01"",""r05_c02"",""r05_c05"",""r06_c00"",""r06_c01"",""r06_c02"",""r06_c03"",""r06_c04""],""fair_cells"":[""r00_c00"",""r00_c01"",""r00_c02"",""r00_c03"",""r00_c04"",""r00_c05"",""r00_c06"",""r00_c07"",""r01_c00"",""r01_c01"",""r01_c02"",""r01_c03"",""r01_c04"",""r01_c05"",""r01_c06"",""r01_c07"",""r02_c02"",""r02_c03"",""r02_c04"",""r02_c05"",""r02_c06"",""r02_c07"",""r03_c01"",""r03_c02"",""r03_c03"",""r03_c04"",""r03_c05"",""r03_c06"",""r04_c00"",""r04_c01"",""r04_c05"",""r04_c06"",""r05_c01"",""r05_c02"",""r05_c05"",""r06_c00"",""r06_c01"",""r06_c02"",""r06_c03"",""r06_c04""],""poor_cells"":[""r00_c00"",""r00_c01"",""r00_c02"",""r00_c03"",""r01_c01"",""r01_c02"",""r01_c03"",""r02_c02"",""r02_c03"",""r02_c04"",""r03_c04""],""severe_cells"":[],""area_bins"":{""fair"":9,""poor"":7,""severe"":0},""row_condition_profile"":[4,4,4,4,1,1,1,0]}"
corr_41b51addcd8b927b,"{""affected_cells"":[""r00_c01"",""r00_c02"",""r00_c03"",""r00_c04"",""r00_c05"",""r00_c06"",""r00_c07"",""r01_c01"",""r01_c02"",""r01_c03"",""r01_c04"",""r01_c05"",""r01_c06"",""r01_c07"",""r02_c01"",""r02_c02"",""r02_c03"",""r02_c04"",""r02_c05"",""r02_c06"",""r03_c01"",""r03_c02"",""r03_c03"",""r03_c04"",""r03_c05"",""r03_c06"",""r04_c01"",""r04_c02"",""r04_c03"",""r04_c04"",""r04_c05"",""r04_c06"",""r05_c01"",""r05_c02"",""r05_c03"",""r05_c04"",""r05_c05"",""r05_c06"",""r06_c01"",""r06_c02"",""r06_c03"",""r06_c04"",""r06_c05""],""fair_cells"":[""r00_c01"",""r00_c02"",""r00_c03"",""r00_c04"",""r00_c05"",""r00_c06"",""r00_c07"",""r01_c01"",""r01_c02"",""r01_c03"",""r01_c04"",""r01_c05"",""r01_c06"",""r01_c07"",""r02_c01"",""r02_c02"",""r02_c03"",""r02_c04"",""r02_c05"",""r02_c06"",""r03_c01"",""r03_c02"",""r03_c03"",""r03_c04"",""r03_c05"",""r03_c06"",""r04_c01"",""r04_c02"",""r04_c03"",""r04_c04"",""r04_c05"",""r04_c06"",""r05_c01"",""r05_c02"",""r05_c03"",""r05_c04"",""r05_c05"",""r05_c06"",""r06_c01"",""r06_c02"",""r06_c03"",""r06_c04"",""r06_c05""],""poor_cells"":[],""severe_cells"":[],""area_bins"":{""fair"":9,""poor"":0,""severe"":0},""row_condition_profile"":[1,1,1,1,1,1,1,0]}"
corr_41e7a179f8b3ae6f,"{""affected_cells"":[""r00_c01"",""r00_c02"",""r00_c04"",""r00_c05"",""r00_c06"",""r00_c07"",""r01_c01"",""r01_c02"",""r01_c03"",""r01_c04"",""r01_c05"",""r01_c06"",""r01_c07"",""r02_c01"",""r02_c02"",""r02_c03"",""r02_c04"",""r02_c05"",""r02_c06"",""r02_c07"",""r03_c04"",""r03_c05"",""r03_c06"",""r03_c07"",""r04_c04"",""r04_c05"",""r04_c06"",""r04_c07"",""r05_c04"",""r05_c05"",""r05_c06""],""fair_cells"":[""r00_c01"",""r00_c02"",""r00_c04"",""r00_c05"",""r00_c06"",""r00_c07"",""r01_c01"",""r01_c02"",""r01_c03"",""r01_c04"",""r01_c05"",""r01_c06"",""r01_c07"",""r02_c01"",""r02_c02"",""r02_c04"",""r02_c05"",""r02_c06"",""r02_c07"",""r03_c04"",""r03_c05"",""r03_c06"",""r03_c07""],""poor_cells"":[""r01_c04"",""r02_c02"",""r02_c03"",""r02_c04"",""r02_c07"",""r03_c04"",""r03_c05"",""r03_c06"",""r03_c07"",""r04_c04"",""r04_c05"",""r04_c06"",""r04_c07"",""r05_c04"",""r05_c05"",""r05_c06""],""severe_cells"":[],""area_bins"":{""fair"":7,""poor"":9,""severe"":0},""row_condition_profile"":[1,4,4,4,2,2,0,0]}"
corr_42426625c5de2d53,"{""affected_cells"":[""r00_c00"",""r00_c01"",""r00_c02"",""r00_c03"",""r00_c04"",""r00_c05"",""r00_c06"",""r00_c07"",""r01_c00"",""r01_c01"",""r01_c02"",""r01_c03"",""r01_c04"",""r01_c05"",""r01_c06"",""r01_c07"",""r02_c00"",""r02_c01"",""r02_c02"",""r02_c03"",""r02_c04"",""r02_c05"",""r02_c06"",""r02_c07"",""r03_c00"",""r03_c01"",""r03_c02"",""r03_c03"",""r03_c04"",""r03_c05"",""r03_c06"",""r03_c07"",""r04_c00"",""r04_c01"",""r04_c02"",""r04_c03"",""r04_c04"",""r04_c05"",""r04_c06"",""r04_c07"",""r05_c00"",""r05_c01"",""r05_c02"",""r05_c03"",""r05_c04"",""r05_c05"",""r05_c06"",""r05_c07"",""r06_c00"",""r06_c02"",""r06_c03"",""r06_c04"",""r06_c05"",""r06_c06"",""r06_c07""],""fair_cells"":[""r00_c00"",""r00_c01"",""r00_c02"",""r00_c03"",""r00_c04"",""r00_c05"",""r00_c06"",""r01_c00"",""r01_c01"",""r01_c02"",""r01_c03"",""r01_c04"",""r01_c05"",""r01_c06"",""r02_c00"",""r02_c01"",""r02_c02"",""r02_c03"",""r02_c04"",""r02_c05"",""r02_c06"",""r03_c00"",""r03_c01"",""r03_c02"",""r03_c03"",""r03_c04"",""r03_c05"",""r03_c06"",""r04_c00"",""r04_c01"",""r04_c02"",""r04_c03"",""r04_c04"",""r04_c05"",""r05_c00"",""r05_c01"",""r05_c02"",""r05_c04"",""r05_c05"",""r05_c06"",""r05_c07"",""r06_c00"",""r06_c02"",""r06_c03"",""r06_c04"",""r06_c05"",""r06_c06"",""r06_c07""],""poor_cells"":[""r00_c05"",""r00_c06"",""r00_c07"",""r01_c06"",""r01_c07"",""r02_c06"",""r02_c07"",""r03_c00"",""r03_c01"",""r03_c02"",""r03_c03"",""r03_c06"",""r03_c07"",""r04_c00"",""r04_c01"",""r04_c02"",""r04_c03"",""r04_c04"",""r04_c05"",""r04_c06"",""r04_c07"",""r05_c02"",""r05_c03"",""r05_c04"",""r05_c05"",""r05_c06"",""r05_c07"",""r06_c02"",""r06_c03"",""r06_c04""],""severe_cells"":[],""area_bins"":{""fair"":9,""poor"":9,""severe"":0},""row_condition_profile"":[4,4,4,4,4,4,4,0]}"
corr_42600bb362799e27,"{""affected_cells"":[""r01_c03"",""r02_c03"",""r02_c04"",""r02_c05"",""r02_c06"",""r02_c07"",""r03_c03"",""r03_c04"",""r03_c05"",""r04_c03"",""r04_c04"",""r04_c05"",""r04_c06"",""r04_c07"",""r05_c03"",""r05_c04"",""r05_c05"",""r05_c07"",""r06_c00""],""fair_cells"":[""r01_c03"",""r02_c03"",""r02_c04"",""r02_c05"",""r02_c06"",""r02_c07"",""r03_c03"",""r03_c04"",""r03_c05"",""r04_c03"",""r04_c04"",""r04_c05"",""r04_c06"",""r04_c07"",""r05_c03"",""r05_c04"",""r05_c05"",""r05_c07"",""r06_c00""],""poor_cells"":[],""severe_cells"":[],""area_bins"":{""fair"":5,""poor"":0,""severe"":0},""row_condition_profile"":[0,1,1,1,1,1,1,0]}"
corr_42c386a1e077daf8,"{""affected_cells"":[""r00_c02"",""r00_c03"",""r00_c04"",""r00_c05"",""r01_c00"",""r01_c01"",""r01_c02"",""r01_c03"",""r01_c04"",""r01_c05"",""r02_c00"",""r02_c01"",""r02_c02"",""r02_c03"",""r02_c04"",""r02_c05"",""r03_c00"",""r03_c01"",""r03_c02"",""r03_c03"",""r03_c04"",""r03_c05"",""r04_c03"",""r04_c04"",""r04_c05"",""r05_c03"",""r05_c04"",""r05_c05"",""r06_c03"",""r06_c04"",""r06_c05"",""r06_c06""],""fair_cells"":[""r00_c02"",""r00_c03"",""r00_c04"",""r01_c00"",""r01_c01"",""r01_c02"",""r01_c03"",""r01_c04"",""r02_c00"",""r02_c01"",""r02_c04"",""r02_c05"",""r03_c03"",""r03_c04"",""r03_c05"",""r04_c03"",""r04_c04"",""r04_c05"",""r05_c03"",""r05_c04"",""r05_c05"",""r06_c03"",""r06_c04"",""r06_c05""],""poor_cells"":[""r00_c03"",""r00_c04"",""r00_c05"",""r01_c02"",""r01_c03"",""r01_c04"",""r01_c05"",""r02_c00"",""r02_c01"",""r02_c02"",""r02_c03"",""r02_c04"",""r02_c05"",""r03_c00"",""r03_c01"",""r03_c02"",""r03_c03"",""r03_c04"",""r03_c05"",""r04_c05"",""r05_c05"",""r06_c05""],""severe_cells"":[""r06_c05"",""r06_c06""],""area_bins"":{""fair"":9,""poor"":9,""severe"":1},""row_condition_profile"":[4,4,4,4,4,4,4,0]}"
corr_430fc5a82d17d86c,"{""affected_cells"":[""r00_c03"",""r00_c04"",""r00_c05"",""r00_c06"",""r00_c07"",""r01_c04"",""r01_c05"",""r01_c07"",""r02_c00"",""r02_c06"",""r02_c07"",""r03_c07""],""fair_cells"":[""r00_c03"",""r00_c04"",""r00_c05"",""r00_c06"",""r01_c04"",""r01_c05"",""r02_c00""],""poor_cells"":[""r00_c05"",""r00_c06"",""r00_c07"",""r01_c07"",""r02_c06"",""r02_c07"",""r03_c07""],""severe_cells"":[],""area_bins"":{""fair"":3,""poor"":6,""severe"":0},""row_condition_profile"":[4,4,4,2,0,0,0,0]}"
corr_4406193f0cbbd0bb,"{""affected_cells"":[""r00_c02"",""r00_c03"",""r00_c04"",""r00_c05"",""r00_c06"",""r00_c07"",""r01_c00"",""r01_c01"",""r01_c02"",""r01_c03"",""r01_c04"",""r01_c05"",""r02_c00"",""r02_c01"",""r02_c02"",""r03_c00"",""r03_c01"",""r03_c02"",""r04_c00"",""r04_c01"",""r04_c02"",""r04_c03"",""r04_c04"",""r05_c00"",""r06_c00"",""r06_c01"",""r06_c07""],""fair_cells"":[""r00_c02"",""r00_c03"",""r00_c04"",""r00_c05"",""r00_c06"",""r00_c07"",""r01_c00"",""r01_c01"",""r01_c02"",""r01_c03"",""r01_c04"",""r01_c05"",""r02_c00"",""r02_c01"",""r02_c02"",""r03_c00"",""r03_c01"",""r03_c02"",""r04_c00"",""r04_c01"",""r04_c02"",""r04_c03"",""r04_c04"",""r05_c00"",""r06_c00"",""r06_c01"",""r06_c07""],""poor_cells"":[""r03_c00"",""r03_c01"",""r03_c02"",""r04_c02"",""r04_c03""],""severe_cells"":[],""area_bins"":{""fair"":8,""poor"":5,""severe"":0},""row_condition_profile"":[1,1,1,4,4,1,1,0]}"
corr_448a194af6d80cbe,"{""affected_cells"":[""r00_c00"",""r00_c01"",""r00_c02"",""r00_c03"",""r01_c00"",""r01_c01"",""r01_c02"",""r01_c03"",""r01_c04"",""r02_c00"",""r02_c01"",""r02_c02"",""r02_c03"",""r02_c04"",""r02_c05"",""r02_c06"",""r02_c07"",""r03_c01"",""r03_c02"",""r03_c03"",""r03_c04"",""r03_c05"",""r03_c06"",""r03_c07""],""fair_cells"":[""r00_c00"",""r00_c01"",""r00_c02"",""r00_c03"",""r01_c00"",""r01_c01"",""r01_c02"",""r01_c03"",""r01_c04"",""r02_c00"",""r02_c01"",""r02_c02"",""r02_c03"",""r02_c04"",""r02_c05"",""r02_c06"",""r02_c07"",""r03_c01"",""r03_c02"",""r03_c03"",""r03_c04"",""r03_c05"",""r03_c06"",""r03_c07""],""poor_cells"":[],""severe_cells"":[],""area_bins"":{""fair"":8,""poor"":0,""severe"":0},""row_condition_profile"":[1,1,1,1,0,0,0,0]}"
corr_44b76e81162db56b,"{""affected_cells"":[""r01_c03"",""r01_c04"",""r01_c05"",""r01_c06"",""r01_c07"",""r02_c03"",""r02_c04"",""r02_c05"",""r02_c07"",""r03_c07"",""r04_c02"",""r04_c03"",""r04_c07"",""r05_c01"",""r05_c02"",""r05_c03"",""r05_c07"",""r06_c01"",""r06_c02"",""r06_c03"",""r06_c07""],""fair_cells"":[""r01_c03"",""r01_c04"",""r01_c05"",""r01_c06"",""r01_c07"",""r02_c03"",""r02_c04"",""r02_c05"",""r02_c07"",""r03_c07"",""r04_c02"",""r04_c03"",""r04_c07"",""r05_c01"",""r05_c02"",""r05_c03"",""r05_c07"",""r06_c01"",""r06_c02"",""r06_c03"",""r06_c07""],""poor_cells"":[],""severe_cells"":[],""area_bins"":{""fair"":7,""poor"":0,""severe"":0},""row_condition_profile"":[0,1,1,1,1,1,1,0]}"
corr_44e2074026674953,"{""affected_cells"":[""r00_c02"",""r00_c03"",""r00_c04"",""r00_c05"",""r00_c06"",""r00_c07"",""r01_c02"",""r01_c03"",""r01_c04"",""r01_c05"",""r01_c06"",""r01_c07"",""r02_c01"",""r02_c02"",""r02_c03"",""r02_c04"",""r02_c05"",""r02_c06"",""r02_c07"",""r03_c00"",""r03_c01"",""r03_c02"",""r03_c03"",""r03_c04"",""r03_c05"",""r03_c06"",""r03_c07"",""r04_c00"",""r04_c01"",""r04_c02"",""r04_c03"",""r04_c04"",""r05_c00"",""r05_c01""],""fair_cells"":[""r00_c02"",""r00_c03"",""r00_c04"",""r00_c05"",""r00_c06"",""r00_c07"",""r01_c02"",""r01_c03"",""r01_c04"",""r01_c05"",""r02_c01"",""r02_c02"",""r02_c03"",""r03_c01"",""r03_c02"",""r03_c03""],""poor_cells"":[""r00_c06"",""r00_c07"",""r01_c04"",""r01_c05"",""r01_c06"",""r01_c07"",""r02_c03"",""r02_c04"",""r02_c05"",""r02_c06"",""r02_c07"",""r03_c00"",""r03_c01"",""r03_c02"",""r03_c03"",""r03_c04"",""r03_c05"",""r03_c06"",""r03_c07"",""r04_c00"",""r04_c01"",""r04_c02"",""r04_c03"",""r04_c04"",""r05_c00"",""r05_c01""],""severe_cells"":[],""area_bins"":{""fair"":7,""poor"":9,""severe"":0},""row_condition_profile"":[4,4,4,4,2,2,0,0]}"
corr_450c59b3c07d43ac,"{""affected_cells"":[""r00_c04"",""r00_c05"",""r00_c06"",""r00_c07"",""r01_c00"",""r01_c01"",""r01_c02"",""r01_c03"",""r01_c04"",""r01_c05"",""r01_c06"",""r01_c07"",""r02_c00"",""r02_c01"",""r02_c02"",""r02_c03"",""r02_c04"",""r02_c05"",""r02_c06"",""r02_c07""],""fair_cells"":[""r00_c04"",""r00_c05"",""r00_c06"",""r00_c07"",""r01_c00"",""r01_c01"",""r01_c02"",""r01_c03"",""r01_c04"",""r01_c05"",""r01_c06"",""r01_c07"",""r02_c00"",""r02_c01"",""r02_c02"",""r02_c03"",""r02_c04"",""r02_c05"",""r02_c06"",""r02_c07""],""poor_cells"":[],""severe_cells"":[],""area_bins"":{""fair"":5,""poor"":0,""severe"":0},""row_condition_profile"":[1,1,1,0,0,0,0,0]}"
corr_472989a187d51355,"{""affected_cells"":[""r00_c00"",""r00_c01"",""r00_c02"",""r00_c03"",""r00_c04"",""r00_c05"",""r00_c06"",""r00_c07"",""r01_c00"",""r01_c01"",""r01_c02"",""r01_c03"",""r01_c04"",""r01_c05"",""r01_c06"",""r01_c07"",""r02_c04"",""r02_c05""],""fair_cells"":[""r00_c00"",""r00_c01"",""r00_c02"",""r00_c03"",""r00_c04"",""r00_c05"",""r00_c06"",""r00_c07"",""r01_c00"",""r01_c01"",""r01_c02"",""r01_c03"",""r01_c04"",""r01_c05"",""r01_c06"",""r01_c07"",""r02_c04"",""r02_c05""],""poor_cells"":[],""severe_cells"":[],""area_bins"":{""fair"":6,""poor"":0,""severe"":0},""row_condition_profile"":[1,1,1,0,0,0,0,0]}"
corr_480eaf4af575dcfe,"{""affected_cells"":[""r00_c00"",""r00_c01"",""r00_c02"",""r00_c03"",""r00_c04"",""r00_c05"",""r00_c06"",""r00_c07"",""r01_c00"",""r01_c01"",""r01_c02"",""r01_c03"",""r01_c04"",""r01_c05"",""r01_c06"",""r02_c00"",""r02_c01"",""r02_c02"",""r02_c03"",""r02_c04"",""r02_c05"",""r02_c06"",""r02_c07"",""r03_c00"",""r03_c01"",""r03_c02"",""r03_c03"",""r03_c04"",""r03_c06"",""r03_c07"",""r04_c03"",""r04_c04"",""r04_c07"",""r05_c03"",""r05_c04"",""r05_c07"",""r06_c03"",""r06_c07""],""fair_cells"":[""r00_c00"",""r00_c01"",""r00_c02"",""r00_c03"",""r00_c04"",""r00_c05"",""r00_c06"",""r00_c07"",""r01_c00"",""r01_c01"",""r01_c02"",""r01_c03"",""r01_c04"",""r01_c05"",""r01_c06"",""r02_c00"",""r02_c01"",""r02_c02"",""r02_c03"",""r02_c04"",""r02_c05"",""r02_c06"",""r02_c07"",""r03_c00"",""r03_c01"",""r03_c02"",""r03_c03"",""r03_c04"",""r03_c06"",""r03_c07"",""r04_c03"",""r04_c04"",""r04_c07"",""r05_c03"",""r05_c04"",""r05_c07"",""r06_c03"",""r06_c07""],""poor_cells"":[""r00_c01"",""r00_c02"",""r00_c03"",""r00_c05"",""r00_c06""],""severe_cells"":[""r05_c04""],""area_bins"":{""fair"":9,""poor"":7,""severe"":1},""row_condition_profile"":[4,1,1,1,1,4,1,0]}"
corr_489b20e6fcbf7d2f,"{""affected_cells"":[""r00_c00"",""r00_c01"",""r00_c02"",""r00_c03"",""r00_c04"",""r00_c07"",""r01_c00"",""r01_c01"",""r01_c02"",""r01_c03"",""r01_c04"",""r01_c07"",""r02_c00"",""r02_c01"",""r02_c04"",""r02_c07"",""r03_c00"",""r03_c01"",""r03_c04"",""r03_c07"",""r04_c01"",""r04_c02"",""r04_c03"",""r04_c07"",""r05_c01"",""r05_c02"",""r05_c07"",""r06_c01"",""r06_c02"",""r06_c03"",""r06_c07""],""fair_cells"":[""r00_c00"",""r00_c01"",""r00_c02"",""r00_c03"",""r00_c04"",""r00_c07"",""r01_c00"",""r01_c01"",""r01_c02"",""r01_c03"",""r01_c04"",""r01_c07"",""r02_c00"",""r02_c04"",""r02_c07"",""r03_c00"",""r03_c01"",""r03_c04"",""r03_c07"",""r04_c01"",""r04_c02"",""r04_c03"",""r04_c07"",""r05_c01"",""r05_c02"",""r05_c07"",""r06_c01"",""r06_c02"",""r06_c03"",""r06_c07""],""poor_cells"":[""r00_c01"",""r01_c01"",""r02_c01"",""r03_c01""],""severe_cells"":[],""area_bins"":{""fair"":9,""poor"":1,""severe"":0},""row_condition_profile"":[4,4,4,4,1,1,1,0]}"
corr_48f86e8e92f9b66e,"{""affected_cells"":[""r00_c01"",""r00_c02"",""r00_c03"",""r00_c04"",""r00_c05"",""r00_c06"",""r00_c07"",""r01_c01"",""r01_c02"",""r01_c03"",""r01_c04"",""r01_c05"",""r01_c06"",""r01_c07"",""r02_c01"",""r02_c02"",""r02_c03"",""r02_c04"",""r02_c05"",""r02_c06"",""r02_c07"",""r03_c00"",""r03_c01"",""r03_c02"",""r03_c03"",""r03_c04"",""r03_c05"",""r03_c06"",""r03_c07"",""r04_c00"",""r04_c01"",""r04_c02"",""r04_c03"",""r04_c04"",""r04_c05"",""r04_c06"",""r04_c07"",""r05_c01"",""r05_c02"",""r05_c03"",""r05_c04"",""r05_c05"",""r05_c06"",""r06_c01"",""r06_c02"",""r06_c03"",""r06_c04"",""r06_c05"",""r06_c06""],""fair_cells"":[""r00_c01"",""r00_c02"",""r00_c03"",""r00_c04"",""r00_c05"",""r00_c06"",""r00_c07"",""r01_c01"",""r01_c02"",""r01_c03"",""r01_c04"",""r01_c05"",""r01_c06"",""r01_c07"",""r02_c01"",""r02_c02"",""r02_c03"",""r02_c04"",""r02_c05"",""r02_c06"",""r02_c07"",""r03_c00"",""r03_c01"",""r03_c02"",""r03_c03"",""r03_c04"",""r03_c05"",""r03_c06"",""r03_c07"",""r04_c00"",""r04_c01"",""r04_c02"",""r04_c04"",""r04_c05"",""r04_c06"",""r04_c07"",""r05_c01"",""r05_c02"",""r05_c04"",""r05_c05"",""r05_c06"",""r06_c04"",""r06_c05"",""r06_c06""],""poor_cells"":[""r00_c03"",""r00_c04"",""r01_c03"",""r01_c04"",""r02_c03"",""r02_c04"",""r02_c05"",""r02_c06"",""r03_c00"",""r03_c01"",""r03_c02"",""r03_c03"",""r03_c04"",""r03_c05"",""r03_c06"",""r03_c07"",""r04_c00"",""r04_c01"",""r04_c02"",""r04_c03"",""r04_c04"",""r05_c02"",""r05_c04""],""severe_cells"":[""r02_c03"",""r02_c04"",""r03_c02"",""r03_c03"",""r03_c04"",""r04_c01"",""r04_c02"",""r04_c03"",""r04_c04"",""r05_c01"",""r05_c02"",""r05_c03"",""r05_c04"",""r06_c01"",""r06_c02"",""r06_c03"",""r06_c04"",""r06_c05""],""area_bins"":{""fair"":9,""poor"":8,""severe"":7},""row_condition_profile"":[4,4,4,4,4,4,4,0]}"
corr_490f55f186fde919,"{""affected_cells"":[""r00_c01"",""r00_c02"",""r01_c01"",""r01_c02"",""r02_c01"",""r02_c02"",""r03_c01"",""r03_c02"",""r04_c01"",""r04_c02"",""r05_c00"",""r05_c01"",""r05_c02"",""r06_c00"",""r06_c01"",""r06_c02""],""fair_cells"":[""r00_c01"",""r00_c02"",""r01_c01"",""r01_c02"",""r02_c01"",""r02_c02"",""r03_c01"",""r03_c02"",""r04_c01"",""r04_c02"",""r05_c00"",""r05_c01"",""r05_c02"",""r06_c00"",""r06_c01"",""r06_c02""],""poor_cells"":[],""severe_cells"":[],""area_bins"":{""fair"":7,""poor"":0,""severe"":0},""row_condition_profile"":[1,1,1,1,1,1,1,0]}"
corr_49d0d9c669683f3c,"{""affected_cells"":[""r01_c01"",""r01_c02"",""r01_c03"",""r02_c00"",""r02_c01"",""r02_c02"",""r02_c03"",""r02_c04"",""r02_c05"",""r02_c06"",""r02_c07"",""r03_c01"",""r03_c02"",""r03_c03"",""r03_c04"",""r03_c05"",""r03_c06"",""r03_c07"",""r04_c01"",""r04_c02"",""r04_c03"",""r04_c04"",""r04_c05"",""r04_c06"",""r04_c07"",""r05_c01"",""r05_c02"",""r05_c03"",""r05_c04"",""r05_c05"",""r05_c06"",""r05_c07"",""r06_c01"",""r06_c02"",""r06_c03"",""r06_c04"",""r06_c05"",""r06_c06""],""fair_cells"":[""r01_c01"",""r01_c02"",""r01_c03"",""r02_c00"",""r02_c01"",""r02_c02"",""r02_c03"",""r02_c04"",""r02_c05"",""r02_c06"",""r02_c07"",""r03_c01"",""r03_c02"",""r03_c03"",""r03_c04"",""r03_c05"",""r03_c06"",""r03_c07"",""r04_c01"",""r04_c02"",""r04_c03"",""r04_c04"",""r04_c05"",""r04_c06"",""r04_c07"",""r05_c01"",""r05_c02"",""r05_c03"",""r05_c04"",""r05_c05"",""r05_c06"",""r05_c07"",""r06_c01"",""r06_c02"",""r06_c03"",""r06_c04"",""r06_c05"",""r06_c06""],""poor_cells"":[""r03_c07""],""severe_cells"":[],""area_bins"":{""fair"":9,""poor"":1,""severe"":0},""row_condition_profile"":[0,1,1,4,1,1,1,0]}"
corr_4a17c649d8eba585,"{""affected_cells"":[""r02_c00"",""r02_c01"",""r02_c02"",""r03_c00"",""r03_c01"",""r03_c02"",""r03_c03"",""r04_c00"",""r04_c01"",""r04_c02"",""r04_c03"",""r05_c00"",""r05_c01"",""r05_c02""],""fair_cells"":[""r02_c00"",""r02_c01"",""r02_c02"",""r03_c00"",""r03_c01"",""r03_c02"",""r03_c03"",""r04_c00"",""r04_c01"",""r04_c02"",""r04_c03"",""r05_c00"",""r05_c01"",""r05_c02""],""poor_cells"":[""r02_c00"",""r02_c01"",""r02_c02"",""r03_c00"",""r03_c01"",""r03_c02""],""severe_cells"":[],""area_bins"":{""fair"":6,""poor"":4,""severe"":0},""row_condition_profile"":[0,0,4,4,1,1,0,0]}"
corr_4a9946ab4194f5df,"{""affected_cells"":[""r01_c07"",""r02_c04"",""r02_c05"",""r02_c06"",""r02_c07"",""r03_c03"",""r03_c04"",""r03_c05"",""r03_c06"",""r03_c07"",""r04_c05"",""r04_c06"",""r04_c07"",""r05_c05"",""r05_c06"",""r05_c07""],""fair_cells"":[""r01_c07"",""r02_c04"",""r02_c05"",""r02_c06"",""r02_c07"",""r03_c03"",""r03_c04"",""r03_c05"",""r03_c06"",""r03_c07"",""r04_c05"",""r04_c06"",""r04_c07"",""r05_c05"",""r05_c06"",""r05_c07""],""poor_cells"":[],""severe_cells"":[],""area_bins"":{""fair"":3,""poor"":0,""severe"":0},""row_condition_profile"":[0,1,1,1,1,1,0,0]}"
corr_4b3096d7d5770dc7,"{""affected_cells"":[""r05_c05"",""r05_c06"",""r05_c07"",""r06_c05"",""r06_c06"",""r06_c07""],""fair_cells"":[""r05_c05"",""r05_c06"",""r05_c07"",""r06_c05"",""r06_c06"",""r06_c07""],""poor_cells"":[""r05_c07"",""r06_c07""],""severe_cells"":[],""area_bins"":{""fair"":3,""poor"":3,""severe"":0},""row_condition_profile"":[0,0,0,0,0,4,4,0]}"
corr_4c23624e6c8711a3,"{""affected_cells"":[""r02_c00"",""r03_c00"",""r05_c04"",""r05_c05"",""r05_c06"",""r06_c04"",""r06_c05"",""r06_c06""],""fair_cells"":[""r02_c00"",""r03_c00"",""r05_c04"",""r05_c05"",""r05_c06"",""r06_c04"",""r06_c05"",""r06_c06""],""poor_cells"":[],""severe_cells"":[],""area_bins"":{""fair"":4,""poor"":0,""severe"":0},""row_condition_profile"":[0,0,1,1,0,1,1,0]}"
corr_4d2232f2b1d87bc6,"{""affected_cells"":[""r05_c00"",""r05_c01"",""r05_c02"",""r05_c03"",""r05_c04"",""r05_c05"",""r05_c06"",""r05_c07"",""r06_c03"",""r06_c07""],""fair_cells"":[],""poor_cells"":[""r05_c00"",""r05_c01"",""r05_c02"",""r05_c03"",""r05_c04"",""r05_c05"",""r05_c06"",""r05_c07"",""r06_c03"",""r06_c07""],""severe_cells"":[],""area_bins"":{""fair"":0,""poor"":9,""severe"":0},""row_condition_profile"":[0,0,0,0,0,2,2,0]}"
corr_4e26035ce7fa1707,"{""affected_cells"":[""r00_c05"",""r00_c06"",""r01_c06"",""r01_c07""],""fair_cells"":[""r00_c05"",""r00_c06"",""r01_c06"",""r01_c07""],""poor_cells"":[],""severe_cells"":[],""area_bins"":{""fair"":3,""poor"":0,""severe"":0},""row_condition_profile"":[1,1,0,0,0,0,0,0]}"
corr_4eda1a40fccc759d,"{""affected_cells"":[""r00_c01"",""r00_c02"",""r00_c03"",""r00_c04"",""r00_c05"",""r00_c07"",""r01_c01"",""r01_c02"",""r01_c03"",""r01_c04"",""r01_c05"",""r01_c07"",""r02_c02"",""r02_c03"",""r02_c04"",""r02_c05"",""r02_c06"",""r02_c07"",""r03_c02"",""r03_c04"",""r03_c05"",""r03_c06"",""r03_c07"",""r04_c02"",""r04_c04"",""r04_c05"",""r04_c06"",""r04_c07"",""r05_c02"",""r05_c04"",""r05_c05"",""r05_c06"",""r05_c07"",""r06_c04"",""r06_c05"",""r06_c06"",""r06_c07""],""fair_cells"":[""r00_c01"",""r00_c02"",""r00_c03"",""r00_c04"",""r00_c05"",""r00_c07"",""r01_c01"",""r01_c02"",""r01_c03"",""r01_c04"",""r01_c05"",""r01_c07"",""r02_c02"",""r02_c03"",""r02_c04"",""r02_c05"",""r02_c06"",""r02_c07"",""r03_c02"",""r03_c04"",""r03_c05"",""r03_c06"",""r03_c07"",""r04_c02"",""r04_c04"",""r04_c05"",""r04_c06"",""r04_c07"",""r05_c02"",""r05_c04"",""r05_c05"",""r05_c06"",""r05_c07"",""r06_c04"",""r06_c05"",""r06_c06"",""r06_c07""],""poor_cells"":[],""severe_cells"":[],""area_bins"":{""fair"":9,""poor"":0,""severe"":0},""row_condition_profile"":[1,1,1,1,1,1,1,0]}"
corr_4fe7d89122a4f689,"{""affected_cells"":[""r00_c00"",""r00_c01"",""r00_c02"",""r00_c03"",""r00_c04"",""r01_c00"",""r01_c01"",""r01_c02"",""r01_c03"",""r02_c00""],""fair_cells"":[""r00_c02"",""r00_c03"",""r00_c04"",""r01_c02"",""r01_c03""],""poor_cells"":[""r00_c00"",""r00_c01"",""r00_c02"",""r01_c00"",""r01_c01"",""r02_c00""],""severe_cells"":[],""area_bins"":{""fair"":1,""poor"":1,""severe"":0},""row_condition_profile"":[4,4,2,0,0,0,0,0]}"
corr_508fb006aff5e6d0,"{""affected_cells"":[""r00_c03"",""r00_c04"",""r00_c05"",""r00_c07"",""r01_c03"",""r01_c04"",""r02_c07"",""r03_c06"",""r03_c07"",""r04_c04"",""r04_c05"",""r04_c06"",""r04_c07"",""r05_c04"",""r05_c05"",""r05_c06"",""r05_c07"",""r06_c04"",""r06_c05"",""r06_c06"",""r06_c07""],""fair_cells"":[""r00_c03"",""r00_c04"",""r00_c05"",""r00_c07"",""r01_c03"",""r01_c04"",""r02_c07"",""r03_c06"",""r03_c07"",""r04_c04"",""r04_c05"",""r04_c06"",""r04_c07"",""r05_c06"",""r05_c07"",""r06_c07""],""poor_cells"":[""r04_c04"",""r04_c05"",""r04_c06"",""r05_c04"",""r05_c05"",""r05_c06"",""r05_c07"",""r06_c04"",""r06_c05"",""r06_c06"",""r06_c07""],""severe_cells"":[],""area_bins"":{""fair"":7,""poor"":8,""severe"":0},""row_condition_profile"":[1,1,1,1,4,4,4,0]}"
corr_50d229d6cd5a84c6,"{""affected_cells"":[""r00_c02"",""r00_c03"",""r00_c04"",""r00_c05"",""r00_c06"",""r00_c07"",""r01_c03"",""r01_c04"",""r01_c05"",""r01_c06"",""r01_c07"",""r02_c03"",""r02_c04"",""r02_c05"",""r02_c06"",""r02_c07"",""r03_c04"",""r03_c05"",""r05_c05""],""fair_cells"":[""r00_c02"",""r00_c03"",""r00_c04"",""r00_c05"",""r00_c06"",""r00_c07"",""r01_c03"",""r01_c04"",""r01_c05"",""r01_c06"",""r01_c07"",""r02_c03"",""r02_c04"",""r02_c05"",""r02_c06"",""r02_c07"",""r03_c04"",""r03_c05"",""r05_c05""],""poor_cells"":[],""severe_cells"":[],""area_bins"":{""fair"":7,""poor"":0,""severe"":0},""row_condition_profile"":[1,1,1,1,0,1,0,0]}"
corr_51c83ea6b6b90a53,"{""affected_cells"":[""r00_c00"",""r00_c01"",""r00_c02"",""r00_c03"",""r00_c04"",""r00_c05"",""r00_c06"",""r00_c07"",""r01_c00"",""r01_c01"",""r01_c02"",""r01_c03"",""r01_c04"",""r01_c05"",""r01_c06"",""r01_c07"",""r02_c00"",""r02_c01"",""r02_c02"",""r02_c03"",""r02_c04"",""r02_c05"",""r02_c06"",""r02_c07"",""r03_c00"",""r03_c01"",""r03_c02"",""r03_c03"",""r03_c04"",""r03_c05"",""r03_c06"",""r03_c07"",""r04_c00"",""r04_c01"",""r04_c02"",""r04_c03"",""r04_c04"",""r04_c05"",""r04_c06"",""r04_c07"",""r05_c00"",""r05_c01"",""r05_c02"",""r05_c03"",""r05_c04"",""r05_c05"",""r05_c06"",""r05_c07"",""r06_c01"",""r06_c02"",""r06_c03"",""r06_c04"",""r06_c05"",""r06_c06"",""r06_c07""],""fair_cells"":[""r00_c01"",""r02_c07"",""r03_c01"",""r03_c02"",""r03_c03"",""r03_c07"",""r04_c01"",""r04_c02"",""r04_c03"",""r04_c04"",""r04_c06"",""r04_c07"",""r05_c02"",""r05_c03"",""r05_c04"",""r05_c06"",""r05_c07"",""r06_c03"",""r06_c06"",""r06_c07""],""poor_cells"":[""r00_c00"",""r00_c01"",""r00_c02"",""r00_c03"",""r00_c04"",""r00_c05"",""r00_c06"",""r00_c07"",""r01_c00"",""r01_c01"",""r01_c02"",""r01_c03"",""r01_c04"",""r01_c05"",""r01_c06"",""r01_c07"",""r02_c00"",""r02_c01"",""r02_c02"",""r02_c03"",""r02_c04"",""r02_c05"",""r02_c06"",""r02_c07"",""r03_c00"",""r03_c01"",""r03_c02"",""r03_c03"",""r03_c04"",""r03_c05"",""r03_c06"",""r03_c07"",""r04_c00"",""r04_c01"",""r04_c02"",""r04_c03"",""r04_c04"",""r04_c05"",""r04_c06"",""r04_c07"",""r05_c00"",""r05_c01"",""r05_c02"",""r05_c04"",""r05_c05"",""r05_c06"",""r05_c07"",""r06_c01"",""r06_c02"",""r06_c03"",""r06_c04"",""r06_c05"",""r06_c06"",""r06_c07""],""severe_cells"":[],""area_bins"":{""fair"":7,""poor"":9,""severe"":0},""row_condition_profile"":[4,2,4,4,4,4,4,0]}"
corr_51dbda19cd83530f,"{""affected_cells"":[""r00_c00"",""r00_c02"",""r00_c03"",""r00_c04"",""r00_c05"",""r00_c06"",""r00_c07"",""r01_c00"",""r01_c03"",""r01_c04"",""r01_c05"",""r01_c06"",""r01_c07"",""r02_c03"",""r02_c04"",""r02_c05"",""r02_c06"",""r02_c07"",""r03_c03"",""r03_c04"",""r03_c05"",""r03_c06"",""r03_c07"",""r04_c00"",""r04_c03"",""r04_c04"",""r04_c05"",""r04_c06"",""r04_c07"",""r05_c03"",""r05_c04"",""r05_c05"",""r05_c06"",""r05_c07"",""r06_c03"",""r06_c04"",""r06_c05"",""r06_c06"",""r06_c07""],""fair_cells"":[""r00_c00"",""r00_c02"",""r00_c03"",""r00_c04"",""r00_c05"",""r01_c00"",""r01_c03"",""r01_c04"",""r01_c05"",""r02_c03"",""r02_c04"",""r02_c05"",""r03_c03"",""r03_c04"",""r03_c05"",""r03_c06"",""r04_c00"",""r04_c03"",""r04_c04"",""r04_c05"",""r04_c06"",""r04_c07"",""r05_c03"",""r05_c04"",""r05_c05"",""r05_c06"",""r05_c07"",""r06_c03"",""r06_c04"",""r06_c05"",""r06_c06"",""r06_c07""],""poor_cells"":[""r00_c05"",""r00_c06"",""r00_c07"",""r01_c05"",""r01_c06"",""r01_c07"",""r02_c05"",""r02_c06"",""r02_c07"",""r03_c05"",""r03_c06"",""r03_c07"",""r04_c07"",""r05_c07"",""r06_c07""],""severe_cells"":[],""area_bins"":{""fair"":9,""poor"":7,""severe"":0},""row_condition_profile"":[4,4,4,4,4,4,4,0]}"
corr_529c924fb024ef6e,"{""affected_cells"":[""r00_c00"",""r00_c01"",""r00_c02"",""r00_c03"",""r00_c04"",""r00_c05"",""r00_c06"",""r00_c07"",""r01_c00"",""r01_c01"",""r01_c02"",""r01_c03"",""r01_c04"",""r01_c05"",""r01_c06"",""r01_c07"",""r02_c00"",""r02_c01"",""r02_c02"",""r02_c03"",""r03_c00"",""r03_c01"",""r03_c02"",""r03_c03"",""r04_c00"",""r04_c01"",""r04_c02"",""r04_c03""],""fair_cells"":[""r00_c00"",""r00_c01"",""r00_c02"",""r00_c03"",""r00_c04"",""r00_c05"",""r00_c06"",""r00_c07"",""r01_c00"",""r01_c01"",""r01_c02"",""r01_c03"",""r01_c04"",""r01_c05"",""r01_c06"",""r01_c07"",""r02_c00"",""r02_c01"",""r02_c02"",""r02_c03"",""r03_c02"",""r03_c03""],""poor_cells"":[""r00_c00"",""r00_c01"",""r00_c02"",""r00_c03"",""r00_c04"",""r00_c05"",""r00_c06"",""r00_c07"",""r02_c00"",""r03_c00"",""r03_c01"",""r03_c02"",""r03_c03"",""r04_c00"",""r04_c01"",""r04_c02"",""r04_c03""],""severe_cells"":[],""area_bins"":{""fair"":7,""poor"":8,""severe"":0},""row_condition_profile"":[4,1,4,4,2,0,0,0]}"
corr_52aa56a1b3fae9a4,"{""affected_cells"":[""r00_c00"",""r00_c01"",""r00_c02"",""r00_c03"",""r00_c04"",""r01_c00"",""r01_c01"",""r01_c02"",""r01_c03"",""r01_c04"",""r02_c00"",""r02_c01"",""r02_c02"",""r02_c03"",""r02_c04"",""r03_c00"",""r03_c01"",""r03_c02"",""r03_c04"",""r03_c06"",""r04_c00"",""r04_c01"",""r04_c02"",""r04_c04"",""r04_c05"",""r04_c06"",""r05_c01"",""r05_c02"",""r05_c03"",""r05_c04"",""r05_c05"",""r05_c06"",""r06_c00"",""r06_c01"",""r06_c02"",""r06_c03""],""fair_cells"":[""r00_c00"",""r00_c01"",""r00_c02"",""r00_c03"",""r00_c04"",""r01_c00"",""r01_c01"",""r01_c02"",""r01_c03"",""r01_c04"",""r02_c00"",""r02_c01"",""r02_c02"",""r02_c03"",""r02_c04"",""r03_c00"",""r03_c01"",""r03_c02"",""r03_c04"",""r03_c06"",""r04_c00"",""r04_c01"",""r04_c02"",""r04_c04"",""r04_c05"",""r04_c06"",""r05_c01"",""r05_c02"",""r05_c03"",""r05_c04"",""r05_c05"",""r05_c06"",""r06_c00"",""r06_c01""],""poor_cells"":[""r05_c02"",""r05_c03"",""r06_c02"",""r06_c03""],""severe_cells"":[],""area_bins"":{""fair"":7,""poor"":6,""severe"":0},""row_condition_profile"":[1,1,1,1,1,4,4,0]}"
corr_52b71b448dc23824,"{""affected_cells"":[""r00_c00"",""r00_c01"",""r00_c02"",""r00_c03"",""r00_c04"",""r00_c05"",""r00_c06"",""r00_c07"",""r01_c00"",""r01_c01"",""r01_c02"",""r01_c03"",""r01_c04"",""r01_c05"",""r01_c06"",""r01_c07"",""r02_c00"",""r02_c01"",""r03_c00"",""r03_c03"",""r03_c04"",""r03_c05"",""r03_c06"",""r04_c03"",""r04_c04"",""r04_c05"",""r04_c06"",""r04_c07"",""r05_c03"",""r05_c04"",""r05_c05"",""r05_c06"",""r05_c07""],""fair_cells"":[""r00_c00"",""r00_c01"",""r00_c02"",""r00_c03"",""r00_c04"",""r00_c05"",""r00_c06"",""r00_c07"",""r01_c00"",""r01_c01"",""r01_c02"",""r01_c03"",""r01_c04"",""r01_c05"",""r01_c06"",""r01_c07"",""r02_c00"",""r02_c01"",""r03_c00"",""r05_c06"",""r05_c07""],""poor_cells"":[""r00_c00"",""r00_c02"",""r00_c03"",""r01_c00"",""r01_c01""],""severe_cells"":[""r03_c03"",""r03_c04"",""r03_c05"",""r03_c06"",""r04_c03"",""r04_c04"",""r04_c05"",""r04_c06"",""r04_c07"",""r05_c03"",""r05_c04"",""r05_c05"",""r05_c06""],""area_bins"":{""fair"":6,""poor"":8,""severe"":1},""row_condition_profile"":[4,4,1,4,3,4,0,0]}"
corr_531e9f3d1307dbb0,"{""affected_cells"":[""r03_c00"",""r03_c01"",""r04_c01"",""r06_c01""],""fair_cells"":[""r03_c00"",""r03_c01"",""r04_c01"",""r06_c01""],""poor_cells"":[""r04_c01""],""severe_cells"":[],""area_bins"":{""fair"":4,""poor"":3,""severe"":0},""row_condition_profile"":[0,0,0,1,4,0,1,0]}"
corr_53bc50401a553042,"{""affected_cells"":[""r00_c00"",""r00_c01"",""r01_c00"",""r01_c01"",""r02_c00"",""r02_c01"",""r03_c00"",""r03_c01"",""r04_c00"",""r04_c01"",""r04_c02"",""r05_c00"",""r05_c01"",""r05_c02"",""r06_c00"",""r06_c01""],""fair_cells"":[""r00_c00"",""r00_c01"",""r01_c00"",""r01_c01"",""r02_c00"",""r02_c01"",""r03_c00"",""r03_c01"",""r04_c00"",""r04_c01"",""r04_c02"",""r05_c00"",""r05_c01"",""r05_c02"",""r06_c00"",""r06_c01""],""poor_cells"":[""r03_c01"",""r04_c00"",""r04_c01"",""r04_c02"",""r05_c01"",""r06_c00""],""severe_cells"":[],""area_bins"":{""fair"":7,""poor"":4,""severe"":0},""row_condition_profile"":[1,1,1,4,4,4,4,0]}"
corr_5409be4b19cb5701,"{""affected_cells"":[""r00_c03"",""r00_c04"",""r00_c05"",""r00_c06"",""r00_c07"",""r01_c03"",""r01_c04"",""r01_c05"",""r01_c06"",""r01_c07"",""r02_c02"",""r02_c03"",""r02_c04"",""r02_c05"",""r02_c06"",""r02_c07"",""r03_c02"",""r03_c03"",""r03_c04"",""r03_c05"",""r03_c06"",""r03_c07"",""r04_c04"",""r04_c05"",""r04_c06"",""r04_c07""],""fair_cells"":[""r00_c03"",""r00_c04"",""r00_c05"",""r00_c06"",""r00_c07"",""r01_c03"",""r01_c04"",""r01_c05"",""r01_c06"",""r01_c07"",""r02_c03"",""r02_c04"",""r02_c05"",""r02_c06"",""r02_c07"",""r03_c02"",""r03_c03"",""r03_c04"",""r03_c05"",""r03_c06"",""r03_c07"",""r04_c04"",""r04_c05"",""r04_c06"",""r04_c07""],""poor_cells"":[""r00_c06"",""r01_c05"",""r01_c06"",""r02_c04"",""r02_c05"",""r02_c06"",""r02_c07"",""r03_c04"",""r03_c05"",""r03_c06"",""r03_c07"",""r04_c05"",""r04_c06"",""r04_c07""],""severe_cells"":[""r01_c03"",""r02_c02"",""r02_c03"",""r02_c04"",""r02_c05"",""r02_c06"",""r02_c07"",""r03_c04"",""r03_c05"",""r03_c06""],""area_bins"":{""fair"":7,""poor"":8,""severe"":6},""row_condition_profile"":[4,4,4,4,4,0,0,0]}"
corr_5447684d17d6266b,"{""affected_cells"":[""r01_c05"",""r02_c00"",""r02_c01"",""r02_c02"",""r02_c03"",""r02_c04"",""r02_c05"",""r03_c00"",""r03_c05"",""r04_c00"",""r04_c01"",""r04_c02"",""r04_c05"",""r05_c00"",""r05_c01"",""r05_c02"",""r06_c03""],""fair_cells"":[""r01_c05"",""r02_c00"",""r02_c01"",""r02_c02"",""r02_c03"",""r02_c04"",""r02_c05"",""r03_c00"",""r03_c05"",""r04_c00"",""r04_c01"",""r04_c02"",""r04_c05"",""r05_c00"",""r05_c01"",""r05_c02"",""r06_c03""],""poor_cells"":[""r05_c01""],""severe_cells"":[],""area_bins"":{""fair"":5,""poor"":1,""severe"":0},""row_condition_profile"":[0,1,1,1,1,4,1,0]}"
corr_547e6263394e42f8,"{""affected_cells"":[""r00_c04"",""r00_c05"",""r00_c06"",""r00_c07"",""r01_c00"",""r01_c02"",""r01_c03"",""r01_c04"",""r01_c05"",""r01_c06"",""r01_c07"",""r02_c00"",""r02_c01"",""r02_c02"",""r02_c04"",""r02_c05"",""r02_c06"",""r02_c07"",""r03_c00"",""r03_c05"",""r03_c06"",""r03_c07"",""r04_c00"",""r04_c03"",""r04_c04"",""r04_c05"",""r04_c06"",""r04_c07"",""r05_c00"",""r05_c03"",""r05_c04"",""r05_c05"",""r05_c06"",""r05_c07"",""r06_c03"",""r06_c04"",""r06_c05"",""r06_c06"",""r06_c07""],""fair_cells"":[""r00_c04"",""r00_c05"",""r00_c06"",""r00_c07"",""r01_c00"",""r01_c02"",""r01_c03"",""r01_c04"",""r01_c05"",""r01_c06"",""r01_c07"",""r02_c00"",""r02_c01"",""r02_c02"",""r02_c04"",""r02_c05"",""r02_c06"",""r02_c07"",""r03_c00"",""r03_c05"",""r03_c06"",""r03_c07"",""r04_c00"",""r04_c03"",""r04_c04"",""r04_c05"",""r04_c06"",""r04_c07"",""r05_c00"",""r05_c03"",""r05_c04"",""r05_c05"",""r05_c06"",""r05_c07"",""r06_c03"",""r06_c04"",""r06_c05"",""r06_c06"",""r06_c07""],""poor_cells"":[""r04_c00"",""r04_c03"",""r04_c04"",""r04_c05"",""r04_c06"",""r05_c00"",""r05_c03"",""r05_c04"",""r05_c05""],""severe_cells"":[],""area_bins"":{""fair"":9,""poor"":5,""severe"":0},""row_condition_profile"":[1,1,1,1,4,4,1,0]}"
corr_55595184aa4fbd90,"{""affected_cells"":[""r00_c07"",""r01_c05"",""r01_c06"",""r01_c07"",""r02_c00"",""r02_c01"",""r02_c03"",""r02_c04"",""r02_c05"",""r02_c06"",""r02_c07"",""r03_c00"",""r03_c01"",""r03_c02"",""r03_c03"",""r03_c04"",""r03_c05"",""r03_c06"",""r03_c07"",""r04_c00"",""r04_c01"",""r04_c02"",""r04_c03"",""r04_c04"",""r04_c05"",""r04_c06"",""r05_c00"",""r05_c01"",""r05_c02"",""r05_c03"",""r05_c04"",""r05_c06"",""r06_c00"",""r06_c01"",""r06_c02"",""r06_c03""],""fair_cells"":[""r00_c07"",""r01_c05"",""r01_c06"",""r01_c07"",""r02_c00"",""r02_c01"",""r02_c03"",""r02_c04"",""r02_c05"",""r02_c06"",""r02_c07"",""r03_c00"",""r03_c01"",""r03_c02"",""r03_c03"",""r03_c04"",""r03_c05"",""r03_c06"",""r03_c07"",""r04_c00"",""r04_c01"",""r04_c02"",""r04_c03"",""r04_c04"",""r04_c05"",""r04_c06"",""r05_c00"",""r05_c01"",""r05_c02"",""r05_c03"",""r05_c04"",""r05_c06"",""r06_c00"",""r06_c01"",""r06_c02"",""r06_c03""],""poor_cells"":[""r06_c00"",""r06_c01"",""r06_c02""],""severe_cells"":[],""area_bins"":{""fair"":9,""poor"":3,""severe"":0},""row_condition_profile"":[1,1,1,1,1,1,4,0]}"
corr_57051959965910ee,"{""affected_cells"":[""r05_c03"",""r05_c04"",""r05_c05"",""r05_c06"",""r05_c07"",""r06_c03"",""r06_c04"",""r06_c05"",""r06_c06"",""r06_c07""],""fair_cells"":[""r05_c03"",""r05_c04"",""r05_c05"",""r05_c06"",""r05_c07"",""r06_c03"",""r06_c04"",""r06_c05"",""r06_c06"",""r06_c07""],""poor_cells"":[""r05_c05"",""r05_c06"",""r05_c07"",""r06_c04"",""r06_c05"",""r06_c06"",""r06_c07""],""severe_cells"":[],""area_bins"":{""fair"":3,""poor"":3,""severe"":0},""row_condition_profile"":[0,0,0,0,0,4,4,0]}"
corr_57694f0b520cb445,"{""affected_cells"":[""r00_c05"",""r00_c06"",""r00_c07"",""r01_c05"",""r01_c06"",""r01_c07"",""r02_c04"",""r02_c05"",""r02_c06"",""r02_c07"",""r03_c04"",""r03_c05"",""r03_c06"",""r03_c07"",""r04_c06"",""r04_c07""],""fair_cells"":[""r00_c05"",""r00_c06"",""r00_c07"",""r01_c07""],""poor_cells"":[""r00_c05"",""r00_c06"",""r00_c07"",""r01_c05"",""r01_c06"",""r01_c07"",""r02_c04"",""r02_c05"",""r02_c06"",""r02_c07"",""r03_c04"",""r03_c05"",""r03_c06"",""r03_c07"",""r04_c06"",""r04_c07""],""severe_cells"":[],""area_bins"":{""fair"":3,""poor"":9,""severe"":0},""row_condition_profile"":[4,4,2,2,2,0,0,0]}"
corr_582ce94c417f1ca2,"{""affected_cells"":[""r00_c04"",""r00_c05"",""r00_c06"",""r01_c04"",""r01_c05"",""r01_c06"",""r01_c07"",""r02_c03"",""r02_c04"",""r02_c05"",""r02_c06"",""r02_c07"",""r03_c03"",""r03_c04"",""r03_c05"",""r03_c06"",""r04_c03"",""r04_c04"",""r04_c05"",""r04_c06"",""r04_c07"",""r05_c00"",""r05_c01"",""r05_c04"",""r05_c05"",""r06_c04"",""r06_c05""],""fair_cells"":[""r00_c04"",""r00_c05"",""r00_c06"",""r01_c04"",""r01_c05"",""r01_c06"",""r01_c07"",""r02_c03"",""r02_c04"",""r02_c05"",""r02_c06"",""r02_c07"",""r03_c03"",""r03_c04"",""r03_c05"",""r03_c06"",""r04_c03"",""r04_c04"",""r04_c05"",""r04_c06"",""r04_c07"",""r05_c00"",""r05_c01"",""r05_c04"",""r05_c05"",""r06_c04"",""r06_c05""],""poor_cells"":[""r04_c03"",""r04_c04"",""r04_c05"",""r05_c04"",""r05_c05"",""r06_c05""],""severe_cells"":[],""area_bins"":{""fair"":7,""poor"":1,""severe"":0},""row_condition_profile"":[1,1,1,1,4,4,4,0]}"
corr_58641579a084e817,"{""affected_cells"":[""r00_c04"",""r00_c05"",""r00_c06"",""r00_c07"",""r01_c00"",""r01_c01"",""r01_c02"",""r01_c04"",""r01_c05"",""r01_c06"",""r01_c07"",""r02_c00"",""r02_c01"",""r02_c02"",""r02_c04"",""r02_c05"",""r02_c06"",""r02_c07"",""r03_c00"",""r03_c01"",""r03_c02"",""r03_c03"",""r03_c04"",""r03_c05"",""r03_c06"",""r03_c07"",""r04_c00"",""r04_c01"",""r04_c02"",""r04_c03"",""r04_c04"",""r04_c05"",""r04_c06"",""r04_c07"",""r05_c03"",""r05_c04""],""fair_cells"":[""r00_c04"",""r00_c05"",""r00_c06"",""r00_c07"",""r01_c00"",""r01_c01"",""r01_c02"",""r01_c04"",""r01_c05"",""r01_c06"",""r01_c07"",""r02_c00"",""r02_c01"",""r02_c02"",""r02_c04"",""r02_c07"",""r03_c00"",""r03_c01"",""r03_c02"",""r03_c03"",""r03_c04"",""r04_c00"",""r04_c01"",""r04_c02"",""r04_c03"",""r04_c04"",""r05_c03"",""r05_c04""],""poor_cells"":[""r00_c05"",""r00_c06"",""r00_c07"",""r01_c05"",""r01_c06"",""r01_c07"",""r02_c05"",""r02_c06"",""r02_c07"",""r03_c04"",""r03_c05"",""r03_c06"",""r03_c07"",""r04_c00"",""r04_c01"",""r04_c02"",""r04_c04"",""r04_c05"",""r04_c06"",""r04_c07""],""severe_cells"":[],""area_bins"":{""fair"":7,""poor"":8,""severe"":0},""row_condition_profile"":[4,4,4,4,4,1,0,0]}"
corr_58d91064d6140603,"{""affected_cells"":[""r00_c00"",""r00_c01"",""r00_c02"",""r00_c03"",""r00_c04"",""r00_c05"",""r00_c06"",""r00_c07"",""r01_c00"",""r01_c01"",""r01_c02"",""r01_c03"",""r01_c04"",""r01_c05"",""r01_c06"",""r02_c00"",""r02_c01"",""r02_c02"",""r02_c03"",""r02_c04"",""r02_c06"",""r02_c07"",""r03_c00"",""r03_c01"",""r03_c02"",""r03_c03"",""r03_c04"",""r03_c06"",""r03_c07"",""r04_c01"",""r04_c02"",""r04_c03"",""r04_c04"",""r04_c06"",""r04_c07"",""r05_c00"",""r05_c01"",""r05_c02"",""r05_c03"",""r05_c04"",""r05_c05"",""r05_c06"",""r05_c07"",""r06_c01"",""r06_c02"",""r06_c03"",""r06_c04"",""r06_c05"",""r06_c06""],""fair_cells"":[""r00_c00"",""r00_c01"",""r00_c02"",""r00_c03"",""r00_c05"",""r00_c06"",""r00_c07"",""r01_c00"",""r01_c01"",""r01_c02"",""r01_c03"",""r01_c04"",""r01_c05"",""r01_c06"",""r02_c00"",""r02_c01"",""r02_c02"",""r02_c03"",""r02_c04"",""r02_c06"",""r02_c07"",""r03_c00"",""r03_c01"",""r03_c02"",""r03_c03"",""r03_c04"",""r03_c06"",""r03_c07"",""r04_c01"",""r04_c02"",""r04_c03"",""r04_c04"",""r04_c06"",""r04_c07"",""r05_c00"",""r05_c01"",""r05_c02"",""r05_c03"",""r05_c04"",""r05_c05"",""r05_c06"",""r05_c07"",""r06_c03"",""r06_c05"",""r06_c06""],""poor_cells"":[""r00_c02"",""r00_c03"",""r00_c04"",""r00_c05"",""r01_c02"",""r01_c03"",""r01_c04"",""r01_c05"",""r02_c06"",""r04_c01"",""r04_c02"",""r04_c03"",""r04_c04"",""r05_c00"",""r05_c01"",""r05_c02"",""r05_c03"",""r05_c04"",""r06_c01"",""r06_c02"",""r06_c03"",""r06_c04"",""r06_c05""],""severe_cells"":[],""area_bins"":{""fair"":9,""poor"":8,""severe"":0},""row_condition_profile"":[4,4,4,1,4,4,4,0]}"
corr_58db51551ee7322b,"{""affected_cells"":[""r03_c07"",""r04_c05"",""r04_c06"",""r04_c07"",""r05_c00"",""r05_c01"",""r05_c02"",""r05_c03"",""r05_c04"",""r05_c05"",""r05_c06"",""r05_c07"",""r06_c00"",""r06_c01"",""r06_c02"",""r06_c03"",""r06_c04"",""r06_c05"",""r06_c06""],""fair_cells"":[""r03_c07"",""r04_c05"",""r04_c06"",""r04_c07"",""r05_c00"",""r05_c01"",""r05_c02"",""r05_c03"",""r05_c04"",""r05_c05"",""r05_c06"",""r05_c07"",""r06_c00"",""r06_c01"",""r06_c02"",""r06_c03"",""r06_c04"",""r06_c05"",""r06_c06""],""poor_cells"":[],""severe_cells"":[],""area_bins"":{""fair"":8,""poor"":0,""severe"":0},""row_condition_profile"":[0,0,0,1,1,1,1,0]}"
corr_5956e93f2b31543d,"{""affected_cells"":[""r00_c00"",""r00_c01"",""r00_c02"",""r00_c03"",""r00_c04"",""r00_c05"",""r01_c00"",""r01_c01"",""r01_c02"",""r01_c03"",""r01_c04"",""r01_c05"",""r02_c00"",""r02_c01"",""r02_c02"",""r02_c03"",""r02_c04"",""r02_c05"",""r03_c00"",""r03_c01"",""r03_c02"",""r03_c03"",""r03_c04"",""r03_c05"",""r04_c00"",""r04_c01"",""r04_c02"",""r04_c03"",""r04_c04"",""r04_c05"",""r05_c00"",""r05_c01"",""r05_c02"",""r05_c03"",""r05_c04"",""r05_c05"",""r06_c00"",""r06_c01"",""r06_c02"",""r06_c03"",""r06_c04"",""r06_c05"",""r06_c06""],""fair_cells"":[""r00_c00"",""r00_c01"",""r00_c02"",""r00_c03"",""r00_c04"",""r00_c05"",""r01_c00"",""r01_c01"",""r01_c02"",""r01_c03"",""r01_c04"",""r01_c05"",""r02_c00"",""r02_c01"",""r02_c02"",""r02_c03"",""r02_c04"",""r02_c05"",""r03_c00"",""r03_c01"",""r03_c02"",""r03_c03"",""r03_c04"",""r03_c05"",""r04_c01"",""r04_c02"",""r04_c03"",""r04_c04"",""r04_c05"",""r05_c02"",""r05_c03"",""r05_c04"",""r05_c05"",""r06_c02"",""r06_c03"",""r06_c04"",""r06_c05"",""r06_c06""],""poor_cells"":[""r03_c00"",""r03_c01"",""r04_c00"",""r04_c01"",""r05_c00"",""r05_c01"",""r05_c02"",""r06_c00"",""r06_c01"",""r06_c02""],""severe_cells"":[],""area_bins"":{""fair"":9,""poor"":7,""severe"":0},""row_condition_profile"":[1,1,1,4,4,4,4,0]}"
corr_599210d0974b465a,"{""affected_cells"":[""r00_c00"",""r00_c01"",""r00_c02"",""r00_c03"",""r00_c04"",""r00_c05"",""r00_c06"",""r01_c00"",""r01_c01"",""r01_c02"",""r01_c03"",""r01_c04"",""r01_c05"",""r01_c06"",""r02_c01"",""r02_c02"",""r02_c04"",""r03_c00"",""r03_c01"",""r03_c02"",""r03_c03"",""r03_c04"",""r03_c05"",""r03_c06"",""r04_c00"",""r04_c01"",""r04_c02"",""r04_c03"",""r04_c04"",""r04_c05"",""r04_c06"",""r04_c07"",""r05_c00"",""r05_c01"",""r05_c02"",""r05_c03"",""r05_c04"",""r05_c05"",""r05_c06"",""r05_c07"",""r06_c04"",""r06_c05"",""r06_c06"",""r06_c07""],""fair_cells"":[""r00_c00"",""r00_c01"",""r00_c02"",""r00_c03"",""r00_c04"",""r00_c05"",""r00_c06"",""r01_c00"",""r01_c01"",""r01_c02"",""r01_c03"",""r01_c04"",""r01_c05"",""r01_c06"",""r02_c01"",""r02_c02"",""r02_c04"",""r03_c00"",""r03_c01"",""r03_c02"",""r03_c03"",""r03_c04"",""r03_c05"",""r03_c06"",""r04_c00"",""r04_c01"",""r04_c02"",""r04_c03"",""r04_c04"",""r04_c05"",""r04_c06"",""r04_c07"",""r05_c00"",""r05_c01"",""r05_c02"",""r05_c03"",""r05_c04"",""r05_c05"",""r05_c06"",""r05_c07"",""r06_c04"",""r06_c05"",""r06_c06"",""r06_c07""],""poor_cells"":[""r00_c01""],""severe_cells"":[],""area_bins"":{""fair"":8,""poor"":3,""severe"":0},""row_condition_profile"":[4,1,1,1,1,1,1,0]}"
corr_59e97223d58bc1ed,"{""affected_cells"":[""r00_c04"",""r00_c05"",""r00_c06"",""r00_c07"",""r01_c04"",""r01_c05"",""r01_c06"",""r01_c07"",""r02_c01"",""r02_c02"",""r02_c03"",""r02_c04"",""r02_c05"",""r02_c06"",""r02_c07"",""r03_c01"",""r03_c02"",""r03_c03"",""r03_c04"",""r03_c05"",""r03_c06"",""r03_c07"",""r04_c03"",""r04_c04"",""r04_c05"",""r04_c06"",""r04_c07"",""r05_c03"",""r05_c04"",""r06_c03"",""r06_c04"",""r06_c05"",""r06_c06"",""r06_c07""],""fair_cells"":[""r00_c04"",""r00_c05"",""r01_c04"",""r01_c05"",""r02_c04"",""r04_c04"",""r04_c05"",""r05_c03"",""r05_c04"",""r06_c03"",""r06_c04"",""r06_c05"",""r06_c06"",""r06_c07""],""poor_cells"":[""r00_c06"",""r00_c07"",""r01_c05"",""r01_c06"",""r01_c07"",""r02_c01"",""r02_c02"",""r02_c03"",""r02_c04"",""r02_c05"",""r02_c06"",""r02_c07"",""r03_c01"",""r03_c02"",""r03_c03"",""r03_c04"",""r03_c05"",""r03_c06"",""r03_c07"",""r04_c03"",""r04_c04"",""r04_c05"",""r04_c06"",""r04_c07"",""r05_c03""],""severe_cells"":[],""area_bins"":{""fair"":2,""poor"":9,""severe"":0},""row_condition_profile"":[4,4,4,2,4,4,1,0]}"
corr_5a063a56a3723d0b,"{""affected_cells"":[""r00_c01"",""r01_c01"",""r01_c02"",""r02_c01"",""r02_c05"",""r02_c06"",""r02_c07"",""r03_c01"",""r03_c05"",""r03_c06"",""r03_c07"",""r04_c05"",""r04_c06"",""r04_c07"",""r06_c05""],""fair_cells"":[""r00_c01"",""r01_c01"",""r01_c02"",""r02_c01"",""r02_c05"",""r02_c06"",""r02_c07"",""r03_c01"",""r03_c05"",""r03_c06"",""r03_c07"",""r04_c05"",""r04_c06"",""r04_c07"",""r06_c05""],""poor_cells"":[],""severe_cells"":[],""area_bins"":{""fair"":2,""poor"":0,""severe"":0},""row_condition_profile"":[1,1,1,1,1,0,1,0]}"
corr_5b7976a6a3e996a2,"{""affected_cells"":[""r00_c04"",""r00_c05"",""r00_c06"",""r00_c07"",""r01_c04"",""r01_c05"",""r01_c06"",""r01_c07"",""r02_c06"",""r02_c07"",""r03_c07"",""r04_c02"",""r04_c04"",""r04_c05"",""r04_c06"",""r04_c07"",""r05_c01"",""r05_c02"",""r06_c01"",""r06_c02""],""fair_cells"":[""r00_c04"",""r00_c05"",""r00_c06"",""r00_c07"",""r01_c04"",""r01_c05"",""r01_c06"",""r01_c07"",""r02_c06"",""r02_c07"",""r03_c07"",""r04_c02"",""r04_c04"",""r04_c05"",""r04_c06"",""r04_c07"",""r05_c01"",""r05_c02"",""r06_c01"",""r06_c02""],""poor_cells"":[],""severe_cells"":[],""area_bins"":{""fair"":6,""poor"":0,""severe"":0},""row_condition_profile"":[1,1,1,1,1,1,1,0]}"
corr_5b9aee1e4dfc123c,"{""affected_cells"":[""r00_c01"",""r00_c02"",""r00_c03"",""r00_c04"",""r00_c05"",""r00_c06"",""r00_c07"",""r01_c01"",""r01_c02"",""r01_c03"",""r01_c04"",""r01_c05"",""r01_c06"",""r01_c07"",""r02_c02"",""r02_c03"",""r02_c04"",""r02_c06"",""r02_c07"",""r03_c02"",""r03_c03"",""r03_c06"",""r03_c07"",""r04_c06"",""r04_c07"",""r05_c06""],""fair_cells"":[""r00_c01"",""r00_c02"",""r00_c03"",""r00_c04"",""r00_c05"",""r00_c06"",""r00_c07"",""r01_c01"",""r01_c02"",""r01_c03"",""r01_c04"",""r01_c05"",""r01_c06"",""r01_c07"",""r02_c02"",""r02_c03"",""r02_c04"",""r02_c06"",""r02_c07"",""r03_c02"",""r03_c03"",""r03_c06"",""r03_c07"",""r04_c06"",""r04_c07"",""r05_c06""],""poor_cells"":[""r00_c05"",""r00_c06"",""r01_c06""],""severe_cells"":[],""area_bins"":{""fair"":9,""poor"":5,""severe"":0},""row_condition_profile"":[4,4,1,1,1,1,0,0]}"
corr_5bf5e89226d35758,"{""affected_cells"":[""r00_c01"",""r01_c00"",""r01_c01"",""r01_c02"",""r02_c00"",""r02_c01"",""r02_c02"",""r02_c03"",""r02_c04"",""r03_c00"",""r03_c01"",""r03_c02"",""r03_c03"",""r03_c04"",""r03_c05"",""r04_c00"",""r04_c01"",""r04_c02"",""r04_c03"",""r04_c04"",""r04_c05"",""r04_c06"",""r05_c00"",""r05_c01"",""r05_c02"",""r05_c03"",""r06_c02"",""r06_c03""],""fair_cells"":[""r06_c02"",""r06_c03""],""poor_cells"":[""r00_c01"",""r01_c00"",""r01_c01"",""r01_c02"",""r02_c00"",""r02_c01"",""r02_c02"",""r02_c03"",""r02_c04"",""r03_c00"",""r03_c01"",""r03_c02"",""r03_c03"",""r03_c04"",""r03_c05"",""r04_c00"",""r04_c01"",""r04_c02"",""r04_c03"",""r04_c04"",""r04_c05"",""r04_c06"",""r05_c00"",""r05_c01"",""r05_c02"",""r05_c03""],""severe_cells"":[],""area_bins"":{""fair"":2,""poor"":9,""severe"":0},""row_condition_profile"":[2,2,2,2,2,2,1,0]}"
corr_5c3173c2cd326502,"{""affected_cells"":[""r00_c00"",""r00_c01"",""r00_c02"",""r00_c03"",""r00_c04"",""r00_c05"",""r00_c06"",""r00_c07"",""r01_c00"",""r01_c01"",""r01_c02"",""r01_c03"",""r01_c04"",""r01_c05"",""r01_c06"",""r01_c07"",""r02_c00"",""r02_c01"",""r02_c02"",""r02_c03"",""r02_c04"",""r02_c05"",""r02_c06"",""r02_c07"",""r03_c00"",""r03_c02"",""r03_c03"",""r03_c04"",""r03_c05"",""r03_c06"",""r03_c07"",""r04_c00"",""r04_c01"",""r04_c06"",""r04_c07"",""r05_c01"",""r05_c02"",""r05_c03"",""r06_c02"",""r06_c03"",""r06_c04""],""fair_cells"":[""r00_c00"",""r00_c01"",""r00_c02"",""r00_c03"",""r00_c04"",""r00_c05"",""r00_c06"",""r00_c07"",""r01_c00"",""r01_c07"",""r04_c00"",""r04_c01"",""r05_c01"",""r05_c02"",""r05_c03"",""r06_c02"",""r06_c03"",""r06_c04""],""poor_cells"":[""r00_c00"",""r00_c01"",""r00_c02"",""r00_c03"",""r00_c04"",""r00_c05"",""r00_c06"",""r01_c00"",""r01_c01"",""r01_c02"",""r01_c03"",""r01_c04"",""r01_c05"",""r01_c06"",""r01_c07"",""r02_c00"",""r02_c01"",""r02_c02"",""r02_c03"",""r02_c04"",""r02_c05"",""r02_c06"",""r02_c07"",""r03_c00"",""r03_c02"",""r03_c03"",""r03_c04"",""r03_c05"",""r03_c06"",""r03_c07"",""r04_c06"",""r04_c07""],""severe_cells"":[],""area_bins"":{""fair"":6,""poor"":9,""severe"":0},""row_condition_profile"":[4,4,2,2,4,1,1,0]}"
corr_5c7c47d48c1058ec,"{""affected_cells"":[""r00_c04"",""r00_c05"",""r00_c06"",""r00_c07"",""r01_c05"",""r01_c06"",""r01_c07"",""r02_c07"",""r04_c07"",""r05_c05"",""r05_c06"",""r05_c07"",""r06_c06"",""r06_c07""],""fair_cells"":[""r00_c04"",""r00_c05"",""r00_c06"",""r00_c07"",""r01_c05"",""r01_c06"",""r01_c07"",""r02_c07"",""r04_c07"",""r05_c05"",""r05_c06"",""r05_c07"",""r06_c06"",""r06_c07""],""poor_cells"":[],""severe_cells"":[],""area_bins"":{""fair"":6,""poor"":0,""severe"":0},""row_condition_profile"":[1,1,1,0,1,1,1,0]}"
corr_5d47c86eec281789,"{""affected_cells"":[""r00_c02"",""r00_c03"",""r00_c04"",""r00_c05"",""r00_c06"",""r00_c07"",""r01_c06"",""r01_c07""],""fair_cells"":[""r00_c02"",""r00_c03"",""r00_c04"",""r00_c05"",""r00_c06"",""r00_c07"",""r01_c06"",""r01_c07""],""poor_cells"":[],""severe_cells"":[],""area_bins"":{""fair"":2,""poor"":0,""severe"":0},""row_condition_profile"":[1,1,0,0,0,0,0,0]}"
corr_5dd8990ceec11fd5,"{""affected_cells"":[""r00_c00"",""r00_c01"",""r00_c02"",""r00_c03"",""r01_c00"",""r01_c01"",""r01_c02"",""r01_c03"",""r02_c00"",""r02_c01"",""r02_c02"",""r02_c03"",""r02_c04"",""r03_c00"",""r03_c01"",""r03_c02"",""r03_c03"",""r03_c04"",""r04_c00"",""r04_c01"",""r04_c02"",""r04_c03"",""r04_c04"",""r05_c00"",""r05_c01"",""r05_c02"",""r05_c03""],""fair_cells"":[""r00_c00"",""r00_c01"",""r00_c02"",""r00_c03"",""r01_c00"",""r01_c01"",""r01_c02"",""r01_c03"",""r02_c00"",""r02_c01"",""r02_c02"",""r02_c03"",""r03_c00"",""r03_c01"",""r03_c02"",""r03_c03""],""poor_cells"":[""r02_c01"",""r02_c02"",""r02_c03"",""r02_c04"",""r03_c00"",""r03_c01"",""r03_c02"",""r03_c03"",""r03_c04"",""r04_c00"",""r04_c01"",""r04_c02"",""r04_c03"",""r04_c04"",""r05_c00"",""r05_c01"",""r05_c02"",""r05_c03""],""severe_cells"":[],""area_bins"":{""fair"":7,""poor"":7,""severe"":0},""row_condition_profile"":[1,1,4,4,2,2,0,0]}"
corr_5ddc22fc87d3a9e9,"{""affected_cells"":[""r00_c01"",""r00_c02"",""r01_c01"",""r01_c02"",""r01_c03"",""r02_c06"",""r03_c00"",""r03_c05"",""r03_c06"",""r04_c01"",""r04_c02"",""r04_c03"",""r04_c04"",""r04_c05"",""r04_c06"",""r05_c00"",""r05_c01"",""r05_c02"",""r05_c03"",""r05_c04"",""r05_c05"",""r05_c06"",""r06_c00"",""r06_c01"",""r06_c02"",""r06_c03"",""r06_c04"",""r06_c05""],""fair_cells"":[""r00_c01"",""r00_c02"",""r01_c01"",""r01_c02"",""r01_c03"",""r02_c06"",""r03_c00"",""r03_c05"",""r03_c06"",""r04_c01"",""r04_c02"",""r04_c03"",""r04_c04"",""r04_c05"",""r04_c06"",""r05_c00"",""r05_c01"",""r05_c02"",""r05_c03"",""r05_c04"",""r05_c05"",""r05_c06"",""r06_c00"",""r06_c01"",""r06_c02"",""r06_c03"",""r06_c04"",""r06_c05""],""poor_cells"":[],""severe_cells"":[],""area_bins"":{""fair"":7,""poor"":0,""severe"":0},""row_condition_profile"":[1,1,1,1,1,1,1,0]}"
corr_5e043e7bb088ee30,"{""affected_cells"":[""r00_c00"",""r00_c01"",""r00_c02"",""r00_c03"",""r00_c04"",""r00_c05"",""r00_c06"",""r01_c00"",""r01_c01"",""r01_c02"",""r01_c03"",""r01_c06"",""r01_c07"",""r02_c00"",""r02_c01"",""r02_c02"",""r02_c03"",""r02_c04"",""r02_c05"",""r02_c06"",""r02_c07"",""r03_c00"",""r03_c01"",""r03_c02"",""r03_c03"",""r03_c04"",""r03_c05""],""fair_cells"":[""r00_c05"",""r00_c06"",""r01_c06"",""r01_c07"",""r02_c06"",""r02_c07""],""poor_cells"":[""r00_c00"",""r00_c02"",""r00_c03"",""r00_c04"",""r01_c06"",""r01_c07"",""r02_c03"",""r02_c04"",""r02_c05"",""r02_c06"",""r02_c07"",""r03_c00"",""r03_c01"",""r03_c02"",""r03_c03"",""r03_c04"",""r03_c05""],""severe_cells"":[""r00_c00"",""r00_c01"",""r00_c02"",""r00_c03"",""r00_c04"",""r01_c00"",""r01_c01"",""r01_c02"",""r01_c03"",""r02_c00"",""r02_c01"",""r02_c02"",""r02_c03"",""r02_c04""],""area_bins"":{""fair"":4,""poor"":9,""severe"":9},""row_condition_profile"":[4,4,4,2,0,0,0,0]}"
corr_5ef002e16636307e,"{""affected_cells"":[""r00_c00"",""r00_c02"",""r00_c03"",""r00_c04"",""r00_c05"",""r01_c00"",""r01_c02"",""r01_c03"",""r01_c04"",""r02_c00"",""r02_c02"",""r02_c03"",""r02_c04"",""r03_c00"",""r03_c02"",""r03_c03"",""r03_c04"",""r04_c00"",""r04_c02"",""r04_c03"",""r04_c04"",""r05_c00"",""r05_c02"",""r05_c03"",""r05_c04"",""r06_c00"",""r06_c02"",""r06_c03"",""r06_c04""],""fair_cells"":[""r00_c00"",""r00_c02"",""r00_c03"",""r00_c04"",""r00_c05"",""r01_c00"",""r01_c02"",""r01_c03"",""r01_c04"",""r02_c00"",""r02_c02"",""r02_c03"",""r02_c04"",""r03_c00"",""r03_c02"",""r03_c03"",""r03_c04"",""r04_c00"",""r04_c02"",""r04_c03"",""r04_c04"",""r05_c00"",""r05_c02"",""r05_c03"",""r05_c04"",""r06_c00"",""r06_c02"",""r06_c03"",""r06_c04""],""poor_cells"":[],""severe_cells"":[],""area_bins"":{""fair"":9,""poor"":0,""severe"":0},""row_condition_profile"":[1,1,1,1,1,1,1,0]}"
corr_5f1af0a0575dbd5c,"{""affected_cells"":[""r00_c00"",""r00_c01"",""r00_c02"",""r00_c03"",""r00_c04"",""r00_c05"",""r00_c06"",""r00_c07"",""r01_c00"",""r01_c01"",""r01_c02"",""r01_c03"",""r01_c04"",""r01_c05"",""r02_c00"",""r02_c01"",""r02_c02"",""r02_c03"",""r02_c04"",""r02_c05"",""r03_c00"",""r03_c01"",""r03_c02"",""r03_c03"",""r03_c04"",""r04_c03"",""r04_c04""],""fair_cells"":[""r00_c00"",""r00_c01"",""r00_c02"",""r00_c03"",""r00_c04"",""r00_c05"",""r00_c06"",""r00_c07"",""r01_c00"",""r01_c01"",""r01_c02"",""r01_c03"",""r01_c04"",""r01_c05"",""r02_c00"",""r02_c03"",""r02_c04"",""r02_c05"",""r03_c00"",""r03_c01"",""r03_c02"",""r03_c03"",""r03_c04"",""r04_c03"",""r04_c04""],""poor_cells"":[""r00_c00"",""r00_c01"",""r00_c02"",""r00_c03"",""r01_c00"",""r02_c00"",""r02_c01"",""r03_c00"",""r03_c01""],""severe_cells"":[""r00_c00"",""r00_c01"",""r00_c02"",""r00_c03"",""r01_c00"",""r01_c01"",""r01_c02"",""r01_c03"",""r02_c00"",""r02_c01"",""r02_c02"",""r02_c03""],""area_bins"":{""fair"":7,""poor"":7,""severe"":8},""row_condition_profile"":[4,4,4,4,1,0,0,0]}"
corr_603fe667754a0021,"{""affected_cells"":[""r02_c04"",""r02_c07"",""r03_c03"",""r03_c04"",""r03_c05"",""r03_c06"",""r03_c07"",""r04_c03"",""r04_c04"",""r04_c05"",""r04_c06"",""r04_c07"",""r05_c03"",""r05_c04"",""r05_c05"",""r05_c06"",""r05_c07"",""r06_c02"",""r06_c03"",""r06_c04"",""r06_c05"",""r06_c06"",""r06_c07""],""fair_cells"":[""r02_c04"",""r02_c07"",""r03_c03"",""r03_c04"",""r03_c05"",""r03_c06"",""r03_c07"",""r04_c03"",""r04_c04"",""r04_c05"",""r04_c06"",""r04_c07"",""r05_c03"",""r05_c04"",""r05_c05"",""r05_c06"",""r05_c07"",""r06_c02"",""r06_c03"",""r06_c04"",""r06_c05"",""r06_c06"",""r06_c07""],""poor_cells"":[],""severe_cells"":[],""area_bins"":{""fair"":7,""poor"":0,""severe"":0},""row_condition_profile"":[0,0,1,1,1,1,1,0]}"
corr_6167abdce94ac2af,"{""affected_cells"":[""r01_c00"",""r04_c00"",""r04_c01"",""r05_c00"",""r05_c01"",""r05_c03"",""r05_c04"",""r05_c05"",""r05_c06"",""r05_c07""],""fair_cells"":[""r01_c00"",""r04_c00"",""r04_c01"",""r05_c00"",""r05_c01"",""r05_c03"",""r05_c04"",""r05_c05"",""r05_c06"",""r05_c07""],""poor_cells"":[""r04_c00"",""r04_c01""],""severe_cells"":[],""area_bins"":{""fair"":5,""poor"":1,""severe"":0},""row_condition_profile"":[0,1,0,0,4,1,0,0]}"
corr_62175f308b5a915f,"{""affected_cells"":[""r00_c04"",""r00_c05"",""r00_c06"",""r00_c07"",""r01_c04"",""r01_c05"",""r01_c06"",""r01_c07"",""r02_c04"",""r02_c05"",""r02_c06"",""r02_c07""],""fair_cells"":[""r00_c07""],""poor_cells"":[""r00_c04"",""r00_c05"",""r00_c06"",""r00_c07"",""r01_c04"",""r01_c05"",""r01_c06"",""r01_c07"",""r02_c04"",""r02_c05"",""r02_c06"",""r02_c07""],""severe_cells"":[],""area_bins"":{""fair"":2,""poor"":8,""severe"":0},""row_condition_profile"":[4,2,2,0,0,0,0,0]}"
corr_6230c864eb93d2d2,"{""affected_cells"":[""r06_c00"",""r06_c01"",""r06_c02""],""fair_cells"":[""r06_c00"",""r06_c01"",""r06_c02""],""poor_cells"":[],""severe_cells"":[],""area_bins"":{""fair"":3,""poor"":0,""severe"":0},""row_condition_profile"":[0,0,0,0,0,0,1,0]}"
corr_6252c0704c76f10e,"{""affected_cells"":[""r00_c00"",""r00_c01"",""r00_c02"",""r00_c03"",""r00_c04"",""r01_c00"",""r01_c01"",""r01_c02"",""r01_c03"",""r01_c04"",""r01_c05"",""r02_c00"",""r02_c01"",""r02_c02"",""r02_c03"",""r02_c04"",""r02_c05"",""r03_c00"",""r03_c01"",""r03_c02"",""r03_c03"",""r03_c04""],""fair_cells"":[],""poor_cells"":[""r00_c00"",""r00_c01"",""r00_c02"",""r00_c03"",""r00_c04"",""r01_c00"",""r01_c01"",""r01_c02"",""r01_c03"",""r01_c04"",""r01_c05"",""r02_c00"",""r02_c01"",""r02_c02"",""r02_c03"",""r02_c04"",""r02_c05"",""r03_c00"",""r03_c01"",""r03_c02"",""r03_c03"",""r03_c04""],""severe_cells"":[],""area_bins"":{""fair"":0,""poor"":9,""severe"":0},""row_condition_profile"":[2,2,2,2,0,0,0,0]}"
corr_63932958d9ea777f,"{""affected_cells"":[""r00_c01"",""r00_c02"",""r00_c03"",""r00_c04"",""r00_c05"",""r01_c04"",""r01_c05"",""r02_c03"",""r02_c06"",""r03_c00"",""r03_c02"",""r03_c03"",""r03_c04"",""r03_c05"",""r03_c06"",""r03_c07"",""r04_c00"",""r04_c01"",""r04_c02"",""r04_c07"",""r05_c03"",""r06_c02"",""r06_c03""],""fair_cells"":[""r00_c01"",""r00_c02"",""r00_c05"",""r03_c00"",""r03_c02"",""r03_c03"",""r03_c06"",""r03_c07"",""r04_c00"",""r04_c01"",""r04_c02"",""r04_c07"",""r05_c03"",""r06_c02"",""r06_c03""],""poor_cells"":[""r00_c02"",""r00_c03"",""r00_c04"",""r00_c05"",""r01_c04"",""r01_c05"",""r02_c03"",""r02_c06"",""r03_c03"",""r03_c04"",""r03_c05"",""r03_c06""],""severe_cells"":[],""area_bins"":{""fair"":9,""poor"":9,""severe"":0},""row_condition_profile"":[4,2,2,4,1,1,1,0]}"
corr_63b90cc92b313e97,"{""affected_cells"":[""r01_c04"",""r01_c05"",""r01_c06"",""r01_c07"",""r02_c00"",""r02_c01"",""r02_c02"",""r02_c03"",""r02_c04"",""r02_c05"",""r02_c06"",""r02_c07"",""r03_c00"",""r03_c01"",""r04_c00"",""r04_c01"",""r05_c00"",""r05_c01"",""r05_c02"",""r05_c03"",""r06_c00"",""r06_c01"",""r06_c02""],""fair_cells"":[""r01_c04"",""r01_c05"",""r01_c06"",""r01_c07"",""r02_c00"",""r02_c01"",""r02_c02"",""r02_c03"",""r02_c04"",""r02_c05"",""r02_c06"",""r02_c07"",""r03_c00"",""r03_c01"",""r04_c00"",""r04_c01"",""r05_c00"",""r05_c01"",""r05_c02"",""r05_c03"",""r06_c00"",""r06_c01"",""r06_c02""],""poor_cells"":[""r05_c00"",""r05_c01"",""r05_c02""],""severe_cells"":[],""area_bins"":{""fair"":7,""poor"":4,""severe"":0},""row_condition_profile"":[0,1,1,1,1,4,1,0]}"
corr_6403b35d77e865bf,"{""affected_cells"":[""r00_c00"",""r00_c01"",""r00_c02"",""r00_c03"",""r00_c04"",""r00_c05"",""r01_c00"",""r01_c01"",""r01_c02"",""r01_c03"",""r01_c04"",""r01_c05"",""r02_c00"",""r02_c01"",""r02_c02"",""r02_c03"",""r02_c04"",""r02_c05"",""r03_c00"",""r03_c01"",""r03_c02"",""r03_c03"",""r03_c04"",""r03_c05"",""r04_c00"",""r04_c01"",""r04_c02"",""r04_c03"",""r04_c04"",""r04_c05"",""r05_c01"",""r05_c02"",""r05_c03"",""r05_c04"",""r06_c02"",""r06_c03"",""r06_c04"",""r06_c05""],""fair_cells"":[""r00_c00"",""r00_c01"",""r00_c02"",""r00_c03"",""r00_c04"",""r00_c05"",""r01_c00"",""r01_c01"",""r01_c02"",""r01_c03"",""r01_c04"",""r01_c05"",""r02_c02"",""r02_c03"",""r02_c04"",""r02_c05"",""r03_c00"",""r03_c01"",""r03_c02"",""r03_c03"",""r03_c04"",""r03_c05"",""r04_c00"",""r04_c01"",""r04_c02"",""r04_c03"",""r04_c04"",""r05_c01"",""r05_c02"",""r05_c03"",""r05_c04"",""r06_c02"",""r06_c03"",""r06_c04"",""r06_c05""],""poor_cells"":[""r00_c04"",""r01_c00"",""r01_c01"",""r01_c02"",""r01_c03"",""r01_c04"",""r01_c05"",""r02_c00"",""r02_c01"",""r02_c02"",""r02_c03"",""r02_c04"",""r02_c05"",""r03_c00"",""r03_c01"",""r03_c04"",""r03_c05"",""r04_c01"",""r04_c02"",""r04_c04"",""r04_c05"",""r05_c03"",""r05_c04"",""r06_c03"",""r06_c04""],""severe_cells"":[],""area_bins"":{""fair"":9,""poor"":8,""severe"":0},""row_condition_profile"":[4,4,4,4,4,4,4,0]}"
corr_64f3b486780e6192,"{""affected_cells"":[""r00_c00"",""r00_c01"",""r00_c02"",""r00_c03"",""r00_c04"",""r00_c05"",""r00_c06"",""r00_c07"",""r01_c00"",""r01_c01"",""r01_c02"",""r01_c03"",""r01_c04""],""fair_cells"":[""r00_c00"",""r00_c01"",""r00_c02"",""r00_c03"",""r00_c04"",""r00_c05"",""r00_c06"",""r00_c07"",""r01_c00"",""r01_c01"",""r01_c02"",""r01_c03"",""r01_c04""],""poor_cells"":[""r00_c03"",""r00_c04"",""r00_c05"",""r00_c06"",""r00_c07""],""severe_cells"":[],""area_bins"":{""fair"":1,""poor"":1,""severe"":0},""row_condition_profile"":[4,1,0,0,0,0,0,0]}"
corr_6542e976497631fa,"{""affected_cells"":[""r00_c01"",""r01_c00"",""r02_c00"",""r03_c00"",""r03_c01"",""r03_c02"",""r03_c03"",""r04_c00"",""r04_c01"",""r04_c02"",""r04_c03"",""r04_c04"",""r04_c05"",""r05_c01"",""r05_c03"",""r05_c04"",""r05_c05"",""r05_c06"",""r06_c01"",""r06_c04"",""r06_c05"",""r06_c06""],""fair_cells"":[""r00_c01"",""r01_c00"",""r02_c00"",""r03_c03"",""r04_c00"",""r04_c01"",""r04_c02"",""r04_c03"",""r04_c04"",""r04_c05"",""r05_c01"",""r05_c03"",""r05_c04"",""r05_c05"",""r05_c06"",""r06_c01"",""r06_c04"",""r06_c05"",""r06_c06""],""poor_cells"":[""r03_c00"",""r03_c01"",""r03_c02"",""r04_c00"",""r04_c01"",""r04_c02""],""severe_cells"":[],""area_bins"":{""fair"":5,""poor"":1,""severe"":0},""row_condition_profile"":[1,1,1,4,4,1,1,0]}"
corr_66988ff4bfc6fdd4,"{""affected_cells"":[""r00_c00"",""r00_c01"",""r00_c02"",""r00_c03"",""r00_c04"",""r00_c05"",""r01_c00"",""r01_c01"",""r01_c02"",""r01_c03"",""r01_c04"",""r01_c05"",""r02_c00"",""r02_c01"",""r02_c02"",""r02_c03"",""r02_c04"",""r03_c00"",""r03_c01"",""r03_c02"",""r03_c03"",""r03_c04"",""r04_c02"",""r04_c03""],""fair_cells"":[""r00_c00"",""r00_c01"",""r00_c02"",""r00_c04"",""r00_c05"",""r01_c00"",""r01_c01"",""r01_c02"",""r01_c04"",""r01_c05"",""r02_c00"",""r02_c01"",""r03_c00""],""poor_cells"":[""r00_c00"",""r00_c01"",""r00_c02"",""r00_c03"",""r00_c04"",""r01_c00"",""r01_c04""],""severe_cells"":[""r00_c01"",""r00_c02"",""r00_c03"",""r00_c04"",""r01_c00"",""r01_c01"",""r01_c02"",""r01_c03"",""r01_c04"",""r02_c00"",""r02_c01"",""r02_c02"",""r02_c03"",""r02_c04"",""r03_c00"",""r03_c01"",""r03_c02"",""r03_c03"",""r03_c04"",""r04_c02"",""r04_c03""],""area_bins"":{""fair"":1,""poor"":7,""severe"":9},""row_condition_profile"":[4,4,4,4,3,0,0,0]}"
corr_66fc340d78893fe0,"{""affected_cells"":[""r00_c00"",""r00_c01"",""r00_c02"",""r00_c03"",""r00_c04"",""r00_c05"",""r00_c06"",""r00_c07"",""r01_c00"",""r01_c01"",""r01_c02"",""r01_c03"",""r01_c04"",""r01_c05"",""r01_c06"",""r01_c07"",""r02_c00"",""r02_c01"",""r02_c02"",""r02_c03"",""r02_c04"",""r02_c05"",""r02_c06"",""r02_c07"",""r03_c01"",""r03_c02"",""r03_c03"",""r03_c04"",""r03_c05"",""r03_c06"",""r03_c07"",""r04_c02"",""r04_c03"",""r04_c05"",""r04_c06"",""r04_c07"",""r05_c05""],""fair_cells"":[""r00_c05"",""r00_c06"",""r00_c07"",""r01_c05"",""r01_c06"",""r01_c07"",""r02_c05"",""r02_c06"",""r02_c07"",""r03_c01"",""r03_c02"",""r03_c03"",""r03_c04"",""r03_c05"",""r03_c06"",""r03_c07"",""r04_c02"",""r04_c03"",""r04_c05"",""r04_c06"",""r04_c07"",""r05_c05""],""poor_cells"":[""r00_c00"",""r00_c01"",""r00_c02"",""r00_c03"",""r00_c04"",""r00_c05"",""r00_c06"",""r00_c07"",""r01_c00"",""r01_c01"",""r01_c02"",""r01_c03"",""r01_c04"",""r01_c05"",""r01_c06"",""r01_c07"",""r02_c00"",""r02_c01"",""r02_c02"",""r02_c03"",""r02_c04"",""r02_c05"",""r03_c03"",""r03_c04"",""r03_c05"",""r03_c06"",""r04_c05"",""r04_c06""],""severe_cells"":[],""area_bins"":{""fair"":9,""poor"":9,""severe"":0},""row_condition_profile"":[4,4,4,4,4,1,0,0]}"
corr_673ae2a495735268,"{""affected_cells"":[""r00_c00"",""r00_c01"",""r00_c02"",""r00_c03"",""r00_c04"",""r01_c00"",""r01_c01"",""r01_c02"",""r01_c03"",""r01_c04"",""r01_c07"",""r02_c01"",""r02_c02"",""r02_c03"",""r02_c04"",""r02_c05"",""r02_c06"",""r02_c07"",""r03_c01"",""r03_c02"",""r03_c03"",""r03_c04"",""r03_c05"",""r03_c06"",""r03_c07"",""r04_c01"",""r04_c02"",""r04_c03"",""r04_c04"",""r04_c05"",""r04_c06"",""r04_c07"",""r05_c02"",""r05_c03"",""r05_c04"",""r05_c05"",""r05_c06"",""r05_c07"",""r06_c03"",""r06_c04"",""r06_c05"",""r06_c06"",""r06_c07""],""fair_cells"":[""r00_c00"",""r00_c01"",""r00_c02"",""r00_c03"",""r00_c04"",""r01_c00"",""r01_c01"",""r01_c02"",""r01_c03"",""r01_c04"",""r01_c07"",""r02_c01"",""r02_c02"",""r02_c03"",""r02_c04"",""r02_c05"",""r02_c06"",""r02_c07"",""r03_c01"",""r03_c02"",""r03_c03"",""r03_c04"",""r03_c05"",""r03_c06"",""r03_c07"",""r04_c01"",""r04_c02"",""r04_c03"",""r04_c04"",""r04_c05"",""r04_c06"",""r04_c07"",""r05_c02"",""r05_c03"",""r05_c04"",""r05_c05"",""r05_c06"",""r05_c07"",""r06_c03"",""r06_c04"",""r06_c05"",""r06_c06"",""r06_c07""],""poor_cells"":[""r05_c07""],""severe_cells"":[],""area_bins"":{""fair"":9,""poor"":3,""severe"":0},""row_condition_profile"":[1,1,1,1,1,4,1,0]}"
corr_67c797047cf3049a,"{""affected_cells"":[""r00_c01"",""r00_c02"",""r00_c03"",""r00_c04"",""r00_c05"",""r01_c00"",""r01_c01"",""r01_c02"",""r01_c03"",""r01_c04"",""r01_c05"",""r01_c06"",""r02_c00"",""r02_c01"",""r02_c02"",""r02_c03"",""r02_c04"",""r02_c05"",""r03_c00"",""r03_c01"",""r03_c02"",""r03_c03"",""r03_c04"",""r03_c05"",""r04_c00"",""r04_c01"",""r04_c02"",""r04_c04"",""r05_c00"",""r05_c01"",""r06_c00"",""r06_c01""],""fair_cells"":[""r03_c00"",""r03_c01"",""r04_c00"",""r04_c01"",""r04_c02"",""r05_c00"",""r05_c01"",""r06_c00"",""r06_c01""],""poor_cells"":[""r01_c00"",""r02_c00"",""r02_c01"",""r02_c02"",""r03_c00"",""r03_c01"",""r03_c02"",""r03_c03""],""severe_cells"":[""r00_c01"",""r00_c02"",""r00_c03"",""r00_c04"",""r00_c05"",""r01_c01"",""r01_c02"",""r01_c03"",""r01_c04"",""r01_c05"",""r01_c06"",""r02_c02"",""r02_c03"",""r02_c04"",""r02_c05"",""r03_c02"",""r03_c03"",""r03_c04"",""r03_c05"",""r04_c04""],""area_bins"":{""fair"":1,""poor"":7,""severe"":9},""row_condition_profile"":[3,4,4,4,4,1,1,0]}"
corr_69083cd205aeceba,"{""affected_cells"":[""r00_c02"",""r00_c03"",""r00_c04"",""r00_c05"",""r00_c06"",""r00_c07"",""r01_c02"",""r01_c03"",""r01_c04"",""r01_c05"",""r01_c06"",""r01_c07"",""r02_c02"",""r02_c03"",""r02_c04"",""r02_c05"",""r02_c06"",""r02_c07"",""r03_c02"",""r03_c03"",""r03_c04"",""r03_c05"",""r03_c06"",""r03_c07"",""r04_c05"",""r04_c06"",""r04_c07"",""r05_c05"",""r05_c06"",""r05_c07"",""r06_c05"",""r06_c06"",""r06_c07""],""fair_cells"":[""r00_c02"",""r00_c03"",""r00_c04"",""r00_c05"",""r00_c06"",""r00_c07"",""r01_c02"",""r01_c03"",""r01_c04"",""r01_c05"",""r01_c06"",""r01_c07"",""r02_c02"",""r02_c03"",""r02_c04"",""r02_c05"",""r02_c06"",""r02_c07"",""r03_c04"",""r03_c05"",""r03_c06"",""r03_c07"",""r04_c05"",""r04_c06"",""r04_c07""],""poor_cells"":[""r00_c02"",""r00_c03"",""r00_c04"",""r00_c05"",""r01_c02"",""r01_c03"",""r01_c04"",""r01_c05"",""r02_c02"",""r02_c03"",""r02_c04"",""r02_c05"",""r03_c02"",""r03_c03"",""r03_c04"",""r03_c05"",""r04_c05"",""r04_c06"",""r04_c07"",""r05_c05"",""r05_c06"",""r05_c07"",""r06_c05"",""r06_c06"",""r06_c07""],""severe_cells"":[],""area_bins"":{""fair"":9,""poor"":9,""severe"":0},""row_condition_profile"":[4,4,4,4,4,2,2,0]}"
corr_6930db77bc87d3df,"{""affected_cells"":[""r02_c04"",""r03_c03"",""r03_c04"",""r03_c07"",""r04_c06"",""r04_c07"",""r05_c07""],""fair_cells"":[""r02_c04"",""r03_c03"",""r03_c04"",""r04_c07"",""r05_c07""],""poor_cells"":[""r03_c07"",""r04_c06"",""r04_c07""],""severe_cells"":[],""area_bins"":{""fair"":5,""poor"":1,""severe"":0},""row_condition_profile"":[0,0,1,4,4,1,0,0]}"
corr_69fbda526d2a7e3b,"{""affected_cells"":[""r00_c03"",""r00_c04"",""r00_c05"",""r00_c06"",""r00_c07"",""r01_c03"",""r01_c04"",""r01_c05"",""r01_c06"",""r01_c07"",""r02_c03"",""r02_c04"",""r02_c05"",""r02_c06"",""r02_c07"",""r03_c03"",""r03_c04"",""r03_c05"",""r03_c06"",""r03_c07"",""r04_c02"",""r04_c03"",""r04_c04"",""r04_c05"",""r04_c06"",""r04_c07"",""r05_c01"",""r05_c02"",""r05_c03"",""r05_c04"",""r05_c05"",""r05_c06"",""r05_c07"",""r06_c01"",""r06_c02"",""r06_c03"",""r06_c04"",""r06_c05"",""r06_c06"",""r06_c07""],""fair_cells"":[""r00_c03"",""r01_c03"",""r02_c04"",""r03_c04"",""r05_c01"",""r06_c01"",""r06_c02""],""poor_cells"":[""r00_c04"",""r00_c05"",""r00_c06"",""r00_c07"",""r01_c04"",""r01_c05""],""severe_cells"":[""r00_c04"",""r00_c05"",""r00_c06"",""r00_c07"",""r01_c03"",""r01_c04"",""r01_c05"",""r01_c06"",""r01_c07"",""r02_c03"",""r02_c04"",""r02_c05"",""r02_c06"",""r02_c07"",""r03_c03"",""r03_c04"",""r03_c05"",""r03_c06"",""r03_c07"",""r04_c02"",""r04_c03"",""r04_c04"",""r04_c05"",""r04_c06"",""r04_c07"",""r05_c02"",""r05_c03"",""r05_c04"",""r05_c05"",""r05_c06"",""r05_c07"",""r06_c02"",""r06_c03"",""r06_c04"",""r06_c05"",""r06_c06"",""r06_c07""],""area_bins"":{""fair"":5,""poor"":6,""severe"":9},""row_condition_profile"":[4,4,4,4,3,4,4,0]}"
corr_6b08c374e80dd2e4,"{""affected_cells"":[""r02_c00"",""r02_c01"",""r02_c02"",""r03_c00"",""r03_c01"",""r03_c02"",""r04_c00"",""r04_c01"",""r04_c02""],""fair_cells"":[""r02_c00"",""r02_c01"",""r02_c02"",""r03_c00"",""r03_c01"",""r03_c02"",""r04_c00"",""r04_c01"",""r04_c02""],""poor_cells"":[],""severe_cells"":[],""area_bins"":{""fair"":3,""poor"":0,""severe"":0},""row_condition_profile"":[0,0,1,1,1,0,0,0]}"
corr_6ba1e959c5bd9f13,"{""affected_cells"":[""r05_c00"",""r05_c01"",""r05_c02"",""r05_c03"",""r05_c04""],""fair_cells"":[""r05_c00"",""r05_c01"",""r05_c02"",""r05_c03"",""r05_c04""],""poor_cells"":[""r05_c03""],""severe_cells"":[],""area_bins"":{""fair"":2,""poor"":1,""severe"":0},""row_condition_profile"":[0,0,0,0,0,4,0,0]}"
corr_6ce2d5148ed84d86,"{""affected_cells"":[""r00_c03"",""r00_c04""],""fair_cells"":[""r00_c03"",""r00_c04""],""poor_cells"":[],""severe_cells"":[],""area_bins"":{""fair"":3,""poor"":0,""severe"":0},""row_condition_profile"":[1,0,0,0,0,0,0,0]}"
corr_6cf670962a50dc0b,"{""affected_cells"":[""r00_c00"",""r00_c01"",""r01_c00"",""r01_c01"",""r05_c00"",""r05_c01"",""r06_c00"",""r06_c01""],""fair_cells"":[""r00_c00"",""r00_c01"",""r01_c00"",""r01_c01"",""r05_c00"",""r05_c01"",""r06_c00"",""r06_c01""],""poor_cells"":[],""severe_cells"":[],""area_bins"":{""fair"":5,""poor"":0,""severe"":0},""row_condition_profile"":[1,1,0,0,0,1,1,0]}"
corr_6d0513b1ea25edae,"{""affected_cells"":[""r00_c00"",""r00_c01"",""r00_c02"",""r00_c03"",""r00_c04"",""r00_c05"",""r00_c06"",""r00_c07""],""fair_cells"":[""r00_c01"",""r00_c02"",""r00_c03"",""r00_c04"",""r00_c05"",""r00_c06"",""r00_c07""],""poor_cells"":[""r00_c00"",""r00_c01""],""severe_cells"":[],""area_bins"":{""fair"":4,""poor"":1,""severe"":0},""row_condition_profile"":[4,0,0,0,0,0,0,0]}"
corr_6d1790e5b124cdf1,"{""affected_cells"":[""r00_c03"",""r00_c04"",""r00_c05"",""r00_c06"",""r00_c07"",""r01_c02"",""r01_c03"",""r01_c04"",""r01_c05"",""r01_c06"",""r01_c07"",""r02_c01"",""r02_c02"",""r02_c03"",""r02_c04"",""r02_c06"",""r02_c07"",""r03_c04"",""r03_c06"",""r03_c07"",""r04_c04"",""r04_c05"",""r04_c06"",""r04_c07"",""r05_c00"",""r05_c01"",""r05_c02"",""r05_c05"",""r05_c06"",""r05_c07"",""r06_c06""],""fair_cells"":[""r00_c03"",""r00_c04"",""r00_c05"",""r00_c06"",""r01_c02"",""r01_c03"",""r01_c04"",""r01_c05"",""r01_c06"",""r01_c07"",""r02_c01"",""r02_c02"",""r02_c03"",""r02_c04"",""r02_c06"",""r02_c07"",""r03_c04"",""r03_c06"",""r03_c07"",""r04_c04"",""r04_c05"",""r04_c06"",""r04_c07"",""r05_c00"",""r05_c01"",""r05_c02"",""r05_c05"",""r05_c06"",""r05_c07"",""r06_c06""],""poor_cells"":[""r00_c06"",""r00_c07"",""r01_c06"",""r01_c07"",""r02_c07""],""severe_cells"":[],""area_bins"":{""fair"":8,""poor"":5,""severe"":0},""row_condition_profile"":[4,4,4,1,1,1,1,0]}"
corr_6df87afad3d27f9d,"{""affected_cells"":[""r00_c02"",""r00_c03"",""r00_c04"",""r00_c05"",""r00_c06"",""r00_c07"",""r01_c03"",""r01_c04"",""r01_c05"",""r01_c06"",""r01_c07"",""r02_c02"",""r02_c03"",""r02_c04"",""r02_c05"",""r02_c06"",""r02_c07"",""r03_c02"",""r03_c03"",""r03_c04"",""r03_c05"",""r03_c06"",""r03_c07"",""r04_c02"",""r04_c03"",""r04_c04"",""r04_c05"",""r04_c06"",""r04_c07""],""fair_cells"":[""r00_c02"",""r00_c03"",""r00_c04"",""r00_c05"",""r00_c06"",""r00_c07"",""r01_c03"",""r01_c04"",""r01_c05"",""r01_c06"",""r01_c07"",""r02_c02"",""r02_c03"",""r02_c04"",""r03_c02"",""r03_c03"",""r03_c04"",""r04_c02"",""r04_c03"",""r04_c04""],""poor_cells"":[""r00_c03"",""r00_c04"",""r00_c05"",""r00_c06"",""r00_c07"",""r01_c07"",""r02_c02"",""r02_c03"",""r02_c04"",""r02_c05"",""r02_c06"",""r02_c07"",""r03_c02"",""r03_c03"",""r03_c04"",""r03_c05"",""r03_c06"",""r03_c07"",""r04_c02"",""r04_c03"",""r04_c04"",""r04_c05"",""r04_c06"",""r04_c07""],""severe_cells"":[],""area_bins"":{""fair"":6,""poor"":9,""severe"":0},""row_condition_profile"":[4,4,4,4,4,0,0,0]}"
corr_6fedddfd7077d475,"{""affected_cells"":[""r00_c05"",""r01_c05"",""r01_c06"",""r04_c05"",""r04_c06"",""r04_c07"",""r05_c05"",""r05_c06"",""r05_c07""],""fair_cells"":[""r00_c05"",""r01_c05"",""r01_c06"",""r04_c05"",""r04_c06"",""r04_c07"",""r05_c05"",""r05_c06"",""r05_c07""],""poor_cells"":[],""severe_cells"":[],""area_bins"":{""fair"":4,""poor"":0,""severe"":0},""row_condition_profile"":[1,1,0,0,1,1,0,0]}"
corr_704c5c2ac9de3ff0,"{""affected_cells"":[""r00_c05"",""r00_c06"",""r01_c04"",""r01_c05"",""r01_c06"",""r02_c03"",""r02_c04"",""r02_c05"",""r02_c06"",""r03_c02"",""r03_c03"",""r03_c04"",""r03_c05"",""r04_c00"",""r04_c02"",""r04_c03"",""r04_c04"",""r04_c05"",""r05_c00"",""r05_c01"",""r05_c02"",""r05_c03"",""r06_c00"",""r06_c01"",""r06_c02"",""r06_c03"",""r06_c07""],""fair_cells"":[""r00_c05"",""r00_c06"",""r01_c04"",""r01_c05"",""r01_c06"",""r02_c03"",""r02_c04"",""r02_c05"",""r02_c06"",""r03_c02"",""r03_c03"",""r03_c04"",""r03_c05"",""r04_c00"",""r04_c02"",""r04_c03"",""r04_c04"",""r04_c05"",""r05_c00"",""r05_c01"",""r05_c02"",""r05_c03"",""r06_c00"",""r06_c01"",""r06_c02"",""r06_c03"",""r06_c07""],""poor_cells"":[],""severe_cells"":[],""area_bins"":{""fair"":9,""poor"":0,""severe"":0},""row_condition_profile"":[1,1,1,1,1,1,1,0]}"
corr_705165f03b7e86b5,"{""affected_cells"":[""r00_c01"",""r00_c02"",""r00_c04"",""r01_c03"",""r01_c04"",""r02_c03"",""r02_c04"",""r02_c06"",""r02_c07"",""r03_c01"",""r03_c02"",""r03_c03"",""r03_c04"",""r03_c05"",""r03_c07"",""r04_c01"",""r04_c02"",""r04_c03"",""r04_c04"",""r05_c06"",""r05_c07"",""r06_c06"",""r06_c07""],""fair_cells"":[""r00_c01"",""r00_c02"",""r00_c04"",""r01_c03"",""r01_c04"",""r02_c03"",""r02_c04"",""r02_c06"",""r02_c07"",""r03_c01"",""r03_c02"",""r03_c03"",""r03_c04"",""r03_c05"",""r03_c07"",""r04_c01"",""r04_c02"",""r04_c03"",""r04_c04"",""r05_c06"",""r05_c07"",""r06_c06"",""r06_c07""],""poor_cells"":[],""severe_cells"":[],""area_bins"":{""fair"":6,""poor"":0,""severe"":0},""row_condition_profile"":[1,1,1,1,1,1,1,0]}"
corr_70ebcbffd935bf89,"{""affected_cells"":[""r00_c00"",""r00_c01"",""r00_c02"",""r00_c03"",""r00_c04"",""r01_c00"",""r01_c01"",""r01_c02"",""r01_c03"",""r01_c04"",""r02_c00"",""r02_c01"",""r02_c02"",""r02_c03"",""r02_c04"",""r02_c05"",""r03_c00"",""r03_c01"",""r03_c02"",""r03_c03"",""r03_c04"",""r03_c05"",""r04_c00"",""r04_c01"",""r04_c02"",""r04_c03"",""r04_c04"",""r05_c00"",""r05_c01"",""r05_c02"",""r06_c00""],""fair_cells"":[""r00_c00"",""r00_c01"",""r00_c02"",""r00_c03"",""r00_c04"",""r01_c00"",""r01_c01"",""r01_c02"",""r01_c03"",""r01_c04"",""r02_c00"",""r02_c01"",""r02_c02"",""r02_c03"",""r02_c04"",""r02_c05"",""r03_c00"",""r03_c01"",""r03_c02"",""r03_c03"",""r03_c04"",""r03_c05"",""r04_c00"",""r04_c01"",""r04_c02"",""r04_c03"",""r04_c04"",""r05_c00"",""r05_c01"",""r05_c02"",""r06_c00""],""poor_cells"":[""r00_c00"",""r00_c01"",""r01_c00"",""r02_c00"",""r02_c01"",""r02_c02""],""severe_cells"":[],""area_bins"":{""fair"":9,""poor"":6,""severe"":0},""row_condition_profile"":[4,4,4,1,1,1,1,0]}"
corr_71084eab7d6b2359,"{""affected_cells"":[""r00_c00"",""r00_c01"",""r00_c02"",""r00_c03"",""r00_c04"",""r00_c05"",""r00_c06"",""r00_c07"",""r01_c00"",""r01_c01"",""r01_c02"",""r01_c03"",""r01_c04"",""r01_c05"",""r01_c06"",""r01_c07"",""r02_c00"",""r02_c01"",""r02_c02"",""r02_c03"",""r02_c04"",""r02_c05"",""r02_c06"",""r02_c07"",""r03_c00"",""r03_c01"",""r03_c02"",""r03_c03"",""r03_c04"",""r03_c05"",""r03_c06"",""r03_c07"",""r04_c03"",""r04_c04"",""r04_c05"",""r04_c06"",""r04_c07"",""r05_c00"",""r05_c05"",""r05_c06"",""r05_c07"",""r06_c00""],""fair_cells"":[""r00_c02"",""r00_c03"",""r00_c04"",""r00_c05"",""r00_c06"",""r00_c07"",""r01_c04"",""r01_c05"",""r01_c06"",""r01_c07"",""r05_c00"",""r06_c00""],""poor_cells"":[""r00_c00"",""r00_c01"",""r00_c02"",""r00_c03"",""r00_c04"",""r00_c05"",""r01_c00"",""r01_c01"",""r01_c02"",""r01_c03"",""r01_c04"",""r01_c05"",""r01_c06"",""r01_c07"",""r02_c00"",""r02_c01"",""r02_c02"",""r02_c03"",""r02_c04"",""r02_c05"",""r02_c06"",""r02_c07"",""r03_c00"",""r03_c01"",""r03_c02"",""r03_c03"",""r03_c04"",""r03_c05"",""r03_c06"",""r03_c07"",""r04_c03"",""r04_c04"",""r04_c05"",""r04_c06"",""r04_c07"",""r05_c05"",""r05_c06"",""r05_c07""],""severe_cells"":[""r00_c00"",""r01_c00"",""r01_c01"",""r01_c02"",""r02_c01"",""r02_c02"",""r02_c03""],""area_bins"":{""fair"":8,""poor"":9,""severe"":6},""row_condition_profile"":[4,4,4,2,2,4,1,0]}"
corr_714625a759a31de4,"{""affected_cells"":[""r01_c00"",""r01_c01"",""r01_c02"",""r01_c03"",""r01_c04"",""r01_c05"",""r02_c00"",""r02_c01"",""r02_c02"",""r02_c03"",""r02_c04"",""r02_c05"",""r03_c01"",""r03_c02"",""r03_c03""],""fair_cells"":[""r01_c00"",""r01_c01"",""r01_c02"",""r01_c03"",""r02_c00"",""r02_c01""],""poor_cells"":[""r01_c00"",""r01_c01"",""r01_c02"",""r01_c03"",""r01_c04"",""r01_c05"",""r02_c00"",""r02_c01"",""r02_c02"",""r02_c03"",""r02_c04"",""r02_c05"",""r03_c01"",""r03_c02"",""r03_c03""],""severe_cells"":[],""area_bins"":{""fair"":6,""poor"":8,""severe"":0},""row_condition_profile"":[0,4,4,2,0,0,0,0]}"
corr_71ccdfc38e4bc3ad,"{""affected_cells"":[""r00_c01"",""r00_c02"",""r00_c03"",""r00_c04"",""r00_c05"",""r00_c06"",""r00_c07"",""r01_c02"",""r01_c03"",""r01_c04"",""r01_c05"",""r01_c06"",""r01_c07"",""r02_c02"",""r02_c03"",""r02_c04"",""r02_c05"",""r02_c06"",""r03_c01"",""r03_c02"",""r03_c03"",""r03_c04"",""r04_c00"",""r04_c01"",""r04_c02"",""r04_c07"",""r05_c06"",""r05_c07""],""fair_cells"":[""r00_c01"",""r00_c02"",""r00_c03"",""r00_c04"",""r00_c05"",""r00_c06"",""r00_c07"",""r01_c02"",""r01_c03"",""r01_c04"",""r01_c05"",""r01_c06"",""r01_c07"",""r02_c02"",""r02_c03"",""r02_c04"",""r02_c05"",""r02_c06"",""r03_c01"",""r03_c02"",""r03_c03"",""r03_c04"",""r04_c00"",""r04_c01"",""r04_c02"",""r04_c07"",""r05_c06"",""r05_c07""],""poor_cells"":[],""severe_cells"":[],""area_bins"":{""fair"":9,""poor"":0,""severe"":0},""row_condition_profile"":[1,1,1,1,1,1,0,0]}"
corr_71d72395c9f969e7,"{""affected_cells"":[""r00_c01"",""r00_c02"",""r00_c03"",""r00_c04"",""r00_c05"",""r01_c01"",""r01_c02"",""r01_c03"",""r01_c04"",""r01_c05"",""r02_c01"",""r02_c02"",""r03_c02""],""fair_cells"":[""r00_c01"",""r00_c02"",""r00_c03"",""r00_c04"",""r00_c05"",""r01_c01"",""r01_c02"",""r01_c03"",""r01_c04"",""r01_c05"",""r02_c01"",""r02_c02"",""r03_c02""],""poor_cells"":[""r00_c01"",""r01_c01""],""severe_cells"":[],""area_bins"":{""fair"":6,""poor"":1,""severe"":0},""row_condition_profile"":[4,4,1,1,0,0,0,0]}"
corr_71fcf24aaa5fc44f,"{""affected_cells"":[""r00_c03"",""r00_c04"",""r00_c05"",""r01_c03"",""r01_c04"",""r01_c05"",""r02_c03"",""r02_c04"",""r02_c05"",""r03_c02"",""r03_c03"",""r03_c04"",""r03_c05"",""r03_c06"",""r03_c07"",""r04_c03"",""r04_c04"",""r04_c05"",""r04_c06"",""r04_c07"",""r05_c03"",""r05_c04"",""r05_c07"",""r06_c05"",""r06_c06"",""r06_c07""],""fair_cells"":[""r00_c03"",""r00_c04"",""r00_c05"",""r01_c03"",""r01_c04"",""r01_c05"",""r02_c03"",""r02_c04"",""r02_c05"",""r03_c02"",""r03_c03"",""r03_c04"",""r03_c05"",""r03_c06"",""r03_c07"",""r04_c03"",""r04_c04"",""r04_c05"",""r04_c06"",""r04_c07"",""r05_c03"",""r05_c04"",""r05_c07"",""r06_c06"",""r06_c07""],""poor_cells"":[""r04_c06"",""r04_c07"",""r06_c05""],""severe_cells"":[],""area_bins"":{""fair"":9,""poor"":1,""severe"":0},""row_condition_profile"":[1,1,1,1,4,1,4,0]}"
corr_722e7fbd9cfd3659,"{""affected_cells"":[""r00_c04"",""r00_c05"",""r00_c06"",""r00_c07"",""r01_c00"",""r01_c01"",""r01_c02"",""r01_c04"",""r01_c05"",""r01_c06"",""r01_c07""],""fair_cells"":[""r00_c04"",""r00_c05"",""r00_c06"",""r00_c07"",""r01_c00"",""r01_c01"",""r01_c02"",""r01_c04"",""r01_c05"",""r01_c06"",""r01_c07""],""poor_cells"":[],""severe_cells"":[],""area_bins"":{""fair"":5,""poor"":0,""severe"":0},""row_condition_profile"":[1,1,0,0,0,0,0,0]}"
corr_7253d272850efa51,"{""affected_cells"":[""r05_c03"",""r05_c04"",""r05_c05"",""r05_c06"",""r05_c07"",""r06_c03"",""r06_c04"",""r06_c05"",""r06_c06"",""r06_c07""],""fair_cells"":[""r05_c06"",""r05_c07""],""poor_cells"":[""r05_c03"",""r05_c04"",""r05_c05"",""r05_c06"",""r05_c07"",""r06_c03"",""r06_c04"",""r06_c05"",""r06_c06"",""r06_c07""],""severe_cells"":[],""area_bins"":{""fair"":4,""poor"":7,""severe"":0},""row_condition_profile"":[0,0,0,0,0,4,2,0]}"
corr_72765136075de9ab,"{""affected_cells"":[""r00_c00"",""r00_c01"",""r00_c02"",""r00_c03"",""r00_c04"",""r00_c05"",""r00_c06"",""r00_c07"",""r01_c00"",""r01_c01"",""r01_c02"",""r01_c03"",""r01_c04"",""r01_c05"",""r01_c06"",""r01_c07"",""r02_c00"",""r02_c01"",""r02_c02"",""r02_c03"",""r02_c04"",""r02_c05"",""r02_c06"",""r02_c07"",""r03_c05"",""r05_c05"",""r05_c06"",""r06_c06"",""r06_c07""],""fair_cells"":[""r00_c00"",""r00_c01"",""r00_c02"",""r00_c03"",""r00_c07"",""r01_c00"",""r01_c01"",""r01_c02"",""r02_c00"",""r02_c01"",""r02_c07"",""r05_c05"",""r05_c06"",""r06_c06"",""r06_c07""],""poor_cells"":[""r00_c03"",""r00_c04"",""r00_c05"",""r00_c06"",""r00_c07"",""r01_c02"",""r01_c03"",""r01_c04"",""r01_c05"",""r02_c02"",""r02_c03"",""r02_c04"",""r02_c05"",""r03_c05""],""severe_cells"":[""r00_c06"",""r00_c07"",""r01_c06"",""r01_c07"",""r02_c06"",""r02_c07""],""area_bins"":{""fair"":1,""poor"":9,""severe"":1},""row_condition_profile"":[4,4,4,2,0,1,1,0]}"
corr_736b7df1c8b01c74,"{""affected_cells"":[""r00_c04"",""r00_c05"",""r00_c06"",""r00_c07"",""r01_c04"",""r01_c05"",""r01_c06"",""r01_c07"",""r02_c04"",""r02_c05"",""r02_c06"",""r02_c07"",""r03_c04"",""r03_c05"",""r03_c06"",""r03_c07"",""r04_c04"",""r04_c05"",""r04_c06"",""r04_c07"",""r05_c04"",""r05_c05"",""r05_c06"",""r05_c07"",""r06_c04"",""r06_c05"",""r06_c06"",""r06_c07""],""fair_cells"":[""r00_c04"",""r00_c05"",""r00_c06"",""r00_c07"",""r01_c04"",""r01_c05"",""r01_c06"",""r01_c07"",""r02_c04"",""r02_c05"",""r02_c06"",""r02_c07"",""r03_c04"",""r03_c05"",""r03_c06"",""r03_c07"",""r04_c04"",""r04_c05"",""r04_c06"",""r04_c07"",""r05_c04"",""r05_c05"",""r05_c06"",""r05_c07"",""r06_c04"",""r06_c05"",""r06_c06"",""r06_c07""],""poor_cells"":[""r02_c05"",""r03_c05"",""r04_c07"",""r05_c07"",""r06_c05""],""severe_cells"":[],""area_bins"":{""fair"":9,""poor"":4,""severe"":0},""row_condition_profile"":[1,1,4,4,4,4,4,0]}"
corr_764f54cc3ed130d9,"{""affected_cells"":[""r01_c02"",""r01_c03"",""r01_c04"",""r02_c00"",""r02_c01"",""r02_c02"",""r02_c03"",""r02_c04"",""r02_c05"",""r02_c06"",""r03_c00"",""r03_c01"",""r03_c02"",""r03_c03"",""r03_c04"",""r03_c05"",""r03_c06"",""r03_c07"",""r04_c00"",""r04_c01"",""r04_c02"",""r04_c03"",""r04_c04"",""r04_c05"",""r04_c06"",""r04_c07"",""r05_c01"",""r06_c01""],""fair_cells"":[""r01_c02"",""r01_c03"",""r01_c04"",""r02_c00"",""r02_c01"",""r02_c02"",""r02_c03"",""r02_c04"",""r02_c05"",""r02_c06"",""r03_c00"",""r03_c01"",""r03_c02"",""r03_c03"",""r03_c04"",""r03_c05"",""r03_c06"",""r03_c07"",""r04_c00"",""r04_c01"",""r04_c02"",""r04_c03"",""r04_c04"",""r05_c01"",""r06_c01""],""poor_cells"":[""r03_c00"",""r03_c01"",""r03_c02"",""r03_c03"",""r03_c04"",""r03_c05"",""r03_c06"",""r03_c07"",""r04_c00"",""r04_c01"",""r04_c02"",""r04_c03"",""r04_c04"",""r04_c05"",""r04_c06"",""r04_c07""],""severe_cells"":[],""area_bins"":{""fair"":8,""poor"":8,""severe"":0},""row_condition_profile"":[0,1,1,4,4,1,1,0]}"
corr_76ecc59c07191668,"{""affected_cells"":[""r00_c00"",""r00_c01"",""r00_c02"",""r01_c00"",""r01_c01"",""r01_c02"",""r02_c00"",""r02_c01"",""r02_c02"",""r03_c00"",""r03_c01"",""r03_c02"",""r04_c00"",""r04_c01"",""r04_c02"",""r05_c00"",""r05_c01"",""r05_c02"",""r05_c03"",""r06_c01"",""r06_c02""],""fair_cells"":[""r00_c00"",""r00_c01"",""r00_c02"",""r01_c00"",""r01_c01"",""r01_c02"",""r02_c00"",""r02_c01"",""r02_c02"",""r03_c00"",""r03_c01"",""r03_c02"",""r04_c00"",""r04_c01"",""r04_c02""],""poor_cells"":[""r04_c00"",""r04_c01"",""r04_c02"",""r05_c00"",""r05_c01"",""r05_c02"",""r05_c03"",""r06_c01"",""r06_c02""],""severe_cells"":[],""area_bins"":{""fair"":8,""poor"":4,""severe"":0},""row_condition_profile"":[1,1,1,1,4,2,2,0]}"
corr_77c89dc0e7093c52,"{""affected_cells"":[""r00_c00"",""r00_c01"",""r00_c02"",""r01_c00"",""r01_c01"",""r01_c02"",""r02_c00"",""r02_c01"",""r02_c02"",""r03_c00"",""r03_c01"",""r03_c02"",""r04_c00"",""r04_c01"",""r04_c02"",""r04_c03"",""r04_c04"",""r05_c00"",""r05_c01"",""r05_c02"",""r05_c03"",""r05_c04"",""r05_c05"",""r05_c06"",""r05_c07"",""r06_c01"",""r06_c02"",""r06_c03""],""fair_cells"":[""r00_c00"",""r00_c01"",""r00_c02"",""r01_c00"",""r01_c01"",""r01_c02"",""r02_c00"",""r02_c01"",""r02_c02"",""r03_c00"",""r03_c01"",""r03_c02"",""r04_c00"",""r04_c01"",""r04_c02"",""r04_c03"",""r04_c04"",""r05_c01"",""r05_c02"",""r05_c03"",""r05_c04"",""r05_c05"",""r05_c06"",""r05_c07""],""poor_cells"":[""r04_c00"",""r05_c00"",""r05_c01"",""r05_c02"",""r05_c03"",""r05_c04"",""r05_c05"",""r06_c01"",""r06_c02"",""r06_c03""],""severe_cells"":[],""area_bins"":{""fair"":7,""poor"":7,""severe"":0},""row_condition_profile"":[1,1,1,1,4,4,2,0]}"
corr_78082af48eada837,"{""affected_cells"":[""r04_c02"",""r05_c02"",""r05_c03"",""r05_c04"",""r05_c05"",""r05_c06"",""r05_c07"",""r06_c02""],""fair_cells"":[""r04_c02"",""r05_c02"",""r05_c03"",""r05_c04"",""r05_c05"",""r05_c06"",""r05_c07"",""r06_c02""],""poor_cells"":[],""severe_cells"":[],""area_bins"":{""fair"":4,""poor"":0,""severe"":0},""row_condition_profile"":[0,0,0,0,1,1,1,0]}"
corr_7840e5fa8a6a35f9,"{""affected_cells"":[""r00_c02"",""r00_c03"",""r00_c04"",""r00_c05"",""r00_c06"",""r00_c07"",""r01_c02"",""r01_c03"",""r01_c04"",""r01_c05"",""r01_c06"",""r01_c07"",""r02_c02"",""r02_c03"",""r02_c06"",""r03_c00"",""r03_c01"",""r03_c02"",""r03_c03"",""r04_c00"",""r04_c01"",""r04_c02"",""r05_c00""],""fair_cells"":[""r00_c02"",""r00_c03"",""r00_c04"",""r00_c05"",""r00_c06"",""r00_c07"",""r01_c02"",""r01_c03"",""r01_c04"",""r01_c05"",""r01_c06"",""r01_c07"",""r02_c02"",""r02_c03"",""r03_c00"",""r03_c01"",""r03_c02"",""r03_c03"",""r04_c00"",""r04_c01"",""r04_c02"",""r05_c00""],""poor_cells"":[""r00_c06"",""r00_c07"",""r01_c06"",""r01_c07"",""r02_c06""],""severe_cells"":[],""area_bins"":{""fair"":8,""poor"":6,""severe"":0},""row_condition_profile"":[4,4,4,1,1,1,0,0]}"
corr_78ce2ca60772aee6,"{""affected_cells"":[""r00_c00"",""r00_c01"",""r01_c01"",""r04_c03"",""r05_c02"",""r05_c03"",""r06_c02"",""r06_c03""],""fair_cells"":[""r00_c00"",""r00_c01"",""r01_c01"",""r04_c03"",""r05_c02"",""r05_c03"",""r06_c02"",""r06_c03""],""poor_cells"":[],""severe_cells"":[],""area_bins"":{""fair"":4,""poor"":0,""severe"":0},""row_condition_profile"":[1,1,0,0,1,1,1,0]}"
corr_7a3a7279994a09cf,"{""affected_cells"":[""r00_c07"",""r01_c06"",""r01_c07"",""r02_c05"",""r02_c06"",""r02_c07"",""r03_c02"",""r03_c03"",""r03_c04"",""r03_c05"",""r03_c06"",""r03_c07"",""r04_c00"",""r04_c01"",""r04_c02"",""r04_c03"",""r04_c04"",""r04_c05"",""r04_c06"",""r04_c07"",""r05_c00"",""r05_c01"",""r05_c02"",""r05_c03"",""r05_c04"",""r05_c05"",""r05_c06"",""r05_c07"",""r06_c00"",""r06_c01""],""fair_cells"":[""r00_c07"",""r01_c06"",""r01_c07"",""r02_c05"",""r02_c06"",""r02_c07"",""r03_c02"",""r03_c03"",""r03_c04"",""r03_c05"",""r03_c06"",""r03_c07"",""r04_c00"",""r04_c01"",""r04_c02"",""r04_c03"",""r04_c04"",""r04_c05"",""r04_c06"",""r04_c07"",""r05_c00"",""r05_c01"",""r06_c00""],""poor_cells"":[""r04_c03"",""r04_c04"",""r04_c05"",""r04_c06"",""r04_c07"",""r05_c02"",""r05_c03"",""r05_c04"",""r05_c05"",""r05_c06"",""r05_c07"",""r06_c00"",""r06_c01""],""severe_cells"":[],""area_bins"":{""fair"":7,""poor"":9,""severe"":0},""row_condition_profile"":[1,1,1,1,4,4,4,0]}"
corr_7a468fd9ee29de8c,"{""affected_cells"":[""r00_c01"",""r00_c02"",""r00_c03"",""r00_c04"",""r00_c05"",""r00_c06"",""r00_c07"",""r01_c00"",""r01_c01"",""r01_c02"",""r01_c03"",""r01_c04"",""r01_c05"",""r01_c06"",""r01_c07"",""r02_c00"",""r02_c01"",""r02_c02"",""r02_c03"",""r02_c04"",""r02_c05"",""r02_c06"",""r02_c07"",""r03_c00"",""r03_c01"",""r03_c02"",""r03_c03"",""r03_c04"",""r03_c05"",""r03_c06"",""r03_c07"",""r04_c00"",""r04_c01"",""r04_c02"",""r04_c05"",""r04_c06"",""r04_c07"",""r05_c00""],""fair_cells"":[""r00_c01"",""r00_c02"",""r00_c03"",""r01_c00"",""r01_c01"",""r01_c02"",""r04_c07""],""poor_cells"":[""r00_c02"",""r00_c03"",""r00_c04"",""r00_c05"",""r00_c06"",""r00_c07"",""r01_c00"",""r01_c01"",""r01_c02"",""r01_c03"",""r01_c04"",""r01_c05"",""r01_c06"",""r01_c07"",""r02_c00"",""r02_c01"",""r02_c02"",""r02_c03"",""r02_c04"",""r02_c05"",""r02_c06"",""r02_c07"",""r03_c00"",""r03_c01"",""r03_c02"",""r03_c03"",""r03_c04"",""r03_c05"",""r03_c06"",""r03_c07"",""r04_c00"",""r04_c01"",""r04_c02"",""r04_c05"",""r04_c06"",""r04_c07"",""r05_c00""],""severe_cells"":[],""area_bins"":{""fair"":4,""poor"":9,""severe"":0},""row_condition_profile"":[4,4,2,2,4,2,0,0]}"
corr_7a4d804eaa8c35f5,"{""affected_cells"":[""r00_c00"",""r00_c01"",""r00_c02"",""r00_c03"",""r00_c04"",""r01_c00"",""r01_c01"",""r01_c02"",""r01_c03"",""r01_c04"",""r02_c00"",""r02_c01"",""r02_c02"",""r02_c03"",""r02_c04"",""r02_c05"",""r03_c00"",""r03_c01"",""r03_c02"",""r03_c03"",""r03_c04"",""r03_c05"",""r04_c00"",""r04_c01"",""r04_c02"",""r04_c03"",""r04_c04"",""r04_c05"",""r04_c06"",""r04_c07"",""r05_c00"",""r05_c01"",""r05_c02"",""r05_c03"",""r05_c04"",""r05_c05"",""r05_c06"",""r05_c07"",""r06_c00"",""r06_c01"",""r06_c02"",""r06_c03"",""r06_c04"",""r06_c05"",""r06_c06"",""r06_c07""],""fair_cells"":[""r00_c00"",""r00_c01"",""r00_c02"",""r00_c03"",""r00_c04"",""r01_c00"",""r01_c01"",""r01_c02"",""r01_c03"",""r01_c04"",""r02_c00"",""r02_c01"",""r02_c02"",""r02_c03"",""r02_c04"",""r02_c05"",""r03_c00"",""r03_c01"",""r03_c02"",""r03_c03"",""r03_c04"",""r03_c05"",""r04_c00"",""r04_c01"",""r04_c02"",""r04_c03"",""r04_c04"",""r04_c05"",""r04_c06"",""r04_c07"",""r05_c00"",""r05_c01"",""r05_c02"",""r05_c03"",""r05_c04"",""r05_c05"",""r05_c06"",""r05_c07"",""r06_c00"",""r06_c01""],""poor_cells"":[""r00_c00"",""r00_c03"",""r00_c04"",""r01_c00"",""r01_c02"",""r01_c03"",""r01_c04"",""r02_c00"",""r02_c01"",""r02_c02"",""r02_c03"",""r02_c04"",""r03_c00"",""r03_c01"",""r04_c00"",""r04_c01"",""r04_c02"",""r05_c00"",""r05_c01"",""r05_c02"",""r05_c03"",""r05_c04"",""r05_c05"",""r05_c06"",""r05_c07"",""r06_c02"",""r06_c03"",""r06_c04"",""r06_c05"",""r06_c06"",""r06_c07""],""severe_cells"":[],""area_bins"":{""fair"":9,""poor"":9,""severe"":0},""row_condition_profile"":[4,4,4,4,4,4,4,0]}"
corr_7ad29f6687ffcdba,"{""affected_cells"":[""r00_c05"",""r01_c04"",""r01_c05"",""r01_c06"",""r01_c07"",""r02_c03"",""r02_c04"",""r02_c05"",""r02_c06"",""r02_c07"",""r03_c03"",""r03_c04"",""r03_c05"",""r03_c06"",""r03_c07"",""r04_c03"",""r04_c04"",""r04_c05"",""r04_c06"",""r04_c07"",""r05_c05"",""r05_c06""],""fair_cells"":[""r00_c05"",""r01_c04"",""r01_c05"",""r01_c06"",""r01_c07"",""r02_c05"",""r02_c06"",""r02_c07""],""poor_cells"":[""r01_c04"",""r01_c05"",""r01_c06"",""r01_c07"",""r02_c03"",""r02_c04"",""r02_c05"",""r02_c06"",""r02_c07"",""r03_c03"",""r03_c04"",""r03_c05"",""r03_c06"",""r03_c07"",""r04_c03"",""r04_c04"",""r04_c05"",""r04_c06"",""r04_c07"",""r05_c05"",""r05_c06""],""severe_cells"":[],""area_bins"":{""fair"":6,""poor"":9,""severe"":0},""row_condition_profile"":[1,4,4,2,2,2,0,0]}"
corr_7b7a95afd34a588e,"{""affected_cells"":[""r00_c00"",""r01_c01"",""r01_c02"",""r01_c03"",""r01_c04"",""r01_c05"",""r01_c06"",""r01_c07"",""r02_c00"",""r02_c01"",""r02_c02"",""r02_c03"",""r02_c04"",""r02_c05"",""r02_c06"",""r02_c07"",""r03_c00"",""r03_c01"",""r03_c02"",""r03_c03"",""r03_c04"",""r03_c05"",""r03_c06"",""r03_c07"",""r04_c03"",""r04_c04"",""r04_c05"",""r04_c06"",""r04_c07"",""r05_c04"",""r05_c05"",""r05_c06"",""r05_c07""],""fair_cells"":[""r01_c04"",""r01_c05"",""r01_c06"",""r01_c07""],""poor_cells"":[""r00_c00"",""r01_c01"",""r01_c02"",""r01_c03"",""r01_c04"",""r01_c05"",""r01_c06"",""r01_c07"",""r02_c00"",""r02_c01"",""r02_c02"",""r02_c03"",""r02_c04"",""r02_c05"",""r02_c06"",""r02_c07"",""r03_c00"",""r03_c01"",""r03_c02"",""r03_c03"",""r03_c04"",""r03_c05"",""r03_c06"",""r03_c07"",""r04_c03"",""r04_c04"",""r04_c05"",""r04_c06"",""r04_c07"",""r05_c04"",""r05_c05"",""r05_c06"",""r05_c07""],""severe_cells"":[],""area_bins"":{""fair"":2,""poor"":9,""severe"":0},""row_condition_profile"":[2,4,2,2,2,2,0,0]}"
corr_7bab9f638da48a6a,"{""affected_cells"":[""r00_c00"",""r00_c01"",""r00_c02"",""r01_c00"",""r01_c01"",""r01_c02"",""r01_c03"",""r01_c04"",""r01_c07"",""r02_c00"",""r02_c01"",""r02_c02"",""r02_c03"",""r02_c04"",""r02_c05"",""r02_c06"",""r02_c07"",""r03_c00"",""r03_c01"",""r03_c02"",""r03_c03"",""r03_c04"",""r03_c05"",""r03_c06"",""r03_c07""],""fair_cells"":[""r00_c01"",""r00_c02"",""r01_c01"",""r01_c02"",""r01_c03"",""r01_c04"",""r01_c07"",""r02_c01"",""r02_c02"",""r02_c03"",""r02_c04"",""r02_c05"",""r02_c06"",""r02_c07"",""r03_c02"",""r03_c03"",""r03_c04"",""r03_c05"",""r03_c06"",""r03_c07""],""poor_cells"":[""r00_c00"",""r00_c01"",""r01_c00"",""r01_c01"",""r01_c02"",""r02_c00"",""r02_c01"",""r02_c02"",""r03_c00"",""r03_c01"",""r03_c02""],""severe_cells"":[""r01_c00"",""r01_c01"",""r02_c00"",""r02_c01"",""r03_c00"",""r03_c01""],""area_bins"":{""fair"":7,""poor"":8,""severe"":6},""row_condition_profile"":[4,4,4,4,0,0,0,0]}"
corr_7c1bbd0f6a6f6eee,"{""affected_cells"":[""r00_c00"",""r00_c02"",""r00_c03"",""r00_c04"",""r00_c05"",""r00_c06"",""r01_c00"",""r01_c01"",""r01_c02"",""r01_c03"",""r01_c04"",""r01_c05"",""r01_c06"",""r01_c07"",""r02_c00"",""r02_c01"",""r02_c02"",""r02_c03"",""r02_c04"",""r02_c05"",""r02_c06"",""r02_c07"",""r03_c00"",""r03_c01"",""r03_c02"",""r03_c03"",""r03_c04"",""r03_c05"",""r03_c06"",""r03_c07"",""r04_c00"",""r04_c01"",""r04_c02"",""r04_c03"",""r04_c05"",""r04_c06"",""r04_c07"",""r05_c05"",""r05_c06"",""r05_c07"",""r06_c06"",""r06_c07""],""fair_cells"":[""r00_c00"",""r00_c05"",""r00_c06"",""r01_c05"",""r01_c06"",""r01_c07"",""r02_c05"",""r02_c06"",""r02_c07""],""poor_cells"":[""r00_c02"",""r00_c03"",""r00_c04"",""r00_c05"",""r01_c00"",""r01_c01"",""r01_c02"",""r01_c03"",""r01_c04"",""r01_c05"",""r02_c00"",""r02_c01"",""r02_c02"",""r02_c03"",""r02_c04"",""r03_c00"",""r03_c01"",""r03_c02"",""r03_c03"",""r03_c04"",""r04_c00"",""r04_c01"",""r04_c02"",""r04_c03""],""severe_cells"":[""r00_c03"",""r00_c04"",""r00_c05"",""r01_c03"",""r01_c04"",""r01_c05"",""r02_c04"",""r02_c05"",""r03_c05"",""r03_c06"",""r03_c07"",""r04_c05"",""r04_c06"",""r04_c07"",""r05_c05"",""r05_c06"",""r05_c07"",""r06_c06"",""r06_c07""],""area_bins"":{""fair"":1,""poor"":9,""severe"":9},""row_condition_profile"":[4,4,4,4,4,3,3,0]}"
corr_7c6f7362ebd2019e,"{""affected_cells"":[""r00_c01"",""r00_c02"",""r00_c03"",""r00_c04"",""r00_c05"",""r00_c06"",""r01_c04"",""r01_c05"",""r02_c00"",""r02_c01"",""r02_c02"",""r02_c03"",""r02_c04"",""r03_c00"",""r03_c01"",""r03_c02"",""r03_c03"",""r03_c04"",""r04_c00"",""r04_c01"",""r04_c02"",""r04_c03"",""r04_c04"",""r04_c05"",""r05_c00"",""r05_c01"",""r05_c02"",""r05_c03"",""r06_c00"",""r06_c01"",""r06_c02"",""r06_c03""],""fair_cells"":[""r00_c01"",""r00_c02"",""r00_c03"",""r00_c04"",""r00_c05"",""r00_c06"",""r01_c04"",""r01_c05"",""r02_c01"",""r02_c02"",""r02_c03"",""r02_c04"",""r03_c00"",""r03_c01"",""r03_c02"",""r03_c03"",""r03_c04"",""r04_c00"",""r04_c01"",""r04_c02"",""r04_c03"",""r04_c04"",""r04_c05"",""r05_c00"",""r05_c01"",""r05_c02"",""r05_c03"",""r06_c00"",""r06_c01"",""r06_c02"",""r06_c03""],""poor_cells"":[""r02_c00"",""r02_c01"",""r02_c02"",""r02_c03"",""r03_c00"",""r03_c01"",""r03_c02"",""r03_c03"",""r05_c02"",""r05_c03"",""r06_c01"",""r06_c02"",""r06_c03""],""severe_cells"":[],""area_bins"":{""fair"":9,""poor"":7,""severe"":0},""row_condition_profile"":[1,1,4,4,1,4,4,0]}"
corr_7c98409fdf43a39a,"{""affected_cells"":[""r04_c05""],""fair_cells"":[""r04_c05""],""poor_cells"":[],""severe_cells"":[],""area_bins"":{""fair"":4,""poor"":0,""severe"":0},""row_condition_profile"":[0,0,0,0,1,0,0,0]}"
corr_7cf7ae90c773b15b,"{""affected_cells"":[""r01_c04"",""r02_c07"",""r03_c07"",""r04_c04"",""r04_c07"",""r05_c07""],""fair_cells"":[""r01_c04"",""r02_c07"",""r03_c07"",""r04_c04"",""r04_c07"",""r05_c07""],""poor_cells"":[],""severe_cells"":[],""area_bins"":{""fair"":4,""poor"":0,""severe"":0},""row_condition_profile"":[0,1,1,1,1,1,0,0]}"
corr_7d170b4f93591c70,"{""affected_cells"":[""r00_c00"",""r00_c01"",""r00_c02"",""r00_c03"",""r01_c00"",""r01_c01"",""r01_c02"",""r01_c03"",""r02_c00"",""r02_c01"",""r02_c02"",""r02_c03"",""r03_c00"",""r03_c01"",""r03_c02"",""r03_c03"",""r04_c00"",""r04_c01"",""r04_c02"",""r04_c03"",""r05_c00"",""r05_c01"",""r05_c02"",""r05_c03"",""r06_c00"",""r06_c01"",""r06_c02"",""r06_c03""],""fair_cells"":[""r00_c00"",""r00_c01"",""r00_c02"",""r00_c03"",""r01_c00"",""r01_c01"",""r01_c02"",""r01_c03"",""r02_c00"",""r02_c01"",""r02_c02"",""r02_c03"",""r03_c00"",""r03_c01"",""r03_c02"",""r03_c03"",""r04_c00"",""r04_c01"",""r04_c02"",""r04_c03"",""r05_c00"",""r05_c01"",""r05_c02"",""r05_c03"",""r06_c00"",""r06_c01"",""r06_c02"",""r06_c03""],""poor_cells"":[""r01_c00"",""r02_c00"",""r03_c00"",""r04_c00"",""r05_c00"",""r06_c01""],""severe_cells"":[],""area_bins"":{""fair"":9,""poor"":4,""severe"":0},""row_condition_profile"":[1,4,4,4,4,4,4,0]}"
corr_7d73b5700fbb0241,"{""affected_cells"":[""r00_c01"",""r00_c02"",""r00_c03"",""r00_c04"",""r00_c05"",""r00_c06"",""r00_c07"",""r01_c01"",""r01_c02"",""r01_c03"",""r01_c04"",""r01_c05"",""r01_c06"",""r01_c07""],""fair_cells"":[""r00_c01"",""r00_c02"",""r00_c03"",""r00_c04"",""r00_c05"",""r00_c06"",""r00_c07"",""r01_c01""],""poor_cells"":[""r00_c02"",""r00_c03"",""r00_c04"",""r00_c05"",""r00_c06"",""r00_c07"",""r01_c01"",""r01_c02"",""r01_c03"",""r01_c04"",""r01_c05"",""r01_c06"",""r01_c07""],""severe_cells"":[],""area_bins"":{""fair"":5,""poor"":9,""severe"":0},""row_condition_profile"":[4,4,0,0,0,0,0,0]}"
corr_7ddc40280175bd02,"{""affected_cells"":[""r00_c05"",""r00_c06"",""r00_c07""],""fair_cells"":[""r00_c05"",""r00_c06"",""r00_c07""],""poor_cells"":[],""severe_cells"":[],""area_bins"":{""fair"":4,""poor"":0,""severe"":0},""row_condition_profile"":[1,0,0,0,0,0,0,0]}"
corr_7f052beec2230483,"{""affected_cells"":[""r00_c00"",""r00_c01"",""r00_c02"",""r00_c04"",""r00_c05"",""r00_c06"",""r00_c07"",""r01_c00"",""r01_c01"",""r01_c02"",""r01_c04"",""r01_c05"",""r01_c06"",""r01_c07""],""fair_cells"":[""r00_c01"",""r00_c02"",""r00_c04"",""r00_c05"",""r00_c06"",""r00_c07"",""r01_c04"",""r01_c05"",""r01_c06"",""r01_c07""],""poor_cells"":[""r00_c00"",""r00_c01"",""r00_c02"",""r01_c00"",""r01_c01"",""r01_c02""],""severe_cells"":[],""area_bins"":{""fair"":5,""poor"":7,""severe"":0},""row_condition_profile"":[4,4,0,0,0,0,0,0]}"
corr_7f0b4b5b2513ad13,"{""affected_cells"":[""r03_c01"",""r03_c02"",""r03_c03"",""r03_c04"",""r03_c05"",""r03_c06"",""r03_c07"",""r04_c00"",""r04_c01"",""r04_c02"",""r04_c03"",""r04_c04"",""r04_c05"",""r04_c06"",""r04_c07"",""r05_c00"",""r05_c01"",""r05_c02"",""r05_c03"",""r05_c04"",""r05_c05"",""r05_c07""],""fair_cells"":[""r03_c01"",""r03_c02"",""r03_c03"",""r03_c04"",""r03_c05"",""r03_c06"",""r03_c07"",""r04_c00"",""r04_c01"",""r04_c02"",""r04_c03"",""r04_c07"",""r05_c07""],""poor_cells"":[""r03_c04"",""r03_c05"",""r03_c06"",""r03_c07"",""r04_c00"",""r04_c01"",""r04_c02"",""r04_c03"",""r04_c04"",""r04_c05"",""r04_c06"",""r04_c07"",""r05_c00"",""r05_c01"",""r05_c02"",""r05_c03"",""r05_c07""],""severe_cells"":[""r04_c00"",""r04_c01"",""r04_c02"",""r04_c03"",""r04_c04"",""r04_c05"",""r04_c06"",""r05_c00"",""r05_c01"",""r05_c02"",""r05_c03"",""r05_c04"",""r05_c05""],""area_bins"":{""fair"":6,""poor"":9,""severe"":7},""row_condition_profile"":[0,0,0,4,4,4,0,0]}"
corr_7fa53832826d363a,"{""affected_cells"":[""r00_c00"",""r00_c01"",""r00_c02"",""r00_c03"",""r00_c04"",""r01_c00"",""r01_c01"",""r01_c02"",""r01_c03"",""r01_c04"",""r01_c05"",""r02_c00"",""r02_c01"",""r02_c02"",""r02_c03"",""r02_c05"",""r03_c01"",""r03_c02"",""r03_c03"",""r03_c04"",""r03_c05"",""r04_c01"",""r05_c01""],""fair_cells"":[""r00_c00"",""r00_c01"",""r00_c02"",""r00_c03"",""r00_c04"",""r01_c00"",""r01_c01"",""r01_c02"",""r01_c03"",""r01_c04"",""r01_c05"",""r02_c00"",""r02_c01"",""r02_c02"",""r02_c03"",""r02_c05"",""r03_c01"",""r03_c02"",""r03_c03"",""r03_c04"",""r03_c05"",""r04_c01"",""r05_c01""],""poor_cells"":[""r02_c02"",""r02_c03"",""r03_c03"",""r03_c04""],""severe_cells"":[],""area_bins"":{""fair"":9,""poor"":6,""severe"":0},""row_condition_profile"":[1,1,4,4,1,1,0,0]}"
corr_7fb0fce217293de9,"{""affected_cells"":[""r00_c00"",""r00_c01"",""r00_c02"",""r00_c03"",""r00_c04"",""r01_c00"",""r01_c01"",""r01_c02"",""r02_c00""],""fair_cells"":[""r00_c00"",""r00_c01"",""r00_c02"",""r00_c03"",""r00_c04"",""r01_c00"",""r01_c01"",""r01_c02"",""r02_c00""],""poor_cells"":[""r00_c00"",""r00_c02"",""r00_c03"",""r01_c00""],""severe_cells"":[],""area_bins"":{""fair"":3,""poor"":4,""severe"":0},""row_condition_profile"":[4,4,1,0,0,0,0,0]}"
corr_8126e4b1356e72b4,"{""affected_cells"":[""r00_c07"",""r01_c07"",""r03_c00"",""r03_c02"",""r03_c03"",""r04_c03""],""fair_cells"":[""r00_c07"",""r01_c07"",""r03_c00"",""r03_c02"",""r03_c03"",""r04_c03""],""poor_cells"":[],""severe_cells"":[],""area_bins"":{""fair"":4,""poor"":0,""severe"":0},""row_condition_profile"":[1,1,0,1,1,0,0,0]}"
corr_81672962b2139cd1,"{""affected_cells"":[""r00_c01"",""r00_c02"",""r00_c03"",""r00_c04"",""r00_c05"",""r00_c07"",""r01_c01"",""r01_c02"",""r01_c03"",""r01_c04"",""r01_c05"",""r02_c02"",""r02_c03"",""r02_c04"",""r02_c05"",""r02_c06"",""r03_c02"",""r03_c03"",""r03_c04"",""r03_c05"",""r03_c06"",""r03_c07"",""r04_c01"",""r04_c02"",""r04_c03"",""r04_c04"",""r04_c05"",""r04_c06"",""r04_c07"",""r05_c01"",""r05_c02"",""r05_c05"",""r06_c00"",""r06_c01"",""r06_c02"",""r06_c05""],""fair_cells"":[""r00_c01"",""r00_c02"",""r00_c03"",""r00_c04"",""r00_c05"",""r00_c07"",""r01_c01"",""r01_c02"",""r02_c02"",""r02_c03"",""r03_c02"",""r03_c03"",""r03_c04"",""r03_c05"",""r03_c06"",""r03_c07"",""r04_c01"",""r04_c02"",""r04_c03"",""r04_c04"",""r04_c05"",""r04_c06"",""r04_c07"",""r05_c01"",""r05_c02"",""r05_c05"",""r06_c00"",""r06_c01"",""r06_c02"",""r06_c05""],""poor_cells"":[""r00_c02"",""r00_c03"",""r00_c04"",""r01_c02"",""r01_c03"",""r01_c04"",""r01_c05"",""r02_c02"",""r02_c03"",""r02_c04"",""r02_c05"",""r02_c06"",""r03_c02"",""r03_c03"",""r03_c04"",""r03_c05""],""severe_cells"":[],""area_bins"":{""fair"":9,""poor"":9,""severe"":0},""row_condition_profile"":[4,4,4,4,1,1,1,0]}"
corr_82d62ba9e68587e5,"{""affected_cells"":[""r00_c01"",""r00_c02"",""r00_c03"",""r00_c04"",""r00_c05"",""r00_c06"",""r00_c07"",""r01_c01"",""r01_c02"",""r01_c03"",""r01_c04"",""r01_c05"",""r01_c06"",""r01_c07"",""r02_c01"",""r02_c02"",""r02_c03"",""r02_c04"",""r02_c05"",""r02_c06"",""r02_c07"",""r03_c01"",""r03_c02"",""r03_c03"",""r03_c04"",""r03_c05"",""r03_c06"",""r03_c07"",""r04_c01"",""r04_c02"",""r04_c03"",""r04_c04"",""r04_c05"",""r04_c06"",""r04_c07"",""r05_c01"",""r05_c02"",""r05_c03"",""r05_c04"",""r05_c05"",""r05_c06"",""r06_c01"",""r06_c02"",""r06_c03"",""r06_c04"",""r06_c05""],""fair_cells"":[""r00_c01"",""r00_c02"",""r00_c03"",""r00_c04"",""r00_c05"",""r00_c06"",""r00_c07"",""r01_c01"",""r01_c02"",""r01_c03"",""r01_c04"",""r01_c06"",""r01_c07"",""r02_c01"",""r02_c02"",""r02_c03"",""r02_c04"",""r02_c07"",""r03_c01"",""r03_c02"",""r03_c03"",""r03_c06"",""r03_c07"",""r04_c01"",""r04_c02"",""r04_c06"",""r04_c07"",""r05_c06""],""poor_cells"":[""r00_c05"",""r00_c06"",""r00_c07"",""r01_c04"",""r01_c05"",""r01_c06"",""r01_c07"",""r02_c03"",""r02_c04"",""r02_c05"",""r02_c06"",""r02_c07"",""r03_c03"",""r03_c04"",""r03_c05"",""r03_c06"",""r03_c07"",""r04_c03"",""r04_c04"",""r04_c05"",""r04_c06"",""r04_c07"",""r05_c01"",""r05_c02"",""r05_c03"",""r05_c04"",""r05_c05"",""r05_c06"",""r06_c01"",""r06_c02"",""r06_c03"",""r06_c04"",""r06_c05""],""severe_cells"":[],""area_bins"":{""fair"":9,""poor"":9,""severe"":0},""row_condition_profile"":[4,4,4,4,4,4,2,0]}"
corr_8389c82f31ec6031,"{""affected_cells"":[""r00_c06"",""r03_c04"",""r03_c06"",""r04_c03"",""r04_c04"",""r04_c05"",""r04_c06"",""r04_c07"",""r05_c00"",""r05_c01"",""r05_c02"",""r05_c03"",""r05_c04"",""r05_c05"",""r05_c06"",""r05_c07"",""r06_c00"",""r06_c01"",""r06_c02"",""r06_c03"",""r06_c04"",""r06_c05"",""r06_c06"",""r06_c07""],""fair_cells"":[""r00_c06"",""r03_c04"",""r03_c06"",""r04_c03"",""r04_c04"",""r04_c05"",""r04_c06"",""r04_c07"",""r05_c00"",""r05_c01"",""r05_c02"",""r05_c03"",""r05_c04"",""r05_c05"",""r05_c06"",""r06_c00"",""r06_c01""],""poor_cells"":[""r04_c06"",""r04_c07"",""r05_c02"",""r05_c03"",""r05_c04"",""r05_c05"",""r05_c06"",""r05_c07"",""r06_c01"",""r06_c02"",""r06_c03"",""r06_c04"",""r06_c05"",""r06_c06"",""r06_c07""],""severe_cells"":[],""area_bins"":{""fair"":7,""poor"":8,""severe"":0},""row_condition_profile"":[1,0,0,1,4,4,4,0]}"
corr_8416a910350e85a7,"{""affected_cells"":[""r00_c00"",""r00_c01"",""r00_c02"",""r00_c03"",""r00_c04"",""r00_c05"",""r00_c06"",""r01_c00"",""r01_c01"",""r01_c02"",""r01_c03"",""r01_c04"",""r01_c05"",""r01_c06"",""r02_c00"",""r02_c01"",""r02_c02"",""r02_c03"",""r02_c04"",""r02_c05""],""fair_cells"":[""r00_c00"",""r00_c01"",""r00_c02"",""r00_c03"",""r00_c04"",""r00_c05"",""r00_c06"",""r01_c00"",""r01_c01"",""r01_c02"",""r01_c03"",""r01_c04"",""r01_c05"",""r01_c06"",""r02_c00"",""r02_c01"",""r02_c02"",""r02_c03"",""r02_c04"",""r02_c05""],""poor_cells"":[],""severe_cells"":[],""area_bins"":{""fair"":9,""poor"":0,""severe"":0},""row_condition_profile"":[1,1,1,0,0,0,0,0]}"
corr_8459c9f0dc248cae,"{""affected_cells"":[""r00_c02"",""r00_c03"",""r00_c04"",""r01_c00"",""r01_c02"",""r01_c03"",""r01_c04"",""r02_c00"",""r02_c01"",""r02_c02"",""r02_c03"",""r03_c00"",""r03_c02"",""r03_c03"",""r03_c04"",""r04_c02"",""r04_c03"",""r04_c04"",""r04_c05"",""r04_c06"",""r05_c02"",""r05_c03"",""r05_c04"",""r05_c05"",""r05_c06"",""r05_c07"",""r06_c00"",""r06_c01"",""r06_c02"",""r06_c03"",""r06_c04"",""r06_c05"",""r06_c06"",""r06_c07""],""fair_cells"":[""r00_c02"",""r00_c03"",""r01_c00"",""r01_c02"",""r01_c03"",""r01_c04"",""r02_c00"",""r02_c01"",""r02_c02"",""r02_c03"",""r03_c00"",""r03_c03"",""r03_c04"",""r04_c02"",""r04_c03"",""r04_c04"",""r04_c05"",""r04_c06"",""r05_c02"",""r05_c03"",""r05_c04"",""r05_c05"",""r05_c06"",""r05_c07"",""r06_c00"",""r06_c01"",""r06_c02"",""r06_c03"",""r06_c04"",""r06_c05"",""r06_c06"",""r06_c07""],""poor_cells"":[""r00_c03"",""r00_c04"",""r01_c03"",""r01_c04"",""r02_c03"",""r03_c02"",""r03_c03"",""r03_c04"",""r04_c02"",""r04_c03"",""r04_c04"",""r06_c03"",""r06_c04"",""r06_c05""],""severe_cells"":[],""area_bins"":{""fair"":7,""poor"":9,""severe"":0},""row_condition_profile"":[4,4,4,4,4,1,4,0]}"
corr_85055556213c32c4,"{""affected_cells"":[""r00_c00"",""r00_c02"",""r00_c03"",""r00_c04"",""r00_c05"",""r00_c06"",""r00_c07"",""r01_c00"",""r01_c01"",""r01_c02"",""r01_c03"",""r02_c00"",""r02_c01"",""r03_c00"",""r03_c01"",""r03_c02"",""r03_c03"",""r03_c04"",""r04_c00"",""r04_c01"",""r04_c02"",""r04_c03"",""r04_c04"",""r04_c05"",""r05_c00"",""r05_c01"",""r05_c02"",""r05_c03"",""r05_c04"",""r06_c00"",""r06_c01"",""r06_c02"",""r06_c03"",""r06_c04""],""fair_cells"":[""r00_c00"",""r00_c02"",""r00_c03"",""r00_c04"",""r00_c05"",""r00_c06"",""r00_c07"",""r01_c00"",""r01_c01"",""r01_c02"",""r01_c03"",""r02_c00"",""r02_c01"",""r03_c00"",""r03_c01"",""r03_c02"",""r03_c03"",""r03_c04"",""r04_c00"",""r04_c01"",""r04_c02"",""r04_c03"",""r04_c04"",""r04_c05""],""poor_cells"":[""r04_c00"",""r04_c01"",""r04_c02"",""r04_c03"",""r05_c00"",""r05_c01"",""r05_c02"",""r05_c03"",""r05_c04"",""r06_c00"",""r06_c01"",""r06_c02"",""r06_c03"",""r06_c04""],""severe_cells"":[],""area_bins"":{""fair"":7,""poor"":9,""severe"":0},""row_condition_profile"":[1,1,1,1,4,2,2,0]}"
corr_865411db0e7282e6,"{""affected_cells"":[""r00_c00"",""r00_c02"",""r00_c03"",""r01_c00"",""r01_c03"",""r02_c00"",""r03_c00"",""r04_c00"",""r04_c01"",""r04_c04"",""r04_c05"",""r05_c00"",""r05_c01"",""r05_c02"",""r05_c03"",""r05_c04"",""r05_c05""],""fair_cells"":[""r00_c00"",""r00_c02"",""r00_c03"",""r01_c00"",""r01_c03"",""r02_c00"",""r03_c00"",""r04_c00"",""r04_c01"",""r04_c04"",""r04_c05"",""r05_c00"",""r05_c01"",""r05_c02"",""r05_c03"",""r05_c04"",""r05_c05""],""poor_cells"":[],""severe_cells"":[],""area_bins"":{""fair"":5,""poor"":0,""severe"":0},""row_condition_profile"":[1,1,1,1,1,1,0,0]}"
corr_86588e59024dadd9,"{""affected_cells"":[""r00_c00"",""r00_c01"",""r00_c02"",""r00_c03"",""r00_c04"",""r01_c00"",""r01_c01"",""r01_c02"",""r01_c03"",""r01_c04"",""r02_c00"",""r02_c01"",""r02_c02"",""r02_c03"",""r02_c04"",""r03_c00"",""r03_c01"",""r03_c02"",""r03_c03"",""r03_c04"",""r04_c00"",""r04_c01"",""r04_c02"",""r04_c03"",""r04_c04"",""r05_c02"",""r05_c03"",""r05_c04"",""r06_c01"",""r06_c02"",""r06_c03"",""r06_c04""],""fair_cells"":[""r00_c00"",""r00_c01"",""r00_c02"",""r00_c03"",""r00_c04"",""r01_c00"",""r01_c01"",""r01_c02"",""r01_c03"",""r01_c04"",""r02_c00"",""r02_c01"",""r02_c02"",""r02_c03"",""r02_c04"",""r03_c00"",""r03_c01"",""r03_c02"",""r03_c03"",""r03_c04"",""r04_c00"",""r04_c01"",""r04_c02"",""r04_c03"",""r04_c04"",""r05_c02"",""r05_c03"",""r05_c04"",""r06_c01"",""r06_c02"",""r06_c03"",""r06_c04""],""poor_cells"":[""r00_c00"",""r00_c01"",""r00_c02"",""r00_c03"",""r01_c00"",""r01_c01"",""r01_c02"",""r01_c03"",""r03_c00"",""r04_c00""],""severe_cells"":[],""area_bins"":{""fair"":9,""poor"":7,""severe"":0},""row_condition_profile"":[4,4,1,4,4,1,1,0]}"
corr_868e79c85cea5fae,"{""affected_cells"":[""r00_c04"",""r00_c05"",""r01_c03"",""r01_c04"",""r01_c05"",""r02_c04"",""r02_c05"",""r02_c06"",""r03_c05"",""r03_c06""],""fair_cells"":[""r00_c04"",""r00_c05"",""r01_c03"",""r01_c04"",""r01_c05"",""r02_c04"",""r02_c05"",""r02_c06"",""r03_c05"",""r03_c06""],""poor_cells"":[],""severe_cells"":[],""area_bins"":{""fair"":4,""poor"":0,""severe"":0},""row_condition_profile"":[1,1,1,1,0,0,0,0]}"
corr_86df961776fa109e,"{""affected_cells"":[""r00_c03"",""r00_c04"",""r00_c05"",""r00_c06"",""r00_c07"",""r01_c03"",""r01_c04"",""r01_c05"",""r01_c06"",""r01_c07"",""r02_c03"",""r02_c04"",""r02_c05"",""r02_c06"",""r02_c07"",""r03_c01"",""r03_c02"",""r03_c03"",""r03_c04"",""r03_c05"",""r03_c06"",""r03_c07"",""r04_c01"",""r04_c02"",""r04_c03"",""r04_c04"",""r04_c05"",""r04_c06"",""r04_c07"",""r05_c01"",""r05_c02"",""r05_c03"",""r05_c04"",""r05_c05"",""r05_c06"",""r05_c07""],""fair_cells"":[""r00_c03"",""r00_c04"",""r00_c05"",""r00_c06"",""r00_c07"",""r01_c03"",""r01_c04"",""r01_c05"",""r01_c06"",""r01_c07"",""r02_c03"",""r02_c04"",""r02_c05"",""r02_c06"",""r02_c07"",""r03_c05"",""r03_c06"",""r03_c07""],""poor_cells"":[""r02_c03"",""r02_c04"",""r02_c05"",""r02_c06"",""r02_c07"",""r03_c01"",""r03_c02"",""r03_c03"",""r03_c04"",""r03_c05"",""r03_c06"",""r03_c07"",""r04_c01"",""r04_c02"",""r04_c03"",""r04_c04"",""r04_c05"",""r04_c06"",""r04_c07"",""r05_c01"",""r05_c02"",""r05_c03"",""r05_c04"",""r05_c05"",""r05_c06"",""r05_c07""],""severe_cells"":[""r03_c03"",""r03_c04"",""r04_c03""],""area_bins"":{""fair"":8,""poor"":9,""severe"":1},""row_condition_profile"":[1,1,4,4,4,2,0,0]}"
corr_873bd72b3e758258,"{""affected_cells"":[""r00_c05"",""r00_c06"",""r00_c07"",""r01_c05"",""r01_c06"",""r02_c01"",""r02_c02"",""r02_c03"",""r02_c04"",""r03_c03"",""r04_c00"",""r04_c01"",""r04_c02"",""r04_c03"",""r05_c00"",""r05_c01"",""r05_c02"",""r05_c03""],""fair_cells"":[""r00_c05"",""r00_c06"",""r00_c07"",""r01_c05"",""r01_c06"",""r02_c01"",""r02_c02"",""r02_c03"",""r02_c04"",""r03_c03"",""r04_c00"",""r04_c01"",""r04_c02"",""r04_c03"",""r05_c01"",""r05_c02"",""r05_c03""],""poor_cells"":[""r04_c00"",""r04_c01"",""r04_c02"",""r04_c03"",""r05_c00"",""r05_c01"",""r05_c02"",""r05_c03""],""severe_cells"":[],""area_bins"":{""fair"":5,""poor"":6,""severe"":0},""row_condition_profile"":[1,1,1,1,4,4,0,0]}"
corr_87b28ca6e2f0fe0b,"{""affected_cells"":[""r00_c01"",""r00_c02"",""r00_c03"",""r00_c04"",""r00_c05"",""r00_c06"",""r01_c03"",""r01_c04"",""r01_c05"",""r01_c06"",""r02_c04"",""r02_c05"",""r02_c06"",""r03_c04"",""r03_c05"",""r03_c06"",""r04_c04"",""r05_c04"",""r06_c04""],""fair_cells"":[""r00_c01"",""r00_c02"",""r00_c03"",""r00_c04"",""r00_c05"",""r00_c06"",""r01_c03"",""r01_c04"",""r01_c05"",""r01_c06"",""r02_c04"",""r02_c05"",""r02_c06"",""r03_c05"",""r03_c06"",""r05_c04"",""r06_c04""],""poor_cells"":[""r02_c04"",""r02_c05"",""r03_c04"",""r03_c05"",""r04_c04"",""r05_c04"",""r06_c04""],""severe_cells"":[""r03_c04"",""r03_c05""],""area_bins"":{""fair"":6,""poor"":4,""severe"":1},""row_condition_profile"":[1,1,4,4,2,4,4,0]}"
corr_87d0da715e4b6c3e,"{""affected_cells"":[""r02_c02"",""r03_c02"",""r03_c03"",""r04_c01"",""r04_c02"",""r04_c03"",""r05_c00"",""r05_c01"",""r05_c02"",""r05_c03"",""r05_c04"",""r05_c06"",""r05_c07"",""r06_c00"",""r06_c01"",""r06_c02"",""r06_c03"",""r06_c04"",""r06_c05"",""r06_c06"",""r06_c07""],""fair_cells"":[""r02_c02"",""r03_c02"",""r03_c03"",""r04_c01"",""r04_c02"",""r04_c03"",""r05_c00"",""r05_c01"",""r05_c02"",""r05_c03"",""r05_c04"",""r05_c06"",""r05_c07"",""r06_c00"",""r06_c01"",""r06_c02"",""r06_c03"",""r06_c04"",""r06_c05"",""r06_c06"",""r06_c07""],""poor_cells"":[],""severe_cells"":[],""area_bins"":{""fair"":8,""poor"":0,""severe"":0},""row_condition_profile"":[0,0,1,1,1,1,1,0]}"
corr_8872d74d84d24936,"{""affected_cells"":[""r00_c00"",""r00_c01"",""r00_c02"",""r00_c03"",""r01_c00"",""r01_c01"",""r01_c02"",""r01_c03"",""r02_c01"",""r02_c02"",""r02_c03"",""r02_c04"",""r02_c05"",""r02_c06"",""r02_c07"",""r03_c00"",""r03_c01"",""r03_c02"",""r03_c03"",""r03_c04"",""r03_c05"",""r03_c06"",""r04_c00"",""r04_c01"",""r04_c02"",""r04_c03"",""r04_c04"",""r04_c05"",""r05_c03"",""r05_c04"",""r05_c05"",""r05_c06"",""r06_c03"",""r06_c04""],""fair_cells"":[""r00_c00"",""r00_c01"",""r00_c02"",""r00_c03"",""r01_c00"",""r01_c01"",""r01_c02"",""r01_c03"",""r02_c01"",""r02_c02"",""r02_c03"",""r02_c04"",""r02_c05"",""r02_c06"",""r02_c07"",""r03_c01"",""r03_c02"",""r03_c03"",""r03_c04"",""r03_c05"",""r03_c06"",""r04_c02"",""r04_c03"",""r04_c04"",""r04_c05""],""poor_cells"":[""r01_c00"",""r01_c01"",""r01_c02"",""r01_c03"",""r02_c01"",""r02_c02"",""r02_c03"",""r03_c00"",""r03_c01"",""r03_c03"",""r03_c04"",""r03_c05"",""r04_c00"",""r04_c01"",""r04_c02"",""r04_c03"",""r04_c04"",""r04_c05"",""r05_c03"",""r05_c04"",""r05_c05"",""r05_c06"",""r06_c03"",""r06_c04""],""severe_cells"":[],""area_bins"":{""fair"":7,""poor"":9,""severe"":0},""row_condition_profile"":[1,4,4,4,4,2,2,0]}"
corr_89d89af85470bf56,"{""affected_cells"":[""r00_c00"",""r00_c01"",""r00_c02"",""r00_c03"",""r00_c04"",""r01_c00"",""r01_c04"",""r02_c00"",""r02_c03"",""r02_c04"",""r03_c00"",""r03_c02"",""r03_c03"",""r03_c04"",""r04_c00"",""r04_c03"",""r04_c04"",""r05_c00"",""r05_c03"",""r05_c04"",""r06_c00"",""r06_c03"",""r06_c04"",""r06_c05""],""fair_cells"":[""r00_c00"",""r00_c01"",""r00_c02"",""r00_c03"",""r00_c04"",""r01_c00"",""r01_c04"",""r02_c00"",""r02_c03"",""r02_c04"",""r03_c00"",""r03_c02"",""r03_c03"",""r03_c04"",""r04_c00"",""r04_c03"",""r04_c04"",""r05_c00"",""r05_c03"",""r05_c04"",""r06_c00"",""r06_c03"",""r06_c04"",""r06_c05""],""poor_cells"":[],""severe_cells"":[],""area_bins"":{""fair"":6,""poor"":0,""severe"":0},""row_condition_profile"":[1,1,1,1,1,1,1,0]}"
corr_8acc99885f965b84,"{""affected_cells"":[""r00_c00"",""r00_c01"",""r01_c00"",""r01_c01"",""r02_c00"",""r02_c01"",""r03_c00"",""r03_c01"",""r04_c00"",""r04_c01"",""r05_c00"",""r05_c01"",""r05_c02"",""r06_c03"",""r06_c04""],""fair_cells"":[""r00_c00"",""r00_c01"",""r01_c00"",""r01_c01"",""r02_c00"",""r02_c01"",""r03_c00"",""r03_c01""],""poor_cells"":[""r03_c00"",""r03_c01"",""r04_c00"",""r04_c01"",""r06_c03"",""r06_c04""],""severe_cells"":[""r03_c01"",""r04_c00"",""r04_c01"",""r05_c00"",""r05_c01"",""r05_c02""],""area_bins"":{""fair"":6,""poor"":6,""severe"":1},""row_condition_profile"":[1,1,1,4,4,3,2,0]}"
corr_8ae2bf5ac7e7c907,"{""affected_cells"":[""r00_c00"",""r00_c01"",""r00_c02"",""r00_c03"",""r00_c04"",""r00_c05"",""r00_c06"",""r00_c07"",""r01_c00"",""r01_c01"",""r01_c02"",""r01_c03"",""r01_c04"",""r01_c05"",""r01_c06"",""r01_c07"",""r02_c00"",""r02_c01"",""r02_c02"",""r02_c03"",""r02_c04"",""r02_c05"",""r02_c06"",""r02_c07"",""r03_c00"",""r03_c01"",""r03_c02"",""r03_c03"",""r03_c04"",""r03_c05"",""r03_c06"",""r03_c07"",""r04_c00"",""r04_c01"",""r04_c02"",""r04_c03"",""r04_c04"",""r04_c05"",""r04_c06"",""r04_c07"",""r05_c00"",""r05_c01"",""r05_c02"",""r05_c03"",""r05_c04"",""r05_c05"",""r05_c06"",""r05_c07"",""r06_c01"",""r06_c02"",""r06_c03"",""r06_c04"",""r06_c05"",""r06_c06""],""fair_cells"":[""r00_c00"",""r00_c01"",""r00_c02"",""r00_c03"",""r00_c04"",""r00_c05"",""r00_c06"",""r00_c07"",""r01_c00"",""r01_c01"",""r01_c02"",""r01_c03"",""r01_c04"",""r01_c05"",""r01_c06"",""r01_c07"",""r02_c00"",""r02_c01"",""r02_c02"",""r02_c03"",""r02_c04"",""r02_c05"",""r02_c06"",""r02_c07"",""r03_c00"",""r03_c01"",""r03_c02"",""r03_c03"",""r03_c04"",""r03_c05"",""r03_c06"",""r03_c07"",""r04_c00"",""r04_c01"",""r04_c02"",""r04_c03"",""r04_c04"",""r04_c05"",""r04_c06"",""r04_c07"",""r05_c00"",""r05_c01"",""r05_c02"",""r05_c03"",""r05_c04"",""r05_c05"",""r05_c06"",""r05_c07"",""r06_c02"",""r06_c03"",""r06_c04"",""r06_c05"",""r06_c06""],""poor_cells"":[""r00_c01"",""r00_c02"",""r00_c03"",""r00_c04"",""r01_c01"",""r01_c02"",""r01_c03"",""r01_c04"",""r02_c00"",""r02_c01"",""r02_c02"",""r02_c03"",""r02_c04"",""r02_c05"",""r03_c00"",""r03_c01"",""r03_c02"",""r03_c03"",""r04_c00"",""r04_c01"",""r04_c02"",""r04_c06"",""r05_c00"",""r05_c01"",""r05_c02"",""r06_c01"",""r06_c02""],""severe_cells"":[],""area_bins"":{""fair"":9,""poor"":9,""severe"":0},""row_condition_profile"":[4,4,4,4,4,4,4,0]}"
corr_8bc5e81435ec9dc0,"{""affected_cells"":[""r00_c00"",""r01_c00"",""r01_c01"",""r02_c00"",""r02_c01"",""r02_c02"",""r02_c03"",""r03_c02"",""r03_c03"",""r04_c05"",""r05_c00"",""r05_c01"",""r05_c02"",""r05_c03"",""r05_c04"",""r05_c05"",""r05_c06"",""r06_c00"",""r06_c01"",""r06_c02"",""r06_c03""],""fair_cells"":[""r00_c00"",""r01_c00"",""r01_c01"",""r02_c00"",""r02_c01"",""r02_c02"",""r02_c03"",""r03_c02"",""r03_c03"",""r04_c05"",""r05_c00"",""r05_c01"",""r05_c02"",""r05_c03"",""r05_c04"",""r05_c05"",""r05_c06"",""r06_c00"",""r06_c01"",""r06_c02"",""r06_c03""],""poor_cells"":[],""severe_cells"":[],""area_bins"":{""fair"":7,""poor"":0,""severe"":0},""row_condition_profile"":[1,1,1,1,1,1,1,0]}"
corr_8cc8bb15578333fc,"{""affected_cells"":[""r00_c01"",""r00_c02"",""r00_c03"",""r00_c04"",""r01_c02"",""r01_c03"",""r01_c04"",""r02_c04"",""r03_c00"",""r03_c01"",""r03_c02"",""r03_c04"",""r04_c01"",""r04_c02"",""r04_c03"",""r04_c04"",""r04_c05"",""r04_c06"",""r04_c07"",""r05_c02"",""r05_c03"",""r05_c04"",""r05_c05"",""r05_c06"",""r05_c07"",""r06_c02"",""r06_c03"",""r06_c04"",""r06_c05"",""r06_c06"",""r06_c07""],""fair_cells"":[""r00_c01"",""r00_c02"",""r00_c03"",""r00_c04"",""r01_c02"",""r01_c03"",""r01_c04"",""r02_c04"",""r03_c00"",""r03_c01"",""r03_c02"",""r03_c04"",""r04_c01"",""r04_c02"",""r04_c03"",""r04_c04"",""r04_c05"",""r04_c06"",""r04_c07"",""r05_c02"",""r05_c03"",""r05_c04"",""r05_c05"",""r05_c06"",""r05_c07"",""r06_c02"",""r06_c03"",""r06_c04"",""r06_c05"",""r06_c06"",""r06_c07""],""poor_cells"":[""r00_c02"",""r00_c03"",""r00_c04"",""r05_c05"",""r05_c06"",""r06_c05"",""r06_c06"",""r06_c07""],""severe_cells"":[],""area_bins"":{""fair"":7,""poor"":5,""severe"":0},""row_condition_profile"":[4,1,1,1,1,4,4,0]}"
corr_8d5dca142de074c9,"{""affected_cells"":[""r00_c00"",""r00_c01"",""r00_c07"",""r01_c00"",""r01_c01"",""r01_c05"",""r01_c07"",""r02_c00"",""r02_c01"",""r02_c05"",""r02_c07"",""r03_c03"",""r03_c05"",""r03_c07"",""r04_c04"",""r04_c05"",""r04_c07"",""r05_c02"",""r05_c03"",""r05_c04"",""r05_c05"",""r05_c07"",""r06_c02"",""r06_c03"",""r06_c04"",""r06_c05"",""r06_c06"",""r06_c07""],""fair_cells"":[""r00_c00"",""r00_c01"",""r00_c07"",""r01_c00"",""r01_c01"",""r01_c05"",""r01_c07"",""r02_c00"",""r02_c01"",""r02_c05"",""r02_c07"",""r03_c03"",""r03_c05"",""r03_c07"",""r04_c04"",""r04_c05"",""r04_c07"",""r05_c02"",""r05_c03"",""r05_c04"",""r05_c05"",""r05_c07"",""r06_c02"",""r06_c03"",""r06_c04"",""r06_c05"",""r06_c06"",""r06_c07""],""poor_cells"":[],""severe_cells"":[],""area_bins"":{""fair"":7,""poor"":0,""severe"":0},""row_condition_profile"":[1,1,1,1,1,1,1,0]}"
corr_8da36211c57d1480,"{""affected_cells"":[""r00_c01"",""r00_c02"",""r00_c03"",""r00_c04"",""r00_c05"",""r00_c06"",""r00_c07"",""r01_c00"",""r01_c01"",""r01_c02"",""r01_c03"",""r01_c04"",""r01_c05"",""r01_c06"",""r01_c07"",""r02_c00"",""r02_c01"",""r02_c02"",""r02_c03"",""r02_c04"",""r02_c05"",""r02_c06"",""r02_c07"",""r03_c00"",""r03_c01"",""r03_c05"",""r03_c06"",""r03_c07"",""r04_c00"",""r05_c00""],""fair_cells"":[""r00_c01"",""r00_c02"",""r00_c03"",""r00_c04"",""r00_c05"",""r00_c06"",""r00_c07"",""r01_c00"",""r01_c01"",""r01_c02"",""r01_c03"",""r01_c04"",""r01_c05"",""r01_c06"",""r01_c07"",""r02_c00"",""r02_c01"",""r02_c02"",""r02_c03"",""r02_c04"",""r02_c05"",""r02_c06"",""r02_c07"",""r03_c00"",""r03_c01"",""r03_c05"",""r03_c06"",""r03_c07"",""r04_c00"",""r05_c00""],""poor_cells"":[""r00_c06"",""r00_c07"",""r01_c06"",""r01_c07"",""r02_c06"",""r02_c07""],""severe_cells"":[],""area_bins"":{""fair"":9,""poor"":8,""severe"":0},""row_condition_profile"":[4,4,4,1,1,1,0,0]}"
corr_8f2080ae0b1ca362,"{""affected_cells"":[""r00_c02"",""r00_c05"",""r00_c06"",""r01_c02"",""r01_c05"",""r01_c06"",""r02_c02"",""r02_c05"",""r03_c02"",""r03_c05"",""r04_c01"",""r04_c02"",""r04_c03"",""r04_c04"",""r04_c05"",""r04_c06"",""r05_c00"",""r05_c01"",""r05_c02"",""r05_c03"",""r05_c04"",""r05_c05"",""r05_c06"",""r06_c00"",""r06_c01"",""r06_c03"",""r06_c04"",""r06_c05"",""r06_c06"",""r06_c07""],""fair_cells"":[""r00_c02"",""r00_c05"",""r00_c06"",""r01_c02"",""r01_c05"",""r01_c06"",""r02_c02"",""r02_c05"",""r03_c02"",""r03_c05"",""r04_c01"",""r04_c02"",""r04_c03"",""r04_c04"",""r04_c05"",""r04_c06"",""r05_c00"",""r05_c01"",""r05_c02"",""r05_c03"",""r05_c04"",""r05_c05"",""r05_c06"",""r06_c03"",""r06_c04"",""r06_c05"",""r06_c06"",""r06_c07""],""poor_cells"":[""r04_c02"",""r04_c03"",""r05_c00"",""r05_c01"",""r05_c02"",""r05_c03"",""r05_c04"",""r05_c05"",""r05_c06"",""r06_c00"",""r06_c01""],""severe_cells"":[],""area_bins"":{""fair"":6,""poor"":7,""severe"":0},""row_condition_profile"":[1,1,1,1,4,4,4,0]}"
corr_8faa8cd60066c6c2,"{""affected_cells"":[""r00_c00"",""r00_c01"",""r00_c02"",""r01_c00"",""r01_c01"",""r01_c02"",""r01_c03"",""r01_c04"",""r02_c03"",""r02_c04"",""r02_c05"",""r02_c06"",""r03_c06""],""fair_cells"":[""r00_c00"",""r00_c01"",""r00_c02"",""r01_c00"",""r01_c01"",""r01_c02"",""r01_c03"",""r01_c04"",""r02_c03"",""r02_c04"",""r02_c05"",""r02_c06"",""r03_c06""],""poor_cells"":[""r02_c04"",""r02_c05""],""severe_cells"":[],""area_bins"":{""fair"":2,""poor"":4,""severe"":0},""row_condition_profile"":[1,1,4,1,0,0,0,0]}"
corr_914eb56c38e6b7b0,"{""affected_cells"":[""r00_c01"",""r00_c02"",""r00_c03"",""r00_c04"",""r00_c05"",""r00_c06"",""r00_c07"",""r01_c02"",""r01_c03"",""r01_c04"",""r01_c05"",""r01_c06"",""r01_c07"",""r02_c02"",""r02_c03"",""r02_c04"",""r02_c05"",""r02_c06"",""r02_c07""],""fair_cells"":[""r00_c01"",""r00_c02"",""r00_c03"",""r00_c04"",""r00_c05"",""r00_c06"",""r00_c07"",""r01_c02"",""r01_c03"",""r01_c04"",""r01_c05"",""r01_c06"",""r01_c07"",""r02_c02"",""r02_c03"",""r02_c06"",""r02_c07""],""poor_cells"":[""r00_c05"",""r02_c04"",""r02_c05"",""r02_c06""],""severe_cells"":[],""area_bins"":{""fair"":6,""poor"":9,""severe"":0},""row_condition_profile"":[4,1,4,0,0,0,0,0]}"
corr_918ab5c6485dc074,"{""affected_cells"":[""r00_c00"",""r00_c01"",""r00_c02"",""r00_c03"",""r00_c04"",""r00_c05"",""r00_c06"",""r01_c00"",""r01_c01"",""r01_c02"",""r01_c03"",""r01_c04"",""r01_c05"",""r01_c06"",""r02_c00"",""r02_c01"",""r02_c02"",""r02_c03"",""r02_c04"",""r02_c05"",""r03_c02"",""r03_c03""],""fair_cells"":[],""poor_cells"":[""r00_c00"",""r00_c01"",""r00_c02"",""r01_c00"",""r02_c00""],""severe_cells"":[""r00_c00"",""r00_c01"",""r00_c02"",""r00_c03"",""r00_c04"",""r00_c05"",""r00_c06"",""r01_c00"",""r01_c01"",""r01_c02"",""r01_c03"",""r01_c04"",""r01_c05"",""r01_c06"",""r02_c01"",""r02_c02"",""r02_c03"",""r02_c04"",""r02_c05"",""r03_c02"",""r03_c03""],""area_bins"":{""fair"":0,""poor"":9,""severe"":9},""row_condition_profile"":[4,4,4,3,0,0,0,0]}"
corr_91be353f50aa735f,"{""affected_cells"":[""r00_c02"",""r01_c02"",""r02_c04"",""r03_c02"",""r03_c04"",""r04_c01"",""r04_c02"",""r05_c02""],""fair_cells"":[""r00_c02"",""r01_c02"",""r02_c04"",""r03_c02"",""r03_c04"",""r04_c01"",""r04_c02"",""r05_c02""],""poor_cells"":[],""severe_cells"":[],""area_bins"":{""fair"":2,""poor"":0,""severe"":0},""row_condition_profile"":[1,1,1,1,1,1,0,0]}"
corr_924253835eb97bbf,"{""affected_cells"":[""r00_c01"",""r01_c00"",""r01_c01"",""r01_c02"",""r01_c03""],""fair_cells"":[""r00_c01"",""r01_c00"",""r01_c01"",""r01_c02"",""r01_c03""],""poor_cells"":[],""severe_cells"":[],""area_bins"":{""fair"":3,""poor"":0,""severe"":0},""row_condition_profile"":[1,1,0,0,0,0,0,0]}"
corr_928dc7db762fe495,"{""affected_cells"":[""r00_c00"",""r00_c01"",""r00_c02"",""r00_c04"",""r00_c05"",""r00_c06"",""r00_c07"",""r01_c00"",""r01_c01"",""r01_c02"",""r01_c04"",""r01_c05"",""r01_c06"",""r01_c07"",""r02_c00"",""r02_c01"",""r02_c02"",""r02_c04"",""r02_c05"",""r02_c06"",""r02_c07"",""r03_c00"",""r03_c01"",""r03_c02"",""r03_c04"",""r03_c05"",""r03_c06"",""r03_c07"",""r04_c00"",""r04_c01"",""r04_c02"",""r04_c03"",""r04_c05"",""r04_c06"",""r04_c07"",""r05_c00"",""r05_c02"",""r05_c03"",""r05_c05"",""r05_c06"",""r05_c07"",""r06_c00"",""r06_c02"",""r06_c03"",""r06_c07""],""fair_cells"":[""r00_c00"",""r00_c01"",""r00_c02"",""r00_c04"",""r00_c05"",""r00_c06"",""r00_c07"",""r01_c00"",""r01_c01"",""r01_c02"",""r01_c04"",""r01_c05"",""r01_c06"",""r01_c07"",""r02_c00"",""r02_c01"",""r02_c02"",""r02_c04"",""r02_c05"",""r02_c06"",""r02_c07"",""r03_c00"",""r03_c01"",""r03_c02"",""r03_c04"",""r03_c05"",""r03_c06"",""r03_c07"",""r04_c00"",""r04_c01"",""r04_c02"",""r04_c03"",""r04_c05"",""r04_c06"",""r04_c07"",""r05_c00"",""r05_c02"",""r05_c03"",""r05_c05"",""r05_c06"",""r05_c07"",""r06_c00"",""r06_c02"",""r06_c07""],""poor_cells"":[""r05_c02"",""r05_c03"",""r05_c06"",""r06_c02"",""r06_c03""],""severe_cells"":[],""area_bins"":{""fair"":9,""poor"":3,""severe"":0},""row_condition_profile"":[1,1,1,1,1,4,4,0]}"
corr_9372f39c32a80904,"{""affected_cells"":[""r00_c01"",""r00_c03"",""r00_c04"",""r00_c05"",""r00_c06"",""r00_c07"",""r01_c01"",""r01_c05"",""r01_c07"",""r02_c05"",""r03_c00"",""r03_c01"",""r03_c02"",""r03_c03"",""r03_c04"",""r03_c05"",""r03_c06"",""r03_c07"",""r04_c00"",""r04_c01"",""r04_c02"",""r04_c03"",""r04_c04"",""r04_c05"",""r04_c06"",""r04_c07"",""r05_c00"",""r05_c01"",""r05_c02"",""r05_c03"",""r05_c04"",""r05_c05"",""r05_c06"",""r05_c07"",""r06_c00"",""r06_c01"",""r06_c02"",""r06_c03"",""r06_c04"",""r06_c05"",""r06_c06"",""r06_c07""],""fair_cells"":[""r00_c01"",""r00_c03"",""r00_c04"",""r00_c05"",""r00_c06"",""r00_c07"",""r01_c01"",""r01_c05"",""r01_c07"",""r02_c05"",""r03_c00"",""r03_c01"",""r03_c02"",""r03_c03"",""r03_c04"",""r03_c05"",""r03_c06"",""r03_c07"",""r04_c00"",""r04_c01"",""r04_c02"",""r04_c03"",""r04_c04"",""r04_c05"",""r04_c06"",""r04_c07"",""r05_c00"",""r05_c01"",""r05_c02"",""r05_c03"",""r05_c04"",""r05_c05"",""r05_c06"",""r05_c07"",""r06_c00"",""r06_c01"",""r06_c02"",""r06_c03"",""r06_c04"",""r06_c05"",""r06_c06"",""r06_c07""],""poor_cells"":[""r00_c01"",""r00_c07"",""r01_c01"",""r01_c07"",""r03_c03"",""r03_c04"",""r03_c05"",""r03_c07"",""r04_c02"",""r04_c03"",""r04_c04"",""r04_c05"",""r05_c04"",""r05_c05"",""r06_c03"",""r06_c04"",""r06_c05""],""severe_cells"":[],""area_bins"":{""fair"":9,""poor"":9,""severe"":0},""row_condition_profile"":[4,4,1,4,4,4,4,0]}"
corr_93ceb5a322867d9f,"{""affected_cells"":[""r00_c00"",""r00_c01"",""r00_c02"",""r00_c03"",""r00_c07"",""r01_c00"",""r01_c01"",""r01_c02"",""r01_c03"",""r01_c05"",""r01_c06"",""r01_c07"",""r02_c03"",""r02_c04"",""r02_c05"",""r02_c06"",""r02_c07"",""r03_c04"",""r03_c05"",""r03_c06"",""r03_c07"",""r04_c04"",""r04_c05"",""r04_c06"",""r04_c07"",""r05_c04"",""r05_c05"",""r05_c06"",""r05_c07"",""r06_c00"",""r06_c01"",""r06_c02"",""r06_c04"",""r06_c05"",""r06_c06"",""r06_c07""],""fair_cells"":[""r00_c07"",""r01_c03"",""r01_c05"",""r01_c06"",""r01_c07"",""r02_c03"",""r02_c04"",""r02_c05"",""r02_c06"",""r02_c07"",""r03_c04"",""r03_c05"",""r03_c06"",""r03_c07"",""r04_c04"",""r04_c05"",""r04_c06"",""r04_c07"",""r05_c04"",""r05_c05"",""r05_c06"",""r05_c07"",""r06_c00"",""r06_c01"",""r06_c02"",""r06_c04"",""r06_c05"",""r06_c06"",""r06_c07""],""poor_cells"":[""r00_c00"",""r00_c01"",""r00_c02"",""r00_c03"",""r01_c00"",""r01_c01"",""r01_c02"",""r01_c03"",""r01_c06"",""r01_c07"",""r02_c05"",""r02_c06"",""r02_c07"",""r03_c04"",""r03_c05"",""r03_c07"",""r04_c04"",""r04_c05"",""r04_c06"",""r04_c07"",""r05_c04"",""r05_c05"",""r05_c06"",""r05_c07"",""r06_c06"",""r06_c07""],""severe_cells"":[],""area_bins"":{""fair"":9,""poor"":9,""severe"":0},""row_condition_profile"":[4,4,4,4,4,4,4,0]}"
corr_9416b668a431529c,"{""affected_cells"":[""r00_c01"",""r00_c02"",""r00_c03"",""r00_c04"",""r00_c05"",""r00_c06"",""r00_c07"",""r01_c00"",""r01_c01"",""r01_c02"",""r01_c03"",""r01_c04"",""r01_c05"",""r01_c06"",""r01_c07"",""r02_c00"",""r02_c01"",""r02_c02"",""r02_c03"",""r02_c04"",""r02_c05"",""r02_c06"",""r02_c07"",""r03_c00"",""r03_c01"",""r03_c02"",""r03_c03"",""r03_c04"",""r03_c05"",""r03_c06"",""r03_c07"",""r04_c00"",""r04_c01"",""r04_c02"",""r04_c03"",""r04_c04"",""r04_c05"",""r04_c06"",""r04_c07"",""r05_c01"",""r05_c02"",""r05_c03"",""r05_c04"",""r05_c05"",""r05_c06"",""r05_c07"",""r06_c01"",""r06_c02"",""r06_c03"",""r06_c04"",""r06_c05"",""r06_c06""],""fair_cells"":[""r00_c01"",""r00_c02"",""r00_c03"",""r00_c04"",""r00_c05"",""r01_c00"",""r01_c01"",""r01_c02"",""r01_c03"",""r01_c04"",""r01_c05"",""r01_c06"",""r01_c07"",""r02_c00"",""r02_c01"",""r02_c02"",""r02_c03"",""r02_c04"",""r02_c05"",""r02_c06"",""r02_c07"",""r03_c00"",""r03_c01"",""r03_c02"",""r03_c03"",""r03_c04"",""r03_c05"",""r03_c06"",""r03_c07"",""r04_c00"",""r04_c01"",""r04_c02"",""r04_c03"",""r04_c04"",""r04_c05"",""r04_c06"",""r04_c07"",""r05_c01"",""r05_c02"",""r05_c03"",""r05_c04"",""r05_c05"",""r05_c06"",""r05_c07"",""r06_c01"",""r06_c02"",""r06_c03"",""r06_c04"",""r06_c05"",""r06_c06""],""poor_cells"":[""r00_c05"",""r00_c06"",""r00_c07"",""r01_c05"",""r01_c06"",""r01_c07""],""severe_cells"":[],""area_bins"":{""fair"":9,""poor"":7,""severe"":0},""row_condition_profile"":[4,4,1,1,1,1,1,0]}"
corr_95d28654c16b0b47,"{""affected_cells"":[""r00_c00"",""r00_c01"",""r00_c02"",""r00_c03"",""r00_c05"",""r00_c06"",""r00_c07"",""r01_c00"",""r01_c01"",""r01_c02"",""r01_c03"",""r01_c04"",""r01_c05"",""r01_c06"",""r01_c07"",""r02_c00"",""r02_c01"",""r02_c02"",""r02_c03"",""r02_c04"",""r02_c05"",""r02_c06"",""r02_c07"",""r03_c00"",""r03_c01"",""r03_c02"",""r03_c03"",""r03_c04"",""r03_c05"",""r04_c00"",""r04_c01"",""r04_c02"",""r04_c03"",""r04_c04"",""r04_c05"",""r05_c00"",""r05_c01"",""r05_c02"",""r05_c03"",""r05_c04"",""r05_c05"",""r05_c06"",""r06_c00"",""r06_c01"",""r06_c02"",""r06_c03"",""r06_c04"",""r06_c05"",""r06_c07""],""fair_cells"":[""r00_c02"",""r00_c03"",""r00_c06"",""r00_c07"",""r01_c02"",""r01_c03"",""r02_c03"",""r02_c04"",""r03_c00"",""r03_c01"",""r03_c02"",""r03_c03"",""r03_c04"",""r03_c05"",""r04_c00"",""r04_c01"",""r04_c02"",""r04_c03"",""r04_c04"",""r04_c05"",""r05_c00"",""r05_c01"",""r05_c02"",""r05_c03"",""r05_c04"",""r05_c05"",""r05_c06"",""r06_c00"",""r06_c01"",""r06_c02"",""r06_c03"",""r06_c04"",""r06_c05"",""r06_c07""],""poor_cells"":[""r00_c00"",""r00_c01"",""r00_c02"",""r00_c05"",""r00_c06"",""r00_c07"",""r01_c03"",""r01_c04"",""r01_c05"",""r01_c06"",""r01_c07"",""r02_c03"",""r02_c04"",""r02_c05"",""r02_c06"",""r02_c07"",""r03_c01"",""r03_c02"",""r03_c03"",""r03_c04""],""severe_cells"":[""r00_c00"",""r00_c01"",""r00_c02"",""r01_c00"",""r01_c01"",""r01_c02"",""r01_c03"",""r02_c00"",""r02_c01"",""r02_c02"",""r03_c00""],""area_bins"":{""fair"":9,""poor"":9,""severe"":1},""row_condition_profile"":[4,4,4,4,1,1,1,0]}"
corr_95f86fabfa2917ee,"{""affected_cells"":[""r00_c00"",""r00_c01"",""r00_c02"",""r01_c01"",""r01_c02""],""fair_cells"":[""r00_c00"",""r00_c01"",""r00_c02"",""r01_c01"",""r01_c02""],""poor_cells"":[],""severe_cells"":[],""area_bins"":{""fair"":4,""poor"":0,""severe"":0},""row_condition_profile"":[1,1,0,0,0,0,0,0]}"
corr_96642c96062d78bd,"{""affected_cells"":[""r00_c00"",""r00_c01"",""r00_c02"",""r00_c03"",""r00_c04"",""r00_c05"",""r00_c06"",""r00_c07"",""r01_c03"",""r01_c04"",""r01_c05"",""r01_c06"",""r01_c07"",""r02_c04"",""r02_c05"",""r02_c06"",""r02_c07"",""r03_c05"",""r03_c06"",""r03_c07"",""r04_c07"",""r05_c07"",""r06_c07""],""fair_cells"":[""r00_c00"",""r00_c01"",""r00_c02"",""r00_c03"",""r00_c04"",""r00_c05"",""r00_c06"",""r00_c07"",""r01_c03"",""r01_c04"",""r01_c05"",""r01_c06"",""r01_c07"",""r02_c04"",""r02_c05"",""r02_c06"",""r02_c07"",""r03_c05"",""r03_c06"",""r03_c07"",""r04_c07"",""r05_c07"",""r06_c07""],""poor_cells"":[""r00_c01"",""r00_c06"",""r00_c07"",""r01_c04"",""r01_c05"",""r01_c06"",""r01_c07"",""r02_c07"",""r03_c07"",""r04_c07"",""r05_c07"",""r06_c07""],""severe_cells"":[],""area_bins"":{""fair"":8,""poor"":7,""severe"":0},""row_condition_profile"":[4,4,4,4,4,4,4,0]}"
corr_96fd82e6b10e866b,"{""affected_cells"":[""r00_c02"",""r00_c03"",""r00_c04"",""r00_c05"",""r00_c06"",""r01_c02"",""r01_c03"",""r01_c04"",""r01_c05"",""r01_c06"",""r02_c02"",""r02_c03"",""r02_c04"",""r02_c05"",""r02_c06"",""r04_c05"",""r04_c06""],""fair_cells"":[],""poor_cells"":[""r00_c02"",""r00_c03"",""r00_c04"",""r00_c05"",""r00_c06"",""r01_c02"",""r01_c03"",""r01_c04"",""r01_c05"",""r01_c06"",""r02_c02"",""r02_c03"",""r02_c04"",""r02_c05"",""r02_c06"",""r04_c05"",""r04_c06""],""severe_cells"":[],""area_bins"":{""fair"":0,""poor"":9,""severe"":0},""row_condition_profile"":[2,2,2,0,2,0,0,0]}"
corr_974c465ef44c0e97,"{""affected_cells"":[""r00_c03"",""r00_c04"",""r00_c05"",""r00_c06"",""r00_c07"",""r01_c00"",""r01_c01"",""r01_c02"",""r01_c03"",""r01_c04"",""r01_c05"",""r01_c06"",""r01_c07"",""r02_c00"",""r02_c01"",""r02_c02"",""r02_c03"",""r02_c05"",""r02_c06"",""r02_c07"",""r03_c00"",""r03_c01"",""r03_c02"",""r03_c07""],""fair_cells"":[""r00_c03"",""r00_c04"",""r00_c05"",""r00_c06"",""r00_c07"",""r01_c00"",""r01_c01"",""r01_c02"",""r01_c07"",""r02_c00"",""r02_c01"",""r02_c02"",""r02_c03"",""r03_c00"",""r03_c01"",""r03_c02""],""poor_cells"":[""r00_c03"",""r00_c04"",""r00_c05"",""r00_c06"",""r01_c03"",""r01_c04"",""r01_c05"",""r01_c06"",""r01_c07"",""r02_c05"",""r02_c06"",""r02_c07"",""r03_c07""],""severe_cells"":[],""area_bins"":{""fair"":6,""poor"":9,""severe"":0},""row_condition_profile"":[4,4,4,4,0,0,0,0]}"
corr_975c5ff8e4866f04,"{""affected_cells"":[""r00_c03"",""r00_c04"",""r00_c05"",""r00_c06"",""r00_c07"",""r01_c03"",""r01_c04"",""r01_c05"",""r01_c06"",""r01_c07"",""r02_c03"",""r02_c04"",""r02_c05"",""r02_c06"",""r03_c00"",""r04_c00"",""r04_c01"",""r05_c00"",""r05_c01"",""r05_c06"",""r05_c07"",""r06_c00"",""r06_c01"",""r06_c02"",""r06_c06"",""r06_c07""],""fair_cells"":[""r00_c03"",""r00_c04"",""r00_c05"",""r00_c06"",""r01_c03"",""r01_c04"",""r01_c05"",""r01_c06"",""r01_c07"",""r02_c03"",""r02_c04"",""r02_c05"",""r02_c06"",""r03_c00"",""r04_c00"",""r04_c01"",""r05_c00"",""r05_c01"",""r05_c06"",""r05_c07"",""r06_c00"",""r06_c01"",""r06_c02"",""r06_c06"",""r06_c07""],""poor_cells"":[""r00_c07""],""severe_cells"":[],""area_bins"":{""fair"":9,""poor"":1,""severe"":0},""row_condition_profile"":[4,1,1,1,1,1,1,0]}"
corr_978791c21680acce,"{""affected_cells"":[""r00_c05"",""r00_c06"",""r00_c07"",""r01_c05"",""r01_c06"",""r01_c07"",""r02_c05"",""r02_c06"",""r02_c07"",""r03_c05"",""r03_c06"",""r03_c07"",""r04_c06"",""r04_c07"",""r05_c03"",""r05_c04"",""r05_c05"",""r05_c06"",""r05_c07"",""r06_c01"",""r06_c02"",""r06_c03"",""r06_c04"",""r06_c05"",""r06_c06"",""r06_c07""],""fair_cells"":[""r00_c05"",""r00_c06"",""r00_c07"",""r01_c05"",""r01_c06"",""r01_c07"",""r02_c05"",""r02_c06"",""r02_c07"",""r03_c05"",""r03_c06"",""r03_c07"",""r04_c06"",""r04_c07"",""r05_c03"",""r05_c04"",""r05_c05"",""r05_c06"",""r05_c07"",""r06_c01"",""r06_c02"",""r06_c03"",""r06_c04"",""r06_c05"",""r06_c06"",""r06_c07""],""poor_cells"":[],""severe_cells"":[],""area_bins"":{""fair"":8,""poor"":0,""severe"":0},""row_condition_profile"":[1,1,1,1,1,1,1,0]}"
corr_9787d95a9b7f34cd,"{""affected_cells"":[""r00_c00"",""r00_c01"",""r00_c02"",""r00_c03"",""r01_c00"",""r01_c01"",""r01_c02"",""r01_c03"",""r01_c04"",""r01_c05"",""r01_c06"",""r01_c07"",""r02_c00"",""r02_c01"",""r02_c02"",""r02_c03"",""r02_c04"",""r02_c05"",""r02_c06"",""r02_c07"",""r03_c00"",""r03_c01"",""r03_c02"",""r03_c03"",""r03_c04"",""r03_c05"",""r03_c06"",""r03_c07"",""r04_c02"",""r04_c05"",""r06_c00""],""fair_cells"":[""r00_c02"",""r00_c03"",""r01_c03"",""r01_c04"",""r06_c00""],""poor_cells"":[""r00_c00"",""r00_c01"",""r01_c00"",""r01_c01"",""r01_c02"",""r01_c03"",""r01_c04"",""r01_c05"",""r01_c06"",""r01_c07"",""r02_c00"",""r02_c01"",""r02_c02"",""r02_c03"",""r02_c04"",""r02_c05"",""r02_c06"",""r02_c07"",""r03_c00"",""r03_c01"",""r03_c02"",""r03_c03"",""r03_c04"",""r03_c05"",""r03_c06"",""r03_c07"",""r04_c02"",""r04_c05""],""severe_cells"":[""r00_c00"",""r00_c01"",""r01_c00"",""r01_c01""],""area_bins"":{""fair"":2,""poor"":9,""severe"":6},""row_condition_profile"":[4,4,2,2,2,0,1,0]}"
corr_97c12b4ac6d18f1f,"{""affected_cells"":[""r00_c00"",""r00_c01"",""r00_c02"",""r00_c03"",""r01_c00"",""r01_c01"",""r01_c02"",""r01_c03"",""r02_c00"",""r02_c01"",""r02_c02"",""r02_c03"",""r02_c04"",""r02_c05"",""r03_c00"",""r03_c01"",""r03_c02"",""r03_c03"",""r03_c04"",""r03_c05"",""r04_c00"",""r04_c01"",""r04_c02"",""r04_c03""],""fair_cells"":[""r00_c00"",""r00_c01"",""r00_c02"",""r00_c03"",""r01_c00"",""r01_c01"",""r01_c02"",""r01_c03"",""r02_c00"",""r02_c01"",""r02_c02"",""r02_c03"",""r02_c04"",""r02_c05"",""r03_c01"",""r03_c02"",""r03_c03"",""r03_c04"",""r03_c05"",""r04_c01"",""r04_c02"",""r04_c03""],""poor_cells"":[""r00_c00"",""r01_c00"",""r01_c03"",""r02_c00"",""r02_c01"",""r02_c02"",""r02_c03"",""r02_c04"",""r03_c00"",""r03_c01"",""r03_c02"",""r03_c03"",""r03_c04"",""r04_c00"",""r04_c01"",""r04_c02"",""r04_c03""],""severe_cells"":[],""area_bins"":{""fair"":7,""poor"":9,""severe"":0},""row_condition_profile"":[4,4,4,4,4,0,0,0]}"
corr_97f9c1194b7e5947,"{""affected_cells"":[""r00_c00"",""r00_c01"",""r00_c02"",""r00_c03"",""r01_c00"",""r01_c01"",""r02_c00"",""r02_c01"",""r02_c02"",""r03_c00"",""r03_c01"",""r03_c02"",""r03_c03"",""r04_c00"",""r04_c01"",""r04_c02"",""r04_c03"",""r05_c00"",""r05_c01"",""r05_c02"",""r06_c00"",""r06_c01"",""r06_c02""],""fair_cells"":[""r00_c00"",""r00_c01"",""r00_c02"",""r00_c03"",""r01_c00"",""r01_c01"",""r02_c00"",""r02_c01"",""r02_c02"",""r03_c00"",""r03_c01"",""r03_c02"",""r03_c03"",""r04_c00"",""r04_c01"",""r04_c02"",""r04_c03"",""r05_c00"",""r05_c01"",""r05_c02"",""r06_c00"",""r06_c01"",""r06_c02""],""poor_cells"":[],""severe_cells"":[],""area_bins"":{""fair"":7,""poor"":0,""severe"":0},""row_condition_profile"":[1,1,1,1,1,1,1,0]}"
corr_9864e8ea2e9052ec,"{""affected_cells"":[""r00_c00"",""r00_c01"",""r00_c05"",""r00_c06"",""r01_c00"",""r01_c01"",""r01_c03"",""r01_c04"",""r01_c05"",""r01_c06"",""r02_c00"",""r02_c03"",""r02_c04"",""r02_c05"",""r02_c06"",""r03_c03"",""r03_c04"",""r03_c05"",""r03_c06"",""r04_c02"",""r04_c05"",""r04_c06"",""r04_c07"",""r05_c05"",""r05_c06"",""r05_c07""],""fair_cells"":[""r00_c00"",""r00_c01"",""r00_c05"",""r00_c06"",""r01_c00"",""r01_c01"",""r01_c03"",""r01_c04"",""r01_c05"",""r01_c06"",""r02_c00"",""r02_c03"",""r02_c04"",""r02_c05"",""r02_c06"",""r03_c03"",""r03_c04"",""r03_c05"",""r03_c06"",""r04_c02"",""r04_c05"",""r04_c06"",""r04_c07"",""r05_c05"",""r05_c06"",""r05_c07""],""poor_cells"":[],""severe_cells"":[],""area_bins"":{""fair"":6,""poor"":0,""severe"":0},""row_condition_profile"":[1,1,1,1,1,1,0,0]}"
corr_990439754fc4f749,"{""affected_cells"":[""r00_c00"",""r00_c01"",""r00_c02"",""r00_c03"",""r00_c04"",""r01_c00"",""r01_c01"",""r01_c02"",""r01_c03"",""r01_c04""],""fair_cells"":[""r00_c00"",""r00_c01"",""r00_c02"",""r00_c03"",""r00_c04""],""poor_cells"":[""r00_c00"",""r00_c01"",""r00_c02"",""r00_c03"",""r00_c04"",""r01_c00"",""r01_c01"",""r01_c02"",""r01_c03"",""r01_c04""],""severe_cells"":[],""area_bins"":{""fair"":3,""poor"":9,""severe"":0},""row_condition_profile"":[4,2,0,0,0,0,0,0]}"
corr_9931db0d6bf01b49,"{""affected_cells"":[""r00_c00"",""r00_c01"",""r00_c02"",""r01_c00"",""r01_c01"",""r01_c02"",""r01_c03"",""r02_c01"",""r02_c02"",""r02_c03"",""r02_c04"",""r02_c05"",""r03_c00"",""r03_c01"",""r03_c02"",""r03_c03"",""r03_c04"",""r03_c05"",""r03_c06"",""r03_c07"",""r04_c01"",""r04_c02"",""r04_c03"",""r04_c04"",""r04_c05"",""r04_c06"",""r04_c07"",""r05_c00"",""r05_c01"",""r05_c02"",""r05_c03"",""r05_c04"",""r05_c05"",""r05_c06"",""r05_c07"",""r06_c03"",""r06_c04"",""r06_c05"",""r06_c06"",""r06_c07""],""fair_cells"":[""r00_c00"",""r00_c01"",""r00_c02"",""r01_c00"",""r01_c01"",""r01_c02"",""r01_c03"",""r02_c02"",""r02_c03"",""r02_c04"",""r02_c05"",""r03_c05"",""r03_c06"",""r03_c07"",""r04_c03"",""r04_c04"",""r04_c06"",""r04_c07"",""r05_c02"",""r05_c03"",""r05_c04"",""r05_c05"",""r05_c06"",""r05_c07"",""r06_c03"",""r06_c04"",""r06_c05"",""r06_c06"",""r06_c07""],""poor_cells"":[""r00_c00"",""r00_c01"",""r01_c00"",""r01_c01"",""r01_c02"",""r02_c01"",""r02_c02"",""r02_c03"",""r02_c04"",""r03_c00"",""r03_c01"",""r03_c02"",""r03_c03"",""r03_c04"",""r03_c05"",""r03_c06"",""r04_c01"",""r04_c02"",""r04_c03"",""r04_c04"",""r04_c05"",""r04_c06"",""r04_c07"",""r05_c00"",""r05_c01"",""r05_c02"",""r05_c04"",""r05_c05"",""r06_c05"",""r06_c06""],""severe_cells"":[],""area_bins"":{""fair"":9,""poor"":9,""severe"":0},""row_condition_profile"":[4,4,4,4,4,4,4,0]}"
corr_99f6960dc9c4681f,"{""affected_cells"":[""r02_c07"",""r03_c07"",""r04_c07"",""r05_c06"",""r05_c07"",""r06_c05"",""r06_c06"",""r06_c07""],""fair_cells"":[""r02_c07"",""r03_c07"",""r04_c07"",""r05_c06"",""r05_c07"",""r06_c05"",""r06_c06""],""poor_cells"":[""r04_c07"",""r05_c07"",""r06_c06"",""r06_c07""],""severe_cells"":[""r05_c07"",""r06_c06"",""r06_c07""],""area_bins"":{""fair"":4,""poor"":4,""severe"":1},""row_condition_profile"":[0,0,1,1,4,4,4,0]}"
corr_9aa58f323bc50cfe,"{""affected_cells"":[],""fair_cells"":[],""poor_cells"":[],""severe_cells"":[],""area_bins"":{""fair"":0,""poor"":0,""severe"":0},""row_condition_profile"":[0,0,0,0,0,0,0,0]}"
corr_9b2632a9e7378480,"{""affected_cells"":[""r00_c00"",""r00_c01"",""r00_c02"",""r00_c03"",""r00_c04"",""r00_c05"",""r00_c06"",""r00_c07"",""r01_c00"",""r01_c01"",""r01_c02"",""r01_c03"",""r01_c04"",""r01_c05"",""r01_c06"",""r01_c07"",""r02_c01"",""r02_c02"",""r03_c02"",""r04_c01"",""r04_c02"",""r04_c03"",""r04_c04"",""r04_c05"",""r04_c07"",""r05_c00"",""r05_c01"",""r05_c02"",""r05_c03"",""r05_c04"",""r05_c05"",""r05_c06"",""r05_c07"",""r06_c00"",""r06_c01"",""r06_c02"",""r06_c03"",""r06_c04"",""r06_c05"",""r06_c06"",""r06_c07""],""fair_cells"":[""r00_c00"",""r00_c01"",""r00_c02"",""r00_c03"",""r00_c04"",""r00_c05"",""r00_c06"",""r00_c07"",""r01_c00"",""r01_c01"",""r01_c02"",""r01_c03"",""r01_c04"",""r01_c05"",""r01_c06"",""r01_c07"",""r02_c01"",""r02_c02"",""r03_c02"",""r04_c01"",""r04_c02"",""r04_c03"",""r04_c04"",""r04_c05"",""r04_c07"",""r05_c00"",""r05_c01"",""r05_c02"",""r05_c03"",""r05_c04"",""r05_c05"",""r05_c06"",""r05_c07"",""r06_c00"",""r06_c01"",""r06_c02"",""r06_c03"",""r06_c04"",""r06_c05"",""r06_c06"",""r06_c07""],""poor_cells"":[""r00_c06"",""r00_c07"",""r01_c04"",""r01_c05"",""r01_c06"",""r01_c07""],""severe_cells"":[],""area_bins"":{""fair"":9,""poor"":6,""severe"":0},""row_condition_profile"":[4,4,1,1,1,1,1,0]}"
corr_9bf453f30ddfbce2,"{""affected_cells"":[""r01_c00"",""r01_c01"",""r02_c00"",""r02_c01"",""r03_c00"",""r03_c01"",""r04_c06"",""r06_c00""],""fair_cells"":[""r01_c00"",""r01_c01"",""r02_c00"",""r02_c01"",""r03_c00"",""r03_c01"",""r04_c06"",""r06_c00""],""poor_cells"":[],""severe_cells"":[],""area_bins"":{""fair"":4,""poor"":0,""severe"":0},""row_condition_profile"":[0,1,1,1,1,0,1,0]}"
corr_9c115c6ce3dbf38a,"{""affected_cells"":[""r00_c03"",""r00_c04"",""r00_c05"",""r00_c06"",""r00_c07"",""r01_c00"",""r01_c01"",""r01_c02"",""r01_c03"",""r01_c04"",""r01_c05"",""r01_c06"",""r01_c07"",""r02_c01"",""r02_c02"",""r04_c00"",""r04_c01"",""r04_c02"",""r05_c00"",""r05_c01"",""r06_c00"",""r06_c01""],""fair_cells"":[""r00_c03"",""r00_c04"",""r00_c05"",""r00_c06"",""r00_c07"",""r01_c00"",""r01_c01"",""r01_c02"",""r01_c03"",""r01_c04"",""r01_c05"",""r01_c06"",""r01_c07"",""r02_c01"",""r02_c02"",""r04_c00"",""r04_c01"",""r04_c02"",""r05_c00"",""r05_c01"",""r06_c00"",""r06_c01""],""poor_cells"":[],""severe_cells"":[],""area_bins"":{""fair"":4,""poor"":0,""severe"":0},""row_condition_profile"":[1,1,1,0,1,1,1,0]}"
corr_9c70e3964e7add96,"{""affected_cells"":[""r00_c06"",""r00_c07"",""r01_c06"",""r01_c07"",""r02_c06"",""r02_c07""],""fair_cells"":[],""poor_cells"":[""r00_c06"",""r00_c07"",""r01_c06"",""r01_c07"",""r02_c06"",""r02_c07""],""severe_cells"":[],""area_bins"":{""fair"":0,""poor"":1,""severe"":0},""row_condition_profile"":[2,2,2,0,0,0,0,0]}"
corr_9cf822c159e351f1,"{""affected_cells"":[""r00_c02"",""r01_c01"",""r01_c02"",""r01_c03"",""r01_c04"",""r02_c03"",""r02_c04"",""r02_c05"",""r03_c04""],""fair_cells"":[""r00_c02"",""r01_c01"",""r01_c02"",""r01_c03"",""r01_c04"",""r02_c03"",""r02_c04"",""r02_c05"",""r03_c04""],""poor_cells"":[],""severe_cells"":[],""area_bins"":{""fair"":3,""poor"":0,""severe"":0},""row_condition_profile"":[1,1,1,1,0,0,0,0]}"
corr_9e4cf1d0d31c49b5,"{""affected_cells"":[""r00_c03"",""r01_c00"",""r02_c00"",""r02_c01"",""r02_c02"",""r02_c03"",""r03_c00"",""r03_c01"",""r03_c02"",""r03_c03"",""r03_c04"",""r04_c00"",""r04_c01"",""r04_c02"",""r04_c03"",""r04_c04"",""r05_c00"",""r05_c01"",""r05_c02"",""r05_c03"",""r05_c04"",""r05_c05"",""r06_c00"",""r06_c01"",""r06_c02"",""r06_c03"",""r06_c04"",""r06_c05""],""fair_cells"":[""r00_c03"",""r01_c00"",""r02_c00"",""r02_c01"",""r03_c00"",""r03_c01""],""poor_cells"":[""r02_c01"",""r02_c02"",""r02_c03"",""r03_c00"",""r03_c01"",""r03_c02"",""r03_c03"",""r03_c04"",""r04_c00"",""r04_c01"",""r04_c02"",""r04_c03"",""r04_c04"",""r05_c00"",""r05_c01"",""r05_c02"",""r05_c03"",""r05_c04"",""r05_c05"",""r06_c00"",""r06_c01"",""r06_c02"",""r06_c03"",""r06_c04"",""r06_c05""],""severe_cells"":[],""area_bins"":{""fair"":1,""poor"":9,""severe"":0},""row_condition_profile"":[1,1,4,4,2,2,2,0]}"
corr_9e9fc604bfde3296,"{""affected_cells"":[""r00_c00"",""r00_c01"",""r00_c02"",""r00_c03"",""r00_c04"",""r00_c05"",""r00_c06"",""r00_c07"",""r01_c00"",""r01_c01"",""r01_c02"",""r01_c03"",""r01_c04"",""r01_c05"",""r01_c06"",""r01_c07"",""r02_c00"",""r02_c01"",""r02_c02"",""r02_c03"",""r02_c04"",""r02_c05"",""r02_c06"",""r02_c07"",""r03_c03"",""r03_c04"",""r03_c05"",""r03_c06"",""r03_c07"",""r04_c01"",""r04_c02"",""r04_c03"",""r04_c04"",""r04_c05"",""r04_c06"",""r04_c07"",""r05_c00"",""r05_c01"",""r05_c02"",""r05_c03"",""r05_c04"",""r05_c05"",""r05_c06"",""r06_c01"",""r06_c02"",""r06_c03""],""fair_cells"":[""r00_c00"",""r00_c01"",""r00_c02"",""r00_c03"",""r00_c04"",""r00_c05"",""r00_c06"",""r00_c07"",""r01_c00"",""r01_c01"",""r01_c02"",""r01_c03"",""r01_c04"",""r01_c05"",""r01_c06"",""r01_c07"",""r02_c00"",""r02_c01"",""r02_c02"",""r02_c03"",""r02_c04""],""poor_cells"":[""r00_c04"",""r00_c06"",""r00_c07"",""r01_c04"",""r01_c05"",""r01_c06"",""r01_c07"",""r02_c03"",""r02_c04"",""r02_c05"",""r02_c06"",""r02_c07"",""r03_c03"",""r03_c04"",""r03_c05"",""r03_c06"",""r03_c07"",""r04_c01"",""r04_c02"",""r04_c03"",""r04_c04"",""r04_c05"",""r04_c06"",""r04_c07"",""r05_c00"",""r05_c01"",""r05_c02"",""r05_c03"",""r05_c04"",""r05_c05"",""r05_c06"",""r06_c01"",""r06_c02"",""r06_c03""],""severe_cells"":[],""area_bins"":{""fair"":9,""poor"":9,""severe"":0},""row_condition_profile"":[4,4,4,2,2,2,2,0]}"
corr_9ebd51684892b4a4,"{""affected_cells"":[""r00_c00"",""r00_c01"",""r00_c02"",""r01_c00"",""r01_c01"",""r01_c02"",""r02_c00"",""r02_c01"",""r02_c02"",""r02_c03"",""r02_c04"",""r02_c05"",""r02_c06"",""r02_c07"",""r03_c00"",""r03_c01"",""r03_c02"",""r03_c03"",""r03_c04"",""r03_c05"",""r03_c06"",""r03_c07"",""r04_c00"",""r04_c01"",""r04_c02"",""r04_c03"",""r04_c04"",""r04_c05"",""r04_c06"",""r04_c07"",""r05_c01"",""r05_c02"",""r05_c03"",""r06_c02"",""r06_c03""],""fair_cells"":[""r00_c00"",""r00_c01"",""r00_c02"",""r01_c00"",""r01_c01"",""r01_c02"",""r02_c00"",""r02_c01"",""r02_c02"",""r02_c03"",""r02_c04"",""r02_c05"",""r02_c06"",""r02_c07"",""r03_c00"",""r03_c01"",""r03_c02"",""r03_c03"",""r03_c04"",""r03_c05"",""r03_c06"",""r03_c07"",""r04_c00"",""r04_c01"",""r04_c02"",""r04_c03"",""r04_c04"",""r04_c05"",""r04_c06"",""r04_c07"",""r05_c01"",""r05_c02"",""r05_c03""],""poor_cells"":[""r00_c00"",""r01_c00"",""r02_c00"",""r03_c00"",""r03_c01"",""r04_c00"",""r05_c03""],""severe_cells"":[""r06_c02"",""r06_c03""],""area_bins"":{""fair"":9,""poor"":6,""severe"":1},""row_condition_profile"":[4,4,4,4,4,4,3,0]}"
corr_a0be9df0c834e6c0,"{""affected_cells"":[""r00_c03"",""r00_c04"",""r00_c05"",""r00_c06"",""r00_c07"",""r01_c03"",""r01_c04"",""r01_c05"",""r01_c06"",""r01_c07"",""r02_c03"",""r02_c04"",""r02_c05"",""r02_c06"",""r02_c07"",""r03_c03"",""r03_c04"",""r03_c05"",""r03_c06"",""r03_c07"",""r04_c03"",""r04_c04"",""r04_c05"",""r04_c06"",""r04_c07"",""r05_c03"",""r05_c04"",""r05_c05"",""r05_c06"",""r05_c07"",""r06_c03"",""r06_c04"",""r06_c05"",""r06_c06""],""fair_cells"":[""r00_c03"",""r00_c07"",""r01_c03"",""r01_c04"",""r01_c05"",""r01_c06"",""r01_c07"",""r02_c03"",""r02_c04"",""r02_c05"",""r02_c06"",""r02_c07"",""r03_c03"",""r03_c04"",""r03_c05"",""r03_c06"",""r03_c07"",""r04_c03"",""r04_c04"",""r04_c05"",""r04_c06"",""r04_c07"",""r05_c03"",""r05_c04"",""r05_c05"",""r05_c06"",""r05_c07"",""r06_c03"",""r06_c04""],""poor_cells"":[""r00_c04"",""r00_c05"",""r00_c06"",""r00_c07"",""r01_c05""],""severe_cells"":[""r00_c03"",""r00_c04"",""r00_c05"",""r00_c06"",""r00_c07"",""r01_c03"",""r01_c04"",""r01_c05"",""r01_c06"",""r02_c03"",""r02_c04"",""r03_c03"",""r03_c04"",""r04_c04"",""r04_c05"",""r05_c04"",""r05_c05"",""r05_c06"",""r06_c05"",""r06_c06""],""area_bins"":{""fair"":9,""poor"":6,""severe"":9},""row_condition_profile"":[4,4,4,4,4,4,4,0]}"
corr_a20921e8890c47e0,"{""affected_cells"":[""r00_c00"",""r00_c01"",""r00_c02"",""r00_c03"",""r00_c04"",""r00_c05"",""r00_c06"",""r00_c07"",""r01_c00"",""r01_c01"",""r01_c02"",""r01_c03"",""r01_c04"",""r01_c05"",""r01_c06"",""r01_c07""],""fair_cells"":[""r00_c00"",""r00_c01"",""r00_c02"",""r00_c03"",""r00_c04"",""r00_c05"",""r00_c06"",""r00_c07"",""r01_c00"",""r01_c01"",""r01_c02"",""r01_c03"",""r01_c04"",""r01_c05"",""r01_c06"",""r01_c07""],""poor_cells"":[],""severe_cells"":[],""area_bins"":{""fair"":4,""poor"":0,""severe"":0},""row_condition_profile"":[1,1,0,0,0,0,0,0]}"
corr_a2583eee552e574a,"{""affected_cells"":[""r00_c01"",""r00_c02"",""r00_c03"",""r00_c04"",""r00_c05"",""r00_c06"",""r00_c07"",""r01_c01"",""r01_c02"",""r01_c03"",""r01_c04"",""r01_c05"",""r01_c06"",""r01_c07"",""r02_c01"",""r02_c02"",""r02_c03"",""r02_c04"",""r02_c05"",""r02_c07"",""r03_c02"",""r03_c03"",""r03_c04"",""r03_c05"",""r04_c02"",""r04_c03"",""r04_c04"",""r04_c05"",""r05_c00"",""r05_c01"",""r05_c02"",""r05_c03"",""r05_c04"",""r05_c05"",""r06_c00"",""r06_c01"",""r06_c02"",""r06_c03"",""r06_c04"",""r06_c05""],""fair_cells"":[""r00_c01"",""r00_c02"",""r00_c03"",""r00_c04"",""r00_c05"",""r00_c06"",""r00_c07"",""r01_c01"",""r01_c02"",""r01_c03"",""r01_c04"",""r01_c05"",""r01_c06"",""r01_c07"",""r02_c01"",""r02_c02"",""r02_c03"",""r02_c04"",""r02_c05"",""r02_c07"",""r03_c02"",""r03_c03"",""r03_c04"",""r03_c05"",""r04_c02"",""r04_c03"",""r04_c04"",""r04_c05"",""r05_c00"",""r05_c01"",""r05_c02"",""r05_c03"",""r05_c04"",""r05_c05"",""r06_c00"",""r06_c01"",""r06_c02"",""r06_c03"",""r06_c04"",""r06_c05""],""poor_cells"":[""r00_c04"",""r00_c05"",""r00_c06"",""r00_c07"",""r01_c04"",""r02_c04"",""r03_c04"",""r04_c03"",""r04_c04"",""r05_c03"",""r05_c04"",""r06_c02"",""r06_c03"",""r06_c04""],""severe_cells"":[],""area_bins"":{""fair"":9,""poor"":7,""severe"":0},""row_condition_profile"":[4,4,4,4,4,4,4,0]}"
corr_a258c344e8ce121d,"{""affected_cells"":[""r00_c00"",""r00_c01"",""r00_c02"",""r00_c03"",""r00_c04"",""r00_c05"",""r01_c00"",""r01_c01"",""r01_c02"",""r01_c03"",""r01_c04"",""r01_c05"",""r02_c00"",""r02_c01"",""r02_c02"",""r02_c03"",""r02_c04"",""r02_c05"",""r03_c00"",""r03_c01"",""r03_c02"",""r03_c03"",""r03_c04"",""r03_c05"",""r04_c00"",""r04_c01"",""r04_c02"",""r04_c03"",""r04_c04"",""r04_c05"",""r04_c06"",""r05_c00"",""r05_c01"",""r05_c02"",""r05_c03"",""r05_c04"",""r05_c05"",""r05_c06"",""r06_c00"",""r06_c01"",""r06_c02"",""r06_c03"",""r06_c04"",""r06_c05"",""r06_c06""],""fair_cells"":[""r01_c05"",""r02_c02"",""r02_c03"",""r02_c05"",""r03_c02""],""poor_cells"":[""r00_c00"",""r00_c01"",""r00_c02"",""r00_c03"",""r00_c04"",""r00_c05"",""r01_c00""],""severe_cells"":[""r00_c00"",""r00_c01"",""r00_c02"",""r00_c03"",""r00_c04"",""r00_c05"",""r01_c00"",""r01_c01"",""r01_c02"",""r01_c03"",""r01_c04"",""r01_c05"",""r02_c00"",""r02_c01"",""r02_c02"",""r02_c03"",""r02_c04"",""r02_c05"",""r03_c00"",""r03_c01"",""r03_c02"",""r03_c03"",""r03_c04"",""r03_c05"",""r04_c00"",""r04_c01"",""r04_c02"",""r04_c03"",""r04_c04"",""r04_c05"",""r04_c06"",""r05_c00"",""r05_c01"",""r05_c02"",""r05_c03"",""r05_c04"",""r05_c05"",""r05_c06"",""r06_c00"",""r06_c01"",""r06_c02"",""r06_c03"",""r06_c04"",""r06_c05"",""r06_c06""],""area_bins"":{""fair"":2,""poor"":7,""severe"":9},""row_condition_profile"":[4,4,4,4,3,3,3,0]}"
corr_a2809699e3145b99,"{""affected_cells"":[""r00_c06"",""r01_c03"",""r02_c03"",""r03_c01"",""r03_c02"",""r03_c03"",""r03_c04"",""r03_c06"",""r03_c07"",""r04_c00"",""r04_c01"",""r04_c02"",""r04_c03"",""r04_c04"",""r04_c05"",""r04_c06"",""r05_c00"",""r05_c01"",""r05_c02"",""r05_c03"",""r05_c04"",""r05_c05"",""r05_c06"",""r06_c00"",""r06_c01"",""r06_c02"",""r06_c03"",""r06_c04"",""r06_c05""],""fair_cells"":[""r00_c06"",""r01_c03"",""r02_c03"",""r03_c01"",""r03_c02"",""r03_c03"",""r03_c04"",""r03_c06"",""r03_c07"",""r04_c00"",""r04_c01"",""r04_c02"",""r04_c03"",""r04_c04"",""r04_c05"",""r04_c06"",""r05_c00"",""r05_c01"",""r05_c02"",""r05_c03"",""r06_c00"",""r06_c01"",""r06_c02""],""poor_cells"":[""r03_c06"",""r03_c07"",""r04_c04"",""r04_c05"",""r04_c06"",""r05_c03"",""r05_c04"",""r05_c05"",""r05_c06"",""r06_c02"",""r06_c03"",""r06_c04"",""r06_c05""],""severe_cells"":[],""area_bins"":{""fair"":9,""poor"":9,""severe"":0},""row_condition_profile"":[1,1,1,4,4,4,4,0]}"
corr_a4bd50cefce83d81,"{""affected_cells"":[""r02_c03"",""r02_c04"",""r02_c05"",""r02_c06"",""r02_c07"",""r03_c03"",""r03_c04"",""r03_c05"",""r03_c06"",""r03_c07"",""r04_c03"",""r04_c04"",""r04_c05"",""r04_c06"",""r04_c07"",""r05_c03"",""r05_c04"",""r05_c05"",""r05_c06"",""r05_c07"",""r06_c03"",""r06_c04""],""fair_cells"":[""r02_c03"",""r02_c04"",""r02_c05"",""r02_c06"",""r02_c07"",""r03_c03"",""r03_c04"",""r03_c05"",""r03_c06"",""r03_c07"",""r04_c03"",""r04_c04"",""r04_c05"",""r04_c06"",""r04_c07"",""r05_c03"",""r05_c04"",""r05_c07"",""r06_c03"",""r06_c04""],""poor_cells"":[""r04_c03"",""r04_c04"",""r04_c05"",""r04_c06"",""r04_c07"",""r05_c03"",""r05_c04"",""r05_c05"",""r05_c06"",""r05_c07""],""severe_cells"":[],""area_bins"":{""fair"":6,""poor"":6,""severe"":0},""row_condition_profile"":[0,0,1,1,4,4,1,0]}"
corr_a5519c2d93de140c,"{""affected_cells"":[""r00_c01"",""r00_c02"",""r00_c03"",""r00_c04"",""r00_c05"",""r00_c06"",""r00_c07"",""r01_c00"",""r01_c01"",""r01_c02"",""r01_c03"",""r01_c04"",""r01_c05"",""r01_c06"",""r01_c07"",""r02_c00"",""r02_c01"",""r02_c02"",""r02_c03"",""r02_c05"",""r02_c06"",""r02_c07"",""r03_c00"",""r03_c01"",""r03_c02"",""r03_c03"",""r03_c04"",""r03_c05"",""r03_c06"",""r03_c07"",""r04_c00"",""r04_c01"",""r04_c02"",""r04_c03"",""r04_c04"",""r04_c05"",""r04_c06"",""r04_c07"",""r05_c00"",""r05_c01"",""r05_c02"",""r05_c03"",""r05_c04"",""r05_c05"",""r05_c06"",""r05_c07"",""r06_c01"",""r06_c02"",""r06_c03"",""r06_c04"",""r06_c05"",""r06_c06"",""r06_c07""],""fair_cells"":[""r00_c01"",""r00_c02"",""r00_c06"",""r00_c07"",""r01_c00"",""r01_c01"",""r01_c02"",""r01_c05"",""r01_c06"",""r01_c07"",""r02_c00"",""r02_c01"",""r02_c02"",""r02_c05"",""r02_c06"",""r02_c07"",""r03_c00"",""r03_c01"",""r03_c02"",""r03_c03"",""r03_c04"",""r03_c05"",""r03_c06"",""r03_c07"",""r04_c00"",""r04_c01"",""r04_c02"",""r04_c03"",""r04_c04"",""r04_c05"",""r04_c06"",""r04_c07"",""r05_c00"",""r05_c01"",""r05_c02"",""r05_c03"",""r05_c04"",""r05_c05"",""r05_c06"",""r05_c07"",""r06_c02"",""r06_c04"",""r06_c05"",""r06_c06"",""r06_c07""],""poor_cells"":[""r00_c02"",""r00_c03"",""r00_c04"",""r00_c05"",""r01_c02"",""r01_c03"",""r01_c04"",""r01_c05"",""r02_c01"",""r02_c02"",""r02_c03"",""r03_c00"",""r03_c01"",""r03_c02"",""r04_c00"",""r04_c01"",""r04_c02"",""r05_c00"",""r05_c01"",""r05_c02"",""r05_c03"",""r05_c04"",""r05_c05"",""r05_c06"",""r05_c07"",""r06_c01"",""r06_c02"",""r06_c03"",""r06_c04"",""r06_c05"",""r06_c06"",""r06_c07""],""severe_cells"":[],""area_bins"":{""fair"":9,""poor"":9,""severe"":0},""row_condition_profile"":[4,4,4,4,4,4,4,0]}"
corr_a6cc35790736b1cd,"{""affected_cells"":[],""fair_cells"":[],""poor_cells"":[],""severe_cells"":[],""area_bins"":{""fair"":0,""poor"":0,""severe"":0},""row_condition_profile"":[0,0,0,0,0,0,0,0]}"
corr_a72f634860b5be56,"{""affected_cells"":[""r00_c00"",""r00_c01"",""r00_c02"",""r00_c03"",""r00_c04"",""r01_c00"",""r01_c01"",""r01_c02"",""r01_c03"",""r01_c04"",""r01_c05"",""r02_c00"",""r02_c01"",""r02_c02"",""r02_c03"",""r02_c04"",""r02_c05"",""r03_c01"",""r03_c02"",""r03_c03"",""r03_c04"",""r03_c05"",""r04_c01"",""r04_c02"",""r05_c02"",""r05_c03"",""r06_c03""],""fair_cells"":[""r00_c00"",""r00_c01"",""r00_c02"",""r00_c03"",""r00_c04"",""r01_c00"",""r01_c01"",""r01_c02"",""r01_c03"",""r01_c04"",""r01_c05"",""r02_c00"",""r02_c01"",""r02_c02"",""r02_c03"",""r02_c04"",""r02_c05"",""r03_c01"",""r03_c02"",""r03_c03"",""r03_c04"",""r03_c05"",""r04_c01"",""r04_c02"",""r05_c02"",""r05_c03"",""r06_c03""],""poor_cells"":[""r00_c02"",""r00_c03"",""r01_c02""],""severe_cells"":[],""area_bins"":{""fair"":9,""poor"":1,""severe"":0},""row_condition_profile"":[4,4,1,1,1,1,1,0]}"
corr_a75d5613b8fae80d,"{""affected_cells"":[""r00_c01"",""r00_c02"",""r01_c01"",""r01_c02"",""r02_c01"",""r02_c02"",""r02_c07"",""r03_c00"",""r03_c01"",""r03_c02"",""r03_c05"",""r03_c06"",""r03_c07"",""r04_c00"",""r04_c01"",""r04_c02"",""r04_c04"",""r04_c05"",""r04_c06"",""r04_c07"",""r05_c00"",""r05_c01"",""r05_c02"",""r05_c05"",""r05_c06"",""r05_c07"",""r06_c01"",""r06_c02"",""r06_c04"",""r06_c05"",""r06_c06""],""fair_cells"":[""r00_c01"",""r00_c02"",""r01_c01"",""r01_c02"",""r02_c01"",""r02_c02"",""r02_c07"",""r03_c00"",""r03_c01"",""r03_c02"",""r03_c05"",""r03_c06"",""r03_c07"",""r04_c00"",""r04_c01"",""r04_c02"",""r04_c04"",""r04_c05"",""r04_c06"",""r04_c07"",""r05_c00"",""r05_c01"",""r05_c02"",""r05_c05"",""r05_c06"",""r05_c07"",""r06_c01"",""r06_c02"",""r06_c04"",""r06_c05"",""r06_c06""],""poor_cells"":[""r04_c00""],""severe_cells"":[],""area_bins"":{""fair"":9,""poor"":3,""severe"":0},""row_condition_profile"":[1,1,1,1,4,1,1,0]}"
corr_a95ce5cae14c2735,"{""affected_cells"":[""r00_c06"",""r00_c07"",""r01_c05"",""r01_c06"",""r01_c07"",""r02_c05"",""r02_c06"",""r02_c07"",""r03_c04"",""r03_c05"",""r03_c06"",""r03_c07"",""r04_c04"",""r04_c05"",""r04_c06"",""r04_c07"",""r05_c04"",""r05_c05"",""r05_c06"",""r05_c07"",""r06_c06"",""r06_c07""],""fair_cells"":[""r00_c06"",""r00_c07"",""r01_c06"",""r01_c07"",""r03_c04"",""r04_c04"",""r05_c04""],""poor_cells"":[""r00_c06"",""r00_c07"",""r01_c05"",""r01_c06"",""r01_c07"",""r02_c05"",""r02_c06"",""r02_c07""],""severe_cells"":[""r02_c06"",""r03_c05"",""r03_c06"",""r03_c07"",""r04_c05"",""r04_c06"",""r04_c07"",""r05_c05"",""r05_c06"",""r05_c07"",""r06_c06"",""r06_c07""],""area_bins"":{""fair"":6,""poor"":8,""severe"":1},""row_condition_profile"":[4,4,4,4,4,4,3,0]}"
corr_a9a115f2bf1a7fb7,"{""affected_cells"":[""r00_c02"",""r00_c03"",""r00_c04"",""r01_c02"",""r01_c03"",""r01_c04"",""r02_c02"",""r02_c03"",""r02_c04"",""r02_c05"",""r03_c01"",""r03_c02"",""r03_c03"",""r03_c04"",""r03_c05"",""r03_c06"",""r03_c07"",""r04_c02"",""r04_c03"",""r04_c04"",""r04_c05"",""r04_c06"",""r04_c07"",""r05_c03"",""r05_c04"",""r05_c05"",""r05_c06"",""r05_c07"",""r06_c04"",""r06_c05"",""r06_c06"",""r06_c07""],""fair_cells"":[""r00_c02"",""r00_c03"",""r00_c04"",""r01_c02"",""r01_c03"",""r01_c04"",""r02_c02"",""r02_c03"",""r02_c04"",""r02_c05"",""r03_c01"",""r03_c02"",""r03_c03"",""r03_c04"",""r03_c05"",""r03_c06"",""r03_c07"",""r04_c02"",""r04_c03"",""r04_c04"",""r04_c05"",""r04_c06"",""r04_c07"",""r05_c03"",""r05_c04"",""r05_c05"",""r05_c06"",""r05_c07"",""r06_c04"",""r06_c05"",""r06_c06"",""r06_c07""],""poor_cells"":[""r03_c06"",""r04_c06"",""r04_c07""],""severe_cells"":[],""area_bins"":{""fair"":8,""poor"":1,""severe"":0},""row_condition_profile"":[1,1,1,4,4,1,1,0]}"
corr_aa76f5367ce8afcc,"{""affected_cells"":[""r00_c00"",""r00_c01"",""r00_c02"",""r00_c03"",""r00_c04"",""r00_c05"",""r00_c06"",""r00_c07"",""r01_c00"",""r01_c01"",""r01_c02"",""r01_c03"",""r01_c04"",""r01_c05"",""r01_c06"",""r01_c07"",""r02_c00"",""r02_c01"",""r02_c02"",""r02_c03"",""r02_c04"",""r02_c05"",""r02_c06"",""r02_c07"",""r03_c00"",""r03_c01"",""r03_c02"",""r03_c03"",""r03_c04"",""r03_c05"",""r03_c06"",""r03_c07"",""r04_c00"",""r04_c01"",""r04_c02"",""r04_c03"",""r04_c04"",""r04_c05"",""r04_c06"",""r04_c07"",""r05_c00"",""r05_c01"",""r05_c02"",""r05_c03"",""r05_c04"",""r05_c05"",""r05_c06"",""r05_c07"",""r06_c01"",""r06_c05"",""r06_c06"",""r06_c07""],""fair_cells"":[""r00_c00"",""r00_c01"",""r00_c03"",""r00_c04"",""r00_c05"",""r00_c06"",""r00_c07"",""r01_c00"",""r01_c01"",""r01_c02"",""r01_c03"",""r01_c04"",""r01_c05"",""r01_c06"",""r01_c07"",""r02_c00"",""r02_c01"",""r02_c02"",""r02_c03"",""r02_c04"",""r02_c05"",""r02_c06"",""r02_c07"",""r03_c00"",""r03_c01"",""r03_c02"",""r03_c03"",""r03_c04"",""r03_c05"",""r03_c06"",""r03_c07"",""r04_c00"",""r04_c01"",""r04_c02"",""r04_c03"",""r04_c04"",""r04_c05"",""r04_c06"",""r04_c07"",""r05_c00"",""r05_c01"",""r05_c02"",""r05_c03"",""r05_c04"",""r05_c05"",""r05_c06"",""r05_c07"",""r06_c01"",""r06_c05"",""r06_c06"",""r06_c07""],""poor_cells"":[""r00_c00"",""r00_c01"",""r00_c02"",""r00_c03"",""r01_c01"",""r01_c02"",""r01_c03"",""r02_c02"",""r05_c04"",""r05_c05""],""severe_cells"":[],""area_bins"":{""fair"":9,""poor"":8,""severe"":0},""row_condition_profile"":[4,4,4,1,1,4,1,0]}"
corr_ab5d59ed9a629716,"{""affected_cells"":[""r00_c00"",""r00_c01"",""r00_c02"",""r00_c03"",""r00_c04"",""r01_c00"",""r01_c01"",""r01_c02"",""r01_c03"",""r01_c04"",""r01_c05"",""r02_c02"",""r03_c00"",""r03_c01"",""r03_c02"",""r03_c03"",""r04_c00"",""r04_c01"",""r04_c02"",""r04_c03"",""r05_c00"",""r05_c01"",""r05_c02"",""r06_c00"",""r06_c01"",""r06_c02""],""fair_cells"":[""r00_c00"",""r00_c01"",""r00_c02"",""r01_c00"",""r01_c01"",""r01_c02"",""r05_c00"",""r05_c01"",""r05_c02"",""r06_c00"",""r06_c01"",""r06_c02""],""poor_cells"":[""r00_c02"",""r00_c03"",""r00_c04"",""r01_c02"",""r01_c03"",""r01_c04"",""r01_c05"",""r04_c00"",""r05_c00"",""r05_c01"",""r05_c02""],""severe_cells"":[""r02_c02"",""r03_c00"",""r03_c01"",""r03_c02"",""r03_c03"",""r04_c01"",""r04_c02"",""r04_c03""],""area_bins"":{""fair"":6,""poor"":8,""severe"":1},""row_condition_profile"":[4,4,3,3,4,4,1,0]}"
corr_ab9ce4483925c2de,"{""affected_cells"":[""r00_c00"",""r00_c01"",""r00_c02"",""r00_c03"",""r00_c04"",""r00_c05"",""r00_c06"",""r00_c07"",""r01_c00"",""r01_c01"",""r01_c02"",""r01_c03"",""r01_c04"",""r01_c05"",""r01_c06"",""r01_c07"",""r02_c00"",""r02_c02"",""r02_c03"",""r02_c04"",""r03_c02"",""r03_c03"",""r03_c04"",""r04_c02"",""r04_c04""],""fair_cells"":[""r00_c00"",""r00_c01"",""r00_c02"",""r00_c03"",""r00_c04"",""r00_c05"",""r00_c06"",""r00_c07"",""r01_c00"",""r01_c01"",""r01_c02"",""r01_c03"",""r01_c04"",""r01_c05"",""r01_c06"",""r01_c07"",""r02_c00"",""r02_c02"",""r02_c03"",""r02_c04"",""r03_c02"",""r03_c03"",""r03_c04"",""r04_c02"",""r04_c04""],""poor_cells"":[""r02_c02"",""r02_c03"",""r02_c04"",""r03_c03"",""r03_c04""],""severe_cells"":[],""area_bins"":{""fair"":8,""poor"":6,""severe"":0},""row_condition_profile"":[1,1,4,4,1,0,0,0]}"
corr_abba9ad439589ca1,"{""affected_cells"":[""r00_c00"",""r00_c01"",""r00_c02"",""r00_c03"",""r00_c04"",""r00_c05"",""r01_c00"",""r01_c01"",""r01_c02"",""r01_c03"",""r01_c04"",""r01_c05"",""r02_c00"",""r02_c01"",""r02_c02"",""r02_c03"",""r02_c04"",""r02_c05"",""r03_c01"",""r03_c02"",""r03_c03"",""r03_c04"",""r03_c05"",""r04_c02"",""r04_c03"",""r04_c04"",""r04_c05"",""r05_c03"",""r05_c04"",""r05_c05"",""r06_c03"",""r06_c04"",""r06_c05""],""fair_cells"":[""r00_c02"",""r00_c03"",""r00_c04"",""r00_c05"",""r01_c02"",""r01_c03"",""r01_c04"",""r01_c05"",""r02_c03"",""r02_c04"",""r02_c05"",""r04_c03"",""r04_c04"",""r05_c04"",""r06_c04"",""r06_c05""],""poor_cells"":[""r00_c00"",""r00_c01"",""r00_c02"",""r00_c03"",""r00_c04"",""r01_c00"",""r01_c01"",""r01_c02"",""r02_c00"",""r02_c01"",""r02_c02"",""r02_c03"",""r02_c04"",""r02_c05"",""r03_c01"",""r03_c02"",""r03_c03"",""r03_c04"",""r03_c05"",""r04_c02"",""r04_c03"",""r04_c04"",""r04_c05"",""r05_c03"",""r05_c05"",""r06_c03"",""r06_c04"",""r06_c05""],""severe_cells"":[""r00_c01"",""r01_c00"",""r01_c01"",""r01_c02""],""area_bins"":{""fair"":7,""poor"":9,""severe"":7},""row_condition_profile"":[4,4,4,2,4,4,4,0]}"
corr_abc124ab63807e87,"{""affected_cells"":[""r00_c00"",""r00_c01"",""r00_c02"",""r00_c03"",""r00_c04"",""r00_c05"",""r00_c06"",""r00_c07"",""r01_c00"",""r01_c01"",""r01_c02"",""r01_c03"",""r01_c04"",""r01_c05"",""r01_c06"",""r01_c07"",""r02_c00"",""r02_c01"",""r02_c02"",""r02_c03"",""r02_c04"",""r02_c05"",""r02_c07"",""r03_c00"",""r03_c01"",""r03_c02"",""r03_c03"",""r03_c04"",""r04_c00"",""r04_c01"",""r04_c02"",""r04_c03"",""r05_c00"",""r05_c01"",""r05_c02"",""r06_c00"",""r06_c01""],""fair_cells"":[""r00_c00"",""r00_c01"",""r00_c02"",""r00_c03"",""r00_c04"",""r00_c05"",""r00_c06"",""r00_c07"",""r01_c00"",""r01_c01"",""r01_c02"",""r01_c03"",""r01_c04"",""r01_c05"",""r01_c06"",""r01_c07"",""r02_c01"",""r02_c02"",""r02_c03"",""r02_c04"",""r02_c05"",""r02_c07"",""r03_c02"",""r03_c03"",""r03_c04"",""r04_c03""],""poor_cells"":[""r00_c00"",""r00_c01"",""r01_c00"",""r01_c01"",""r02_c00"",""r02_c01"",""r02_c02"",""r03_c02""],""severe_cells"":[""r02_c00"",""r02_c01"",""r03_c00"",""r03_c01"",""r03_c02"",""r04_c00"",""r04_c01"",""r04_c02"",""r05_c00"",""r05_c01"",""r05_c02"",""r06_c00"",""r06_c01""],""area_bins"":{""fair"":9,""poor"":7,""severe"":1},""row_condition_profile"":[4,4,4,4,4,3,3,0]}"
corr_abe4f08d77a0bdbe,"{""affected_cells"":[""r00_c01"",""r00_c02"",""r00_c04"",""r00_c05"",""r00_c06"",""r00_c07"",""r01_c00"",""r01_c01"",""r01_c02"",""r01_c03"",""r01_c04"",""r01_c05"",""r01_c06"",""r01_c07"",""r02_c00"",""r02_c01"",""r02_c02"",""r02_c03"",""r02_c04"",""r02_c05"",""r02_c06"",""r02_c07"",""r03_c00"",""r03_c01"",""r03_c02"",""r03_c03"",""r03_c04"",""r03_c05"",""r03_c06"",""r03_c07"",""r04_c00"",""r04_c01"",""r04_c02"",""r04_c03"",""r04_c04"",""r04_c05"",""r04_c06"",""r04_c07"",""r05_c00"",""r05_c01"",""r05_c07""],""fair_cells"":[""r00_c01"",""r00_c02"",""r00_c04"",""r00_c05"",""r00_c06"",""r00_c07"",""r01_c00"",""r01_c01"",""r01_c02"",""r01_c03"",""r01_c04"",""r01_c05"",""r01_c06"",""r01_c07"",""r02_c00"",""r02_c01"",""r02_c02"",""r02_c03"",""r02_c04"",""r02_c05"",""r02_c06"",""r02_c07"",""r03_c03"",""r03_c04"",""r03_c05"",""r03_c06"",""r03_c07"",""r04_c04"",""r04_c05"",""r04_c06"",""r04_c07"",""r05_c07""],""poor_cells"":[""r01_c00"",""r01_c01"",""r01_c02"",""r01_c04"",""r01_c05"",""r01_c06"",""r01_c07"",""r02_c00"",""r02_c01"",""r02_c02"",""r02_c03"",""r02_c04"",""r02_c05"",""r02_c06"",""r02_c07"",""r03_c00"",""r03_c01"",""r03_c02"",""r03_c03"",""r03_c04"",""r03_c05"",""r03_c06"",""r03_c07"",""r04_c00"",""r04_c01"",""r04_c02"",""r04_c03"",""r04_c04"",""r05_c00"",""r05_c01""],""severe_cells"":[""r00_c04"",""r00_c05""],""area_bins"":{""fair"":8,""poor"":9,""severe"":1},""row_condition_profile"":[4,4,4,4,4,4,0,0]}"
corr_ad57621af3d8223e,"{""affected_cells"":[""r00_c03"",""r00_c04"",""r00_c05"",""r00_c06"",""r00_c07"",""r01_c03"",""r01_c04"",""r01_c05"",""r01_c06"",""r01_c07"",""r02_c03"",""r02_c04"",""r02_c05"",""r02_c06"",""r02_c07"",""r03_c03"",""r03_c04"",""r03_c05"",""r03_c06"",""r03_c07"",""r04_c07""],""fair_cells"":[""r00_c03"",""r00_c04"",""r00_c05"",""r00_c06"",""r00_c07"",""r01_c03"",""r01_c04"",""r01_c05"",""r01_c06"",""r01_c07"",""r02_c05"",""r02_c06"",""r02_c07""],""poor_cells"":[""r00_c03"",""r00_c04"",""r01_c03"",""r01_c04"",""r01_c05"",""r02_c03"",""r02_c04"",""r02_c05"",""r02_c06"",""r02_c07"",""r03_c04"",""r03_c05"",""r03_c06"",""r03_c07"",""r04_c07""],""severe_cells"":[""r02_c03"",""r03_c03""],""area_bins"":{""fair"":7,""poor"":9,""severe"":1},""row_condition_profile"":[4,4,4,4,2,0,0,0]}"
corr_ad9cbb5c9348e7da,"{""affected_cells"":[""r00_c00"",""r00_c01"",""r00_c02"",""r00_c03"",""r00_c04"",""r00_c05"",""r01_c00"",""r01_c01"",""r01_c02"",""r01_c03"",""r01_c04"",""r01_c05"",""r02_c01"",""r02_c02"",""r02_c03"",""r03_c00"",""r03_c01"",""r03_c02"",""r03_c03"",""r03_c04"",""r03_c05"",""r03_c06"",""r04_c00"",""r04_c01"",""r04_c02"",""r04_c03"",""r04_c04"",""r04_c05"",""r04_c06"",""r04_c07"",""r05_c00"",""r05_c01"",""r05_c02"",""r05_c03"",""r05_c04"",""r05_c05"",""r05_c06"",""r05_c07"",""r06_c00"",""r06_c01"",""r06_c02"",""r06_c03"",""r06_c04"",""r06_c05"",""r06_c06"",""r06_c07""],""fair_cells"":[""r00_c00"",""r00_c01"",""r00_c02"",""r00_c03"",""r00_c04"",""r00_c05"",""r01_c00"",""r01_c01"",""r01_c02"",""r01_c03"",""r01_c04"",""r01_c05"",""r02_c01"",""r02_c02"",""r02_c03"",""r03_c00"",""r03_c01"",""r03_c02"",""r03_c03"",""r03_c04"",""r03_c05"",""r03_c06"",""r04_c00"",""r04_c01"",""r04_c02"",""r04_c03"",""r04_c04"",""r04_c05"",""r04_c06"",""r04_c07"",""r05_c00"",""r05_c01"",""r05_c02"",""r05_c03"",""r05_c04"",""r05_c05"",""r05_c07"",""r06_c02"",""r06_c03"",""r06_c04""],""poor_cells"":[""r00_c01"",""r01_c01"",""r01_c02"",""r02_c01"",""r02_c02"",""r03_c01"",""r03_c02"",""r04_c00"",""r04_c01"",""r04_c02"",""r04_c05"",""r04_c06"",""r04_c07"",""r05_c00"",""r05_c01"",""r05_c02"",""r05_c03"",""r05_c04"",""r05_c05"",""r05_c06"",""r05_c07"",""r06_c00"",""r06_c01"",""r06_c02"",""r06_c03"",""r06_c04"",""r06_c05"",""r06_c06"",""r06_c07""],""severe_cells"":[""r05_c02"",""r06_c01"",""r06_c02""],""area_bins"":{""fair"":9,""poor"":8,""severe"":1},""row_condition_profile"":[4,4,4,4,4,4,4,0]}"
corr_adcd13001866bedc,"{""affected_cells"":[""r00_c00"",""r00_c01"",""r00_c02"",""r00_c03"",""r00_c04"",""r00_c05"",""r00_c06"",""r00_c07"",""r01_c00"",""r01_c01"",""r01_c02"",""r01_c03"",""r01_c04"",""r01_c05"",""r01_c06"",""r01_c07"",""r02_c00"",""r02_c01"",""r02_c02"",""r02_c03"",""r02_c04"",""r02_c05"",""r02_c06"",""r02_c07"",""r03_c00"",""r03_c01"",""r03_c02"",""r03_c03"",""r03_c04"",""r03_c05"",""r03_c06"",""r03_c07"",""r04_c00"",""r04_c01"",""r04_c02"",""r04_c03"",""r04_c04"",""r04_c05"",""r04_c06"",""r04_c07"",""r05_c00"",""r05_c01"",""r05_c02"",""r05_c03"",""r05_c04"",""r05_c05"",""r05_c06"",""r05_c07"",""r06_c00"",""r06_c01"",""r06_c02"",""r06_c03"",""r06_c04"",""r06_c05"",""r06_c06"",""r06_c07""],""fair_cells"":[""r00_c00"",""r00_c01"",""r00_c02"",""r00_c03"",""r00_c04"",""r00_c05"",""r00_c06"",""r00_c07"",""r01_c00"",""r01_c01"",""r01_c02"",""r01_c03"",""r01_c04"",""r01_c05"",""r01_c06"",""r01_c07"",""r02_c00"",""r02_c01"",""r02_c02"",""r02_c03"",""r02_c04"",""r02_c05"",""r02_c06"",""r02_c07"",""r03_c00"",""r03_c01"",""r03_c02"",""r03_c03"",""r03_c04"",""r03_c05"",""r03_c06"",""r03_c07"",""r04_c00"",""r04_c01"",""r04_c02"",""r04_c03"",""r04_c04"",""r04_c05"",""r04_c06"",""r04_c07"",""r05_c02"",""r05_c03"",""r05_c04"",""r05_c05"",""r05_c06"",""r05_c07"",""r06_c02"",""r06_c03"",""r06_c04"",""r06_c05"",""r06_c06"",""r06_c07""],""poor_cells"":[""r04_c00"",""r05_c00"",""r05_c01"",""r06_c00"",""r06_c01""],""severe_cells"":[],""area_bins"":{""fair"":9,""poor"":1,""severe"":0},""row_condition_profile"":[1,1,1,1,4,4,4,0]}"
corr_add3e64f4410f966,"{""affected_cells"":[""r00_c00"",""r00_c01"",""r00_c02"",""r00_c03"",""r00_c04"",""r00_c05"",""r00_c06"",""r01_c00"",""r01_c01"",""r01_c02"",""r01_c03"",""r01_c04"",""r01_c05"",""r01_c06"",""r02_c01"",""r02_c02"",""r02_c03"",""r02_c05"",""r02_c06"",""r02_c07"",""r03_c02"",""r03_c03"",""r04_c00"",""r04_c01"",""r04_c02"",""r04_c03"",""r04_c04"",""r05_c00"",""r05_c01"",""r05_c02"",""r05_c03"",""r05_c04"",""r06_c00"",""r06_c01"",""r06_c02"",""r06_c03"",""r06_c04""],""fair_cells"":[""r00_c00"",""r00_c01"",""r00_c02"",""r00_c03"",""r00_c04"",""r00_c05"",""r00_c06"",""r01_c00"",""r01_c01"",""r01_c02"",""r01_c03"",""r01_c04"",""r01_c05"",""r01_c06"",""r02_c01"",""r02_c02"",""r02_c03"",""r02_c05"",""r02_c06"",""r02_c07"",""r03_c02"",""r03_c03"",""r04_c00"",""r04_c01"",""r04_c02"",""r04_c03"",""r04_c04"",""r05_c00"",""r05_c01"",""r05_c02"",""r05_c03"",""r05_c04"",""r06_c00"",""r06_c01"",""r06_c02"",""r06_c03"",""r06_c04""],""poor_cells"":[],""severe_cells"":[],""area_bins"":{""fair"":7,""poor"":0,""severe"":0},""row_condition_profile"":[1,1,1,1,1,1,1,0]}"
corr_af2bbb52973ff6ff,"{""affected_cells"":[""r00_c04"",""r00_c05"",""r00_c06"",""r00_c07"",""r01_c04"",""r01_c05"",""r01_c06"",""r01_c07"",""r02_c03"",""r02_c04"",""r02_c05"",""r02_c06"",""r02_c07"",""r03_c02"",""r03_c03"",""r03_c04"",""r03_c05"",""r03_c06"",""r03_c07"",""r04_c01"",""r04_c02"",""r04_c03"",""r04_c04"",""r04_c05"",""r04_c06"",""r04_c07"",""r05_c03"",""r05_c04"",""r05_c06"",""r05_c07"",""r06_c04"",""r06_c05"",""r06_c06"",""r06_c07""],""fair_cells"":[""r00_c04"",""r00_c05"",""r00_c07"",""r01_c04"",""r01_c05"",""r02_c03"",""r02_c04"",""r02_c05"",""r02_c06"",""r03_c02"",""r03_c03"",""r03_c04"",""r03_c05"",""r03_c06"",""r03_c07"",""r04_c01"",""r04_c02"",""r04_c03"",""r04_c04"",""r04_c05"",""r04_c06"",""r04_c07"",""r05_c03"",""r05_c04"",""r05_c06"",""r05_c07"",""r06_c04"",""r06_c05"",""r06_c06"",""r06_c07""],""poor_cells"":[""r00_c05"",""r00_c06"",""r00_c07"",""r01_c05"",""r01_c06"",""r01_c07"",""r02_c06"",""r02_c07"",""r03_c07"",""r04_c07"",""r05_c07"",""r06_c07""],""severe_cells"":[],""area_bins"":{""fair"":9,""poor"":6,""severe"":0},""row_condition_profile"":[4,4,4,4,4,4,4,0]}"
corr_af3e91650958fe91,"{""affected_cells"":[""r00_c00"",""r00_c01"",""r00_c02"",""r00_c03"",""r00_c04"",""r00_c05"",""r00_c06"",""r00_c07"",""r01_c00"",""r01_c01"",""r01_c02"",""r01_c03"",""r01_c04"",""r01_c05"",""r02_c00"",""r02_c01"",""r02_c02"",""r02_c03"",""r02_c04"",""r02_c05"",""r02_c06"",""r02_c07"",""r03_c00"",""r03_c01"",""r03_c02"",""r03_c03"",""r03_c04"",""r03_c05"",""r03_c06"",""r03_c07"",""r04_c00"",""r04_c01"",""r04_c02"",""r04_c03"",""r05_c02""],""fair_cells"":[""r00_c00"",""r00_c01"",""r00_c05"",""r00_c06"",""r00_c07""],""poor_cells"":[""r00_c00"",""r00_c01"",""r00_c02"",""r00_c03"",""r00_c04"",""r00_c05"",""r00_c06"",""r00_c07"",""r01_c00"",""r01_c01"",""r01_c02"",""r01_c03"",""r01_c04"",""r01_c05"",""r02_c00"",""r02_c01"",""r02_c02"",""r02_c03"",""r02_c04"",""r02_c05"",""r02_c06"",""r02_c07"",""r03_c00"",""r03_c01"",""r03_c02"",""r03_c03"",""r03_c04"",""r03_c05"",""r03_c06"",""r03_c07"",""r04_c00"",""r04_c01"",""r04_c02"",""r04_c03"",""r05_c02""],""severe_cells"":[],""area_bins"":{""fair"":3,""poor"":9,""severe"":0},""row_condition_profile"":[4,2,2,2,2,2,0,0]}"
corr_afa33f8ab793e912,"{""affected_cells"":[""r00_c00"",""r00_c01"",""r00_c02"",""r00_c03"",""r00_c04"",""r00_c05"",""r00_c06"",""r00_c07"",""r01_c00"",""r01_c01"",""r01_c02"",""r01_c03"",""r01_c04"",""r01_c05"",""r01_c06"",""r01_c07"",""r02_c00"",""r02_c01"",""r02_c02"",""r02_c03"",""r02_c04"",""r02_c05"",""r02_c07"",""r03_c00"",""r03_c01"",""r03_c02"",""r03_c03"",""r03_c04"",""r03_c05"",""r03_c06"",""r03_c07"",""r04_c01"",""r04_c02"",""r04_c04"",""r04_c05"",""r04_c06"",""r04_c07""],""fair_cells"":[""r00_c02"",""r00_c03"",""r00_c04"",""r00_c05"",""r00_c06"",""r00_c07"",""r01_c04"",""r01_c05"",""r01_c06"",""r01_c07""],""poor_cells"":[""r00_c02"",""r00_c03"",""r00_c04"",""r00_c05"",""r00_c07"",""r01_c02"",""r01_c03"",""r01_c04"",""r01_c05"",""r01_c06"",""r01_c07"",""r02_c02"",""r02_c03"",""r02_c04"",""r02_c05"",""r02_c07"",""r03_c00"",""r03_c01"",""r03_c02"",""r03_c03"",""r03_c04"",""r03_c05"",""r03_c06"",""r03_c07"",""r04_c01"",""r04_c02"",""r04_c04"",""r04_c05"",""r04_c06"",""r04_c07""],""severe_cells"":[""r00_c00"",""r00_c01"",""r00_c02"",""r01_c00"",""r01_c01"",""r01_c02"",""r02_c00"",""r02_c01"",""r02_c02"",""r03_c00"",""r03_c01""],""area_bins"":{""fair"":6,""poor"":9,""severe"":7},""row_condition_profile"":[4,4,4,4,2,0,0,0]}"
corr_afc88872fff5a4fa,"{""affected_cells"":[""r00_c00"",""r00_c01"",""r00_c02"",""r00_c03"",""r00_c04"",""r00_c05"",""r00_c06"",""r00_c07"",""r01_c00"",""r01_c01"",""r01_c02"",""r01_c03"",""r01_c04"",""r01_c05"",""r01_c07"",""r02_c00"",""r02_c01"",""r02_c02"",""r02_c03"",""r02_c04"",""r02_c05"",""r02_c06"",""r02_c07"",""r03_c00"",""r03_c01"",""r03_c02"",""r03_c03"",""r03_c04"",""r03_c05"",""r03_c06"",""r03_c07"",""r04_c00"",""r04_c01"",""r04_c02"",""r04_c03"",""r04_c04"",""r04_c05"",""r04_c06"",""r04_c07"",""r05_c00"",""r05_c01"",""r05_c02"",""r05_c03"",""r05_c04"",""r05_c05"",""r05_c06"",""r05_c07"",""r06_c01"",""r06_c02"",""r06_c03"",""r06_c04"",""r06_c05"",""r06_c06"",""r06_c07""],""fair_cells"":[""r00_c02"",""r00_c03"",""r00_c04"",""r00_c05"",""r00_c06"",""r00_c07"",""r01_c03"",""r01_c04"",""r01_c05"",""r01_c07"",""r02_c00"",""r02_c04"",""r02_c05"",""r02_c06"",""r02_c07"",""r03_c00"",""r03_c01"",""r03_c03"",""r03_c04"",""r03_c05"",""r03_c06"",""r03_c07"",""r04_c00"",""r04_c01"",""r04_c03"",""r04_c04"",""r04_c05"",""r04_c06"",""r04_c07"",""r05_c00"",""r05_c03"",""r05_c04"",""r05_c05"",""r05_c06"",""r05_c07"",""r06_c03"",""r06_c04"",""r06_c05"",""r06_c06"",""r06_c07""],""poor_cells"":[""r00_c00"",""r00_c01"",""r00_c02"",""r00_c03"",""r01_c00"",""r01_c01"",""r01_c02"",""r01_c03"",""r02_c00"",""r02_c01"",""r02_c02"",""r02_c03"",""r02_c04"",""r02_c07"",""r03_c00"",""r03_c01"",""r03_c02"",""r03_c03"",""r03_c06"",""r03_c07"",""r04_c00"",""r04_c01"",""r04_c02"",""r04_c03"",""r05_c01"",""r05_c02"",""r05_c03"",""r05_c06"",""r05_c07"",""r06_c01"",""r06_c02"",""r06_c03"",""r06_c04"",""r06_c05"",""r06_c06"",""r06_c07""],""severe_cells"":[],""area_bins"":{""fair"":9,""poor"":9,""severe"":0},""row_condition_profile"":[4,4,4,4,4,4,4,0]}"
corr_b065b299f36345b1,"{""affected_cells"":[""r02_c00"",""r02_c01"",""r03_c00"",""r03_c01"",""r03_c02"",""r03_c03"",""r03_c04"",""r03_c05"",""r04_c00"",""r04_c01"",""r04_c02"",""r04_c03"",""r04_c04"",""r04_c05"",""r04_c06"",""r05_c00"",""r05_c01"",""r05_c02"",""r05_c03"",""r05_c04"",""r05_c05"",""r05_c06"",""r05_c07"",""r06_c01"",""r06_c02"",""r06_c03"",""r06_c04"",""r06_c05""],""fair_cells"":[""r02_c00"",""r02_c01"",""r03_c00"",""r03_c01"",""r03_c02"",""r03_c03"",""r03_c04"",""r03_c05"",""r04_c00"",""r04_c01"",""r04_c02"",""r04_c03"",""r04_c04"",""r04_c05"",""r04_c06"",""r05_c00"",""r05_c01"",""r05_c02"",""r05_c03"",""r05_c04"",""r05_c05"",""r05_c06"",""r05_c07"",""r06_c01"",""r06_c02"",""r06_c03"",""r06_c04"",""r06_c05""],""poor_cells"":[""r02_c00"",""r02_c01"",""r03_c00"",""r03_c01"",""r03_c02"",""r03_c03"",""r04_c01"",""r04_c02"",""r04_c03"",""r04_c04"",""r04_c05"",""r04_c06"",""r05_c04"",""r05_c05"",""r05_c06"",""r06_c04"",""r06_c05""],""severe_cells"":[],""area_bins"":{""fair"":8,""poor"":8,""severe"":0},""row_condition_profile"":[0,0,4,4,4,4,4,0]}"
corr_b0700c660a48ae41,"{""affected_cells"":[""r01_c06"",""r01_c07"",""r02_c01"",""r02_c02"",""r04_c01"",""r04_c02"",""r04_c03"",""r05_c00"",""r05_c01"",""r05_c02"",""r05_c03""],""fair_cells"":[""r01_c06"",""r01_c07"",""r02_c01"",""r02_c02"",""r04_c01"",""r04_c02"",""r04_c03"",""r05_c00"",""r05_c01"",""r05_c02"",""r05_c03""],""poor_cells"":[],""severe_cells"":[],""area_bins"":{""fair"":5,""poor"":0,""severe"":0},""row_condition_profile"":[0,1,1,0,1,1,0,0]}"
corr_b109d9dc0a01e90f,"{""affected_cells"":[""r01_c03"",""r01_c04"",""r02_c03"",""r02_c04"",""r03_c03"",""r03_c04"",""r04_c00"",""r04_c01"",""r04_c02"",""r04_c03"",""r04_c04"",""r04_c05"",""r04_c06"",""r04_c07"",""r05_c03"",""r05_c04"",""r05_c05"",""r05_c06"",""r05_c07"",""r06_c02"",""r06_c03"",""r06_c04"",""r06_c05"",""r06_c06"",""r06_c07""],""fair_cells"":[""r01_c03"",""r01_c04"",""r02_c03"",""r02_c04"",""r03_c03"",""r03_c04"",""r04_c00"",""r04_c01"",""r04_c02"",""r04_c03"",""r04_c04"",""r04_c05"",""r04_c06"",""r04_c07"",""r05_c03"",""r05_c04"",""r05_c05"",""r05_c06"",""r05_c07"",""r06_c02"",""r06_c03"",""r06_c04"",""r06_c05"",""r06_c06"",""r06_c07""],""poor_cells"":[""r06_c04"",""r06_c05"",""r06_c06""],""severe_cells"":[],""area_bins"":{""fair"":7,""poor"":1,""severe"":0},""row_condition_profile"":[0,1,1,1,1,1,4,0]}"
corr_b15f418fdf4162bd,"{""affected_cells"":[""r00_c02"",""r00_c04"",""r00_c05"",""r01_c02"",""r01_c04"",""r01_c05"",""r02_c02"",""r02_c03"",""r02_c04"",""r02_c05"",""r03_c02"",""r03_c04"",""r03_c05"",""r04_c04"",""r04_c05"",""r05_c04"",""r05_c05"",""r05_c07"",""r06_c02"",""r06_c03"",""r06_c04"",""r06_c05"",""r06_c06"",""r06_c07""],""fair_cells"":[""r00_c02"",""r00_c04"",""r00_c05"",""r01_c02"",""r01_c04"",""r01_c05"",""r02_c02"",""r02_c03"",""r02_c04"",""r02_c05"",""r03_c02"",""r03_c04"",""r03_c05"",""r04_c04"",""r04_c05"",""r05_c04"",""r05_c05"",""r05_c07"",""r06_c02"",""r06_c03"",""r06_c04"",""r06_c05"",""r06_c06"",""r06_c07""],""poor_cells"":[""r06_c05"",""r06_c06"",""r06_c07""],""severe_cells"":[],""area_bins"":{""fair"":5,""poor"":4,""severe"":0},""row_condition_profile"":[1,1,1,1,1,1,4,0]}"
corr_b24c36d9cbc0dd45,"{""affected_cells"":[""r04_c00"",""r05_c00"",""r06_c00"",""r06_c01""],""fair_cells"":[""r04_c00"",""r05_c00"",""r06_c00"",""r06_c01""],""poor_cells"":[],""severe_cells"":[],""area_bins"":{""fair"":3,""poor"":0,""severe"":0},""row_condition_profile"":[0,0,0,0,1,1,1,0]}"
corr_b318ac127741cda9,"{""affected_cells"":[""r00_c01"",""r00_c02"",""r00_c03"",""r00_c04"",""r00_c05"",""r00_c06"",""r00_c07"",""r01_c01"",""r01_c02"",""r01_c03"",""r01_c04"",""r01_c05"",""r01_c06"",""r01_c07"",""r02_c04"",""r02_c05"",""r02_c06"",""r02_c07"",""r03_c04"",""r03_c05"",""r03_c06"",""r03_c07"",""r04_c05"",""r04_c06"",""r04_c07""],""fair_cells"":[""r00_c01"",""r00_c02"",""r00_c03"",""r00_c04"",""r00_c05"",""r00_c06"",""r00_c07"",""r01_c01"",""r01_c02"",""r01_c03"",""r01_c04"",""r01_c05"",""r01_c06"",""r01_c07"",""r02_c04"",""r02_c05"",""r02_c06"",""r02_c07"",""r03_c04"",""r03_c05"",""r03_c06"",""r03_c07"",""r04_c05"",""r04_c06"",""r04_c07""],""poor_cells"":[],""severe_cells"":[],""area_bins"":{""fair"":9,""poor"":0,""severe"":0},""row_condition_profile"":[1,1,1,1,1,0,0,0]}"
corr_b31ef0a196287aa7,"{""affected_cells"":[""r00_c03"",""r00_c04"",""r00_c05"",""r01_c04"",""r01_c05"",""r02_c01"",""r02_c02"",""r03_c00"",""r03_c01"",""r03_c02"",""r03_c03"",""r04_c00""],""fair_cells"":[""r01_c04"",""r01_c05"",""r02_c01"",""r02_c02"",""r03_c00"",""r03_c01"",""r03_c02"",""r03_c03"",""r04_c00""],""poor_cells"":[""r00_c03"",""r00_c04"",""r00_c05"",""r01_c04"",""r01_c05"",""r02_c01"",""r03_c00"",""r03_c01""],""severe_cells"":[],""area_bins"":{""fair"":5,""poor"":7,""severe"":0},""row_condition_profile"":[2,4,4,4,1,0,0,0]}"
corr_b323b7c17be10a83,"{""affected_cells"":[""r00_c00"",""r00_c01"",""r00_c02"",""r00_c03"",""r00_c04"",""r00_c05"",""r00_c06"",""r00_c07"",""r01_c00"",""r01_c01"",""r01_c02"",""r01_c03"",""r01_c04"",""r01_c05"",""r01_c06"",""r01_c07"",""r02_c01"",""r02_c02"",""r02_c03"",""r02_c04"",""r02_c05"",""r02_c06"",""r02_c07"",""r03_c02"",""r03_c03"",""r03_c04"",""r03_c05"",""r03_c06"",""r03_c07"",""r04_c01"",""r04_c02"",""r04_c03"",""r04_c04"",""r04_c05"",""r04_c06"",""r04_c07"",""r05_c02"",""r05_c03"",""r05_c04"",""r05_c07"",""r06_c02""],""fair_cells"":[""r00_c00"",""r00_c01"",""r00_c02"",""r00_c03"",""r00_c04"",""r00_c05"",""r00_c06"",""r00_c07"",""r01_c00"",""r01_c01"",""r01_c05"",""r01_c06"",""r01_c07"",""r02_c01"",""r02_c02"",""r03_c02"",""r03_c03"",""r03_c04"",""r04_c02"",""r04_c03"",""r04_c04"",""r05_c03"",""r05_c04""],""poor_cells"":[""r00_c02"",""r00_c03"",""r00_c04"",""r01_c01"",""r01_c02"",""r01_c03"",""r01_c04"",""r01_c05"",""r01_c06"",""r01_c07"",""r02_c01"",""r02_c02"",""r02_c03"",""r02_c04"",""r02_c05"",""r02_c06"",""r02_c07"",""r03_c02"",""r03_c03"",""r03_c04"",""r03_c05"",""r03_c06"",""r03_c07"",""r04_c01"",""r04_c02"",""r04_c05"",""r04_c06"",""r04_c07"",""r05_c02"",""r05_c07""],""severe_cells"":[""r06_c02""],""area_bins"":{""fair"":7,""poor"":9,""severe"":1},""row_condition_profile"":[4,4,4,4,4,4,3,0]}"
corr_b369ab3b46694974,"{""affected_cells"":[""r00_c00"",""r00_c01"",""r00_c02"",""r00_c03"",""r00_c04"",""r00_c05"",""r00_c06"",""r00_c07"",""r01_c00"",""r01_c01"",""r01_c02"",""r01_c03"",""r01_c04"",""r01_c05"",""r01_c06"",""r01_c07"",""r02_c00"",""r02_c01"",""r02_c02"",""r02_c03"",""r02_c04"",""r02_c07"",""r03_c01"",""r03_c02"",""r03_c03"",""r03_c04"",""r03_c07"",""r04_c01"",""r04_c02"",""r04_c03"",""r04_c04"",""r04_c07"",""r05_c01"",""r05_c02"",""r05_c03"",""r05_c04"",""r05_c07"",""r06_c01"",""r06_c02"",""r06_c03"",""r06_c04"",""r06_c07""],""fair_cells"":[""r00_c00"",""r00_c01"",""r00_c02"",""r00_c03"",""r00_c04"",""r00_c05"",""r00_c07"",""r01_c00"",""r01_c01"",""r01_c02"",""r01_c03"",""r01_c04"",""r01_c05"",""r01_c06"",""r01_c07"",""r02_c00"",""r02_c01"",""r02_c02"",""r02_c03"",""r02_c04"",""r02_c07"",""r03_c01"",""r03_c02"",""r03_c03"",""r03_c04"",""r03_c07"",""r04_c01"",""r04_c02"",""r04_c03"",""r04_c04"",""r04_c07"",""r05_c01"",""r05_c02"",""r05_c03"",""r05_c04"",""r05_c07"",""r06_c01"",""r06_c02"",""r06_c03"",""r06_c04"",""r06_c07""],""poor_cells"":[""r00_c02"",""r00_c03"",""r00_c04"",""r00_c05"",""r00_c06"",""r00_c07"",""r01_c05"",""r01_c06"",""r01_c07"",""r05_c02"",""r06_c01"",""r06_c02""],""severe_cells"":[],""area_bins"":{""fair"":9,""poor"":7,""severe"":0},""row_condition_profile"":[4,4,1,1,1,4,4,0]}"
corr_b3b39af4bc1e0295,"{""affected_cells"":[""r00_c00"",""r00_c01"",""r00_c02"",""r00_c05"",""r00_c06"",""r01_c00"",""r01_c01"",""r01_c05"",""r02_c00"",""r02_c01"",""r02_c02"",""r02_c03"",""r02_c04"",""r02_c05"",""r03_c00"",""r03_c02"",""r03_c03"",""r03_c04"",""r03_c05"",""r03_c06"",""r03_c07"",""r04_c02"",""r04_c03"",""r04_c04"",""r04_c06"",""r04_c07"",""r05_c07""],""fair_cells"":[""r00_c00"",""r00_c01"",""r00_c02"",""r00_c05"",""r00_c06"",""r01_c05"",""r02_c02"",""r02_c03"",""r02_c04"",""r02_c05"",""r03_c02"",""r03_c03"",""r03_c04"",""r03_c05"",""r04_c02"",""r04_c03"",""r04_c04""],""poor_cells"":[""r00_c00"",""r01_c00"",""r01_c01"",""r02_c00"",""r02_c01"",""r02_c02"",""r02_c03"",""r03_c00"",""r03_c06"",""r03_c07"",""r04_c06"",""r04_c07"",""r05_c07""],""severe_cells"":[],""area_bins"":{""fair"":3,""poor"":7,""severe"":0},""row_condition_profile"":[4,4,4,4,4,2,0,0]}"
corr_b3d97288cce7d62d,"{""affected_cells"":[""r00_c06"",""r00_c07"",""r01_c06"",""r01_c07"",""r02_c00"",""r02_c05"",""r02_c06"",""r02_c07"",""r03_c00"",""r03_c03"",""r03_c04"",""r03_c05"",""r03_c06"",""r03_c07"",""r04_c00"",""r04_c01"",""r04_c02"",""r04_c03"",""r04_c04"",""r04_c05"",""r04_c06"",""r04_c07"",""r05_c00"",""r05_c01"",""r05_c02"",""r05_c03"",""r05_c04"",""r05_c05"",""r05_c06"",""r05_c07"",""r06_c00"",""r06_c01"",""r06_c02"",""r06_c03"",""r06_c04"",""r06_c05"",""r06_c06"",""r06_c07""],""fair_cells"":[""r00_c06"",""r00_c07"",""r01_c06"",""r01_c07"",""r02_c00"",""r02_c05"",""r02_c06"",""r02_c07"",""r03_c00"",""r03_c03"",""r03_c04"",""r03_c05"",""r03_c06"",""r03_c07"",""r04_c00"",""r04_c01"",""r04_c02"",""r04_c03"",""r04_c04"",""r04_c05"",""r04_c06"",""r04_c07"",""r05_c00"",""r05_c01"",""r05_c02"",""r05_c03"",""r05_c04"",""r05_c05"",""r05_c06"",""r05_c07"",""r06_c00"",""r06_c01"",""r06_c02"",""r06_c03"",""r06_c04"",""r06_c05"",""r06_c06"",""r06_c07""],""poor_cells"":[""r02_c07"",""r03_c07"",""r04_c07"",""r05_c00"",""r05_c01"",""r05_c02"",""r05_c03"",""r05_c04"",""r05_c05"",""r05_c06"",""r05_c07"",""r06_c00"",""r06_c01"",""r06_c02"",""r06_c03"",""r06_c04"",""r06_c05"",""r06_c06"",""r06_c07""],""severe_cells"":[],""area_bins"":{""fair"":9,""poor"":7,""severe"":0},""row_condition_profile"":[1,1,4,4,4,4,4,0]}"
corr_b473279a65098d40,"{""affected_cells"":[""r00_c00"",""r00_c01"",""r00_c02"",""r01_c00"",""r01_c01"",""r01_c02"",""r01_c04"",""r02_c00"",""r02_c01"",""r02_c03"",""r02_c04"",""r02_c05"",""r02_c06"",""r02_c07"",""r03_c00"",""r03_c01"",""r03_c03"",""r03_c04"",""r03_c05"",""r03_c07"",""r04_c00"",""r04_c01"",""r04_c03"",""r04_c04"",""r04_c07"",""r05_c00"",""r05_c01"",""r06_c00"",""r06_c01"",""r06_c02"",""r06_c03"",""r06_c04""],""fair_cells"":[""r00_c00"",""r00_c01"",""r00_c02"",""r01_c02"",""r01_c04"",""r02_c03"",""r02_c04"",""r02_c05"",""r02_c06"",""r02_c07"",""r03_c01"",""r03_c03"",""r03_c04"",""r03_c05"",""r03_c07"",""r04_c00"",""r04_c01"",""r04_c03"",""r04_c04"",""r04_c07"",""r05_c00"",""r05_c01"",""r06_c00"",""r06_c01"",""r06_c02"",""r06_c03"",""r06_c04""],""poor_cells"":[""r00_c00"",""r00_c01"",""r01_c00"",""r01_c01"",""r02_c00"",""r02_c01"",""r03_c00"",""r03_c01"",""r04_c00"",""r04_c01"",""r05_c00"",""r05_c01"",""r06_c01""],""severe_cells"":[""r06_c00""],""area_bins"":{""fair"":6,""poor"":7,""severe"":1},""row_condition_profile"":[4,4,4,4,4,4,4,0]}"
corr_b53d1b0edaf26cb8,"{""affected_cells"":[""r00_c00"",""r00_c01"",""r00_c02"",""r00_c03"",""r00_c04"",""r00_c05"",""r00_c06"",""r01_c00"",""r01_c01"",""r01_c02"",""r01_c03"",""r01_c04"",""r01_c05"",""r02_c00"",""r02_c01"",""r02_c02"",""r02_c03"",""r02_c04"",""r02_c05"",""r03_c00"",""r03_c01"",""r03_c02"",""r04_c00"",""r04_c01"",""r04_c02"",""r05_c00"",""r05_c01"",""r05_c02"",""r06_c01""],""fair_cells"":[""r00_c00"",""r00_c01"",""r00_c02"",""r00_c03"",""r00_c04"",""r00_c05"",""r00_c06"",""r01_c00"",""r01_c01"",""r01_c02"",""r01_c03"",""r01_c04"",""r01_c05"",""r02_c00"",""r02_c01"",""r02_c02"",""r02_c03"",""r02_c04"",""r02_c05"",""r03_c00"",""r03_c01"",""r03_c02"",""r04_c00"",""r04_c01"",""r04_c02"",""r05_c00"",""r05_c01"",""r05_c02"",""r06_c01""],""poor_cells"":[""r00_c00""],""severe_cells"":[],""area_bins"":{""fair"":7,""poor"":1,""severe"":0},""row_condition_profile"":[4,1,1,1,1,1,1,0]}"
corr_b62c1383652a23fa,"{""affected_cells"":[""r00_c02"",""r00_c03"",""r01_c01"",""r01_c02"",""r01_c03"",""r02_c02"",""r02_c03"",""r02_c04"",""r02_c05"",""r02_c06"",""r02_c07"",""r03_c02"",""r03_c03"",""r03_c04"",""r03_c05"",""r03_c06"",""r03_c07"",""r04_c02"",""r04_c03"",""r04_c04"",""r04_c05"",""r04_c06"",""r04_c07"",""r05_c02"",""r05_c03"",""r05_c04"",""r05_c05"",""r05_c06"",""r05_c07"",""r06_c03"",""r06_c04"",""r06_c05"",""r06_c06"",""r06_c07""],""fair_cells"":[""r00_c02"",""r00_c03"",""r01_c01"",""r01_c02"",""r01_c03"",""r02_c02"",""r02_c03"",""r02_c04"",""r02_c05"",""r02_c06"",""r02_c07"",""r03_c02"",""r03_c03"",""r03_c04"",""r03_c05"",""r03_c06"",""r03_c07"",""r04_c02"",""r04_c03"",""r04_c04"",""r04_c05"",""r04_c06"",""r04_c07"",""r05_c02"",""r05_c03"",""r05_c04"",""r05_c05"",""r05_c06"",""r05_c07"",""r06_c03"",""r06_c04"",""r06_c05"",""r06_c06"",""r06_c07""],""poor_cells"":[""r02_c04"",""r02_c05"",""r02_c06"",""r02_c07"",""r03_c02"",""r03_c03"",""r03_c04"",""r03_c05"",""r03_c06"",""r03_c07"",""r04_c03"",""r04_c04"",""r04_c05"",""r04_c06"",""r04_c07"",""r05_c03"",""r05_c04"",""r05_c05"",""r06_c04"",""r06_c05""],""severe_cells"":[],""area_bins"":{""fair"":9,""poor"":8,""severe"":0},""row_condition_profile"":[1,1,4,4,4,4,4,0]}"
corr_b6edbfdfb2ceffcf,"{""affected_cells"":[""r01_c00"",""r01_c01"",""r02_c00"",""r02_c01"",""r02_c02"",""r02_c03"",""r03_c00"",""r03_c01"",""r03_c02"",""r03_c03"",""r03_c04"",""r03_c05"",""r03_c06"",""r04_c00"",""r04_c01"",""r04_c02"",""r04_c03"",""r04_c04"",""r04_c05"",""r04_c06"",""r04_c07"",""r05_c04"",""r05_c05"",""r05_c06"",""r05_c07"",""r06_c06"",""r06_c07""],""fair_cells"":[""r01_c00"",""r01_c01"",""r02_c00"",""r02_c01"",""r02_c02"",""r02_c03"",""r03_c00"",""r03_c01"",""r03_c02"",""r03_c03"",""r03_c04"",""r03_c05"",""r03_c06"",""r04_c04"",""r04_c05"",""r04_c06"",""r04_c07"",""r05_c04"",""r05_c05"",""r05_c06"",""r05_c07"",""r06_c06"",""r06_c07""],""poor_cells"":[""r01_c00"",""r01_c01"",""r02_c00"",""r02_c01"",""r02_c02"",""r03_c00"",""r03_c01"",""r03_c02"",""r03_c03"",""r03_c04"",""r04_c00"",""r04_c01"",""r04_c02"",""r04_c03"",""r04_c04""],""severe_cells"":[],""area_bins"":{""fair"":8,""poor"":8,""severe"":0},""row_condition_profile"":[0,4,4,4,4,1,1,0]}"
corr_b752479cb8b57691,"{""affected_cells"":[""r00_c00"",""r00_c01"",""r00_c02"",""r00_c03"",""r00_c04"",""r00_c05"",""r00_c06"",""r00_c07"",""r01_c00"",""r01_c01"",""r01_c02"",""r01_c03"",""r01_c04"",""r01_c05"",""r01_c06"",""r01_c07"",""r02_c00"",""r02_c01"",""r02_c02"",""r02_c03"",""r02_c04"",""r02_c05"",""r02_c06"",""r02_c07"",""r03_c00"",""r03_c01"",""r03_c02"",""r03_c03"",""r03_c04"",""r03_c05"",""r03_c06"",""r03_c07"",""r04_c01"",""r04_c05"",""r04_c07"",""r05_c01""],""fair_cells"":[""r00_c00"",""r00_c01"",""r00_c02"",""r00_c03"",""r00_c04"",""r00_c05"",""r01_c00"",""r01_c03"",""r01_c04"",""r01_c05"",""r02_c03"",""r02_c04"",""r02_c05"",""r02_c06"",""r02_c07"",""r03_c03"",""r03_c04"",""r03_c05"",""r03_c06"",""r03_c07"",""r04_c01"",""r04_c05"",""r05_c01""],""poor_cells"":[""r00_c00"",""r00_c01"",""r00_c02"",""r00_c03"",""r00_c04"",""r00_c05"",""r00_c06"",""r00_c07"",""r01_c00"",""r01_c01"",""r01_c02"",""r01_c03"",""r01_c04"",""r01_c05"",""r01_c06"",""r01_c07"",""r02_c00"",""r02_c01"",""r02_c02"",""r02_c03"",""r02_c04"",""r02_c05"",""r02_c06"",""r02_c07"",""r03_c00"",""r03_c01"",""r03_c02"",""r03_c03"",""r03_c04"",""r03_c05"",""r03_c06"",""r03_c07"",""r04_c07""],""severe_cells"":[],""area_bins"":{""fair"":8,""poor"":9,""severe"":0},""row_condition_profile"":[4,4,4,4,4,1,0,0]}"
corr_b807daa1e1788b28,"{""affected_cells"":[""r00_c01"",""r00_c02"",""r01_c00"",""r01_c01"",""r01_c02"",""r01_c03"",""r02_c00"",""r02_c01"",""r02_c02"",""r02_c03"",""r02_c04"",""r03_c00"",""r03_c01"",""r03_c02"",""r03_c03"",""r03_c04"",""r04_c00"",""r04_c01"",""r04_c02"",""r04_c03"",""r04_c04"",""r04_c06"",""r04_c07"",""r05_c00"",""r05_c01"",""r05_c03"",""r05_c04"",""r05_c05"",""r05_c06"",""r05_c07"",""r06_c00"",""r06_c01"",""r06_c02"",""r06_c03"",""r06_c04"",""r06_c05"",""r06_c06"",""r06_c07""],""fair_cells"":[""r00_c01"",""r00_c02"",""r01_c00"",""r01_c01"",""r01_c02"",""r01_c03"",""r02_c00"",""r02_c01"",""r02_c02"",""r02_c03"",""r02_c04"",""r03_c00"",""r03_c01"",""r03_c02"",""r03_c03"",""r03_c04"",""r04_c00"",""r04_c01"",""r04_c02"",""r04_c03"",""r04_c04"",""r04_c06"",""r04_c07"",""r05_c00"",""r05_c01"",""r05_c03"",""r05_c04"",""r05_c05"",""r05_c06"",""r05_c07"",""r06_c00"",""r06_c01"",""r06_c02"",""r06_c03"",""r06_c04"",""r06_c05"",""r06_c06"",""r06_c07""],""poor_cells"":[""r00_c01"",""r00_c02"",""r01_c01"",""r01_c02"",""r02_c01"",""r02_c02"",""r02_c03"",""r03_c02"",""r03_c03"",""r04_c02"",""r04_c03"",""r06_c05"",""r06_c06"",""r06_c07""],""severe_cells"":[],""area_bins"":{""fair"":9,""poor"":9,""severe"":0},""row_condition_profile"":[4,4,4,4,4,1,4,0]}"
corr_b84fd856b988d280,"{""affected_cells"":[""r00_c03"",""r00_c04"",""r00_c05"",""r00_c06"",""r00_c07"",""r01_c03"",""r01_c04"",""r01_c05"",""r01_c06"",""r01_c07"",""r02_c03"",""r02_c04"",""r02_c05"",""r02_c06"",""r02_c07"",""r03_c02"",""r03_c03"",""r03_c04"",""r03_c05"",""r03_c06"",""r03_c07"",""r04_c01"",""r04_c02"",""r04_c03"",""r04_c04"",""r05_c01"",""r05_c02"",""r05_c03"",""r05_c04"",""r05_c05"",""r05_c06"",""r05_c07"",""r06_c02"",""r06_c03"",""r06_c04"",""r06_c05"",""r06_c06"",""r06_c07""],""fair_cells"":[""r00_c04"",""r00_c05"",""r00_c06"",""r00_c07"",""r01_c06"",""r02_c03"",""r02_c04"",""r02_c05"",""r02_c06"",""r02_c07"",""r03_c02"",""r03_c03"",""r03_c04"",""r03_c05"",""r03_c06"",""r03_c07"",""r04_c02"",""r04_c03"",""r04_c04"",""r05_c02"",""r05_c03"",""r05_c04"",""r05_c05"",""r05_c06"",""r05_c07"",""r06_c02"",""r06_c03"",""r06_c04"",""r06_c05"",""r06_c06"",""r06_c07""],""poor_cells"":[""r00_c03"",""r00_c04"",""r00_c05"",""r00_c06"",""r00_c07"",""r01_c03"",""r01_c04"",""r01_c05"",""r01_c06"",""r01_c07"",""r02_c03"",""r02_c04"",""r02_c05"",""r03_c04"",""r04_c01"",""r04_c02"",""r05_c01"",""r05_c02"",""r05_c03"",""r05_c05"",""r05_c06"",""r05_c07"",""r06_c02"",""r06_c03"",""r06_c04"",""r06_c05"",""r06_c06"",""r06_c07""],""severe_cells"":[],""area_bins"":{""fair"":9,""poor"":9,""severe"":0},""row_condition_profile"":[4,4,4,4,4,4,4,0]}"
corr_b8b0186b3a5fe40c,"{""affected_cells"":[""r00_c03"",""r01_c02"",""r01_c03"",""r02_c02"",""r03_c01"",""r03_c02"",""r03_c03"",""r03_c04"",""r03_c05"",""r04_c00"",""r04_c02"",""r04_c03"",""r04_c04"",""r04_c05"",""r05_c00"",""r05_c02"",""r05_c03"",""r05_c04"",""r06_c00"",""r06_c02"",""r06_c03"",""r06_c04""],""fair_cells"":[""r00_c03"",""r01_c02"",""r01_c03"",""r02_c02"",""r03_c01"",""r03_c02"",""r03_c03"",""r03_c04"",""r03_c05"",""r04_c00"",""r04_c02"",""r04_c03"",""r04_c04"",""r04_c05"",""r05_c00"",""r05_c02"",""r05_c03"",""r05_c04"",""r06_c00"",""r06_c02"",""r06_c03"",""r06_c04""],""poor_cells"":[],""severe_cells"":[],""area_bins"":{""fair"":5,""poor"":0,""severe"":0},""row_condition_profile"":[1,1,1,1,1,1,1,0]}"
corr_b91f97115b2c7990,"{""affected_cells"":[""r00_c00"",""r00_c01"",""r00_c02"",""r00_c03"",""r00_c04"",""r00_c05"",""r00_c06"",""r00_c07"",""r01_c01"",""r01_c02"",""r01_c03"",""r01_c04"",""r01_c05"",""r01_c06"",""r01_c07"",""r02_c01"",""r02_c02"",""r02_c03"",""r02_c04"",""r02_c05"",""r02_c06"",""r02_c07"",""r03_c01"",""r03_c02"",""r03_c03"",""r03_c04"",""r03_c05"",""r03_c06"",""r03_c07"",""r04_c00"",""r04_c01"",""r04_c02"",""r04_c03"",""r04_c04"",""r04_c05"",""r04_c06"",""r04_c07"",""r05_c01"",""r05_c02"",""r05_c03"",""r05_c04"",""r05_c05"",""r05_c06"",""r05_c07""],""fair_cells"":[""r00_c00"",""r00_c01"",""r00_c02"",""r00_c03"",""r00_c04"",""r00_c05"",""r00_c06"",""r00_c07"",""r01_c01"",""r01_c02"",""r01_c03"",""r01_c04"",""r01_c05"",""r01_c06"",""r01_c07"",""r02_c01"",""r02_c02"",""r02_c03"",""r02_c04"",""r02_c05"",""r02_c06"",""r02_c07"",""r03_c01"",""r03_c02"",""r03_c03"",""r03_c04"",""r03_c05"",""r03_c06"",""r03_c07"",""r04_c00"",""r04_c01"",""r04_c02"",""r04_c03"",""r04_c04"",""r04_c05"",""r04_c06"",""r04_c07"",""r05_c01"",""r05_c02"",""r05_c03"",""r05_c04"",""r05_c05"",""r05_c06"",""r05_c07""],""poor_cells"":[""r00_c07"",""r01_c05"",""r01_c06"",""r01_c07"",""r02_c04"",""r02_c05"",""r02_c06"",""r02_c07"",""r03_c03"",""r03_c04"",""r04_c03"",""r04_c04"",""r04_c05"",""r04_c07"",""r05_c03"",""r05_c04"",""r05_c05"",""r05_c06"",""r05_c07""],""severe_cells"":[],""area_bins"":{""fair"":9,""poor"":8,""severe"":0},""row_condition_profile"":[4,4,4,4,4,4,0,0]}"
corr_bb0d75aca5da34b5,"{""affected_cells"":[""r00_c00"",""r00_c01"",""r01_c00"",""r01_c01"",""r01_c02"",""r01_c03"",""r01_c04"",""r01_c05"",""r02_c00"",""r02_c01"",""r02_c02"",""r02_c03"",""r02_c04"",""r02_c05"",""r02_c06"",""r02_c07"",""r03_c02"",""r03_c03"",""r03_c04"",""r03_c05"",""r03_c06"",""r03_c07"",""r04_c02"",""r04_c03"",""r04_c04"",""r04_c05"",""r04_c06"",""r04_c07"",""r05_c02"",""r05_c03"",""r05_c04"",""r05_c05"",""r05_c06"",""r05_c07"",""r06_c02"",""r06_c03"",""r06_c04"",""r06_c05""],""fair_cells"":[""r00_c00"",""r00_c01"",""r01_c00"",""r01_c01"",""r01_c02"",""r02_c00"",""r02_c01"",""r02_c02"",""r02_c03"",""r02_c04"",""r02_c05"",""r02_c06"",""r02_c07"",""r03_c02"",""r03_c03"",""r03_c04"",""r03_c05"",""r03_c06"",""r03_c07"",""r04_c02"",""r04_c03"",""r04_c04"",""r04_c05"",""r04_c06"",""r04_c07"",""r05_c02"",""r05_c03"",""r05_c04"",""r05_c05"",""r05_c06"",""r05_c07"",""r06_c02"",""r06_c03"",""r06_c04"",""r06_c05""],""poor_cells"":[""r00_c00"",""r00_c01"",""r01_c00"",""r01_c01"",""r01_c02"",""r01_c03"",""r01_c04"",""r01_c05"",""r02_c02"",""r02_c03"",""r02_c04"",""r02_c05"",""r02_c06"",""r02_c07"",""r03_c06"",""r03_c07""],""severe_cells"":[],""area_bins"":{""fair"":9,""poor"":9,""severe"":0},""row_condition_profile"":[4,4,4,4,1,1,1,0]}"
corr_bbdc6778ece8adb9,"{""affected_cells"":[""r00_c03"",""r00_c04"",""r01_c05"",""r01_c06"",""r01_c07"",""r02_c06"",""r02_c07"",""r03_c07""],""fair_cells"":[""r00_c03"",""r00_c04"",""r01_c05"",""r01_c06"",""r01_c07"",""r02_c06"",""r02_c07"",""r03_c07""],""poor_cells"":[],""severe_cells"":[],""area_bins"":{""fair"":3,""poor"":0,""severe"":0},""row_condition_profile"":[1,1,1,1,0,0,0,0]}"
corr_bcca46b44323a197,"{""affected_cells"":[""r00_c04"",""r00_c05"",""r00_c06"",""r00_c07""],""fair_cells"":[""r00_c04"",""r00_c05"",""r00_c06"",""r00_c07""],""poor_cells"":[""r00_c07""],""severe_cells"":[],""area_bins"":{""fair"":4,""poor"":1,""severe"":0},""row_condition_profile"":[4,0,0,0,0,0,0,0]}"
corr_bd8e7b18bdd99565,"{""affected_cells"":[""r05_c03"",""r05_c04"",""r05_c05"",""r05_c06"",""r06_c01"",""r06_c02"",""r06_c03"",""r06_c04"",""r06_c05""],""fair_cells"":[""r05_c03"",""r05_c04"",""r05_c05"",""r05_c06"",""r06_c01"",""r06_c02"",""r06_c03"",""r06_c04"",""r06_c05""],""poor_cells"":[],""severe_cells"":[],""area_bins"":{""fair"":5,""poor"":0,""severe"":0},""row_condition_profile"":[0,0,0,0,0,1,1,0]}"
corr_bdb5adf4cb491960,"{""affected_cells"":[""r00_c00"",""r00_c01"",""r00_c02"",""r01_c01""],""fair_cells"":[""r00_c00"",""r00_c01"",""r00_c02"",""r01_c01""],""poor_cells"":[],""severe_cells"":[],""area_bins"":{""fair"":4,""poor"":0,""severe"":0},""row_condition_profile"":[1,1,0,0,0,0,0,0]}"
corr_bed6d143ee19d7e8,"{""affected_cells"":[""r00_c04"",""r00_c05"",""r01_c04"",""r01_c05"",""r01_c06"",""r01_c07"",""r02_c04"",""r02_c05"",""r02_c06"",""r02_c07"",""r03_c04"",""r03_c05"",""r03_c06"",""r03_c07"",""r04_c04"",""r04_c05"",""r04_c06"",""r04_c07"",""r05_c04"",""r05_c07"",""r06_c07""],""fair_cells"":[""r00_c04"",""r00_c05"",""r01_c04"",""r01_c05"",""r01_c06"",""r01_c07"",""r02_c04"",""r02_c05"",""r02_c06"",""r02_c07"",""r03_c04"",""r03_c05"",""r03_c06"",""r03_c07"",""r04_c04"",""r04_c05"",""r04_c06"",""r04_c07"",""r05_c04"",""r05_c07"",""r06_c07""],""poor_cells"":[""r03_c04"",""r03_c05"",""r03_c06"",""r03_c07"",""r04_c04"",""r04_c05"",""r04_c06""],""severe_cells"":[],""area_bins"":{""fair"":9,""poor"":6,""severe"":0},""row_condition_profile"":[1,1,1,4,4,1,1,0]}"
corr_bf24e925104fb3ca,"{""affected_cells"":[""r00_c07"",""r01_c07"",""r02_c00"",""r02_c05"",""r02_c06"",""r02_c07"",""r03_c00"",""r03_c05"",""r03_c06"",""r03_c07"",""r04_c00"",""r04_c01"",""r04_c02"",""r04_c03"",""r04_c04"",""r04_c05"",""r04_c06"",""r04_c07"",""r05_c00"",""r05_c01"",""r05_c02"",""r05_c05"",""r05_c06"",""r05_c07"",""r06_c04"",""r06_c05"",""r06_c06"",""r06_c07""],""fair_cells"":[""r00_c07"",""r01_c07"",""r02_c00"",""r02_c05"",""r02_c06"",""r02_c07"",""r03_c00"",""r03_c05"",""r03_c06"",""r03_c07"",""r04_c00"",""r04_c01"",""r04_c02"",""r04_c03"",""r04_c04"",""r04_c05"",""r04_c06"",""r04_c07"",""r05_c00"",""r05_c01"",""r05_c02"",""r05_c05"",""r05_c06"",""r05_c07"",""r06_c04"",""r06_c05"",""r06_c06"",""r06_c07""],""poor_cells"":[""r06_c06""],""severe_cells"":[],""area_bins"":{""fair"":9,""poor"":4,""severe"":0},""row_condition_profile"":[1,1,1,1,1,1,4,0]}"
corr_bfb3b625a349907f,"{""affected_cells"":[""r00_c00"",""r00_c01"",""r00_c02"",""r00_c03"",""r00_c04"",""r01_c00"",""r01_c01"",""r01_c02"",""r01_c03"",""r01_c04"",""r02_c00"",""r02_c01"",""r02_c02"",""r02_c03"",""r02_c04"",""r02_c05"",""r02_c06"",""r03_c00"",""r03_c01"",""r03_c02"",""r03_c03"",""r03_c04"",""r03_c05"",""r03_c06"",""r04_c00"",""r04_c01"",""r04_c02"",""r04_c03"",""r04_c04"",""r04_c05"",""r04_c06"",""r05_c00"",""r05_c01"",""r05_c02"",""r05_c03"",""r05_c04"",""r06_c00"",""r06_c01"",""r06_c02"",""r06_c03"",""r06_c04""],""fair_cells"":[""r00_c00"",""r00_c01"",""r00_c02"",""r00_c03"",""r00_c04"",""r01_c01"",""r01_c02"",""r01_c03"",""r01_c04"",""r02_c00"",""r02_c01"",""r02_c02"",""r02_c03"",""r02_c04"",""r02_c05"",""r02_c06"",""r03_c00"",""r03_c01"",""r03_c02"",""r03_c03"",""r03_c04"",""r03_c05"",""r03_c06"",""r04_c00"",""r04_c01"",""r04_c02"",""r04_c03"",""r04_c04"",""r04_c05"",""r04_c06""],""poor_cells"":[""r00_c00"",""r00_c01"",""r00_c02"",""r01_c00"",""r01_c01"",""r01_c02"",""r01_c03"",""r02_c00"",""r02_c01"",""r02_c02"",""r02_c03"",""r02_c04"",""r03_c00"",""r03_c01"",""r03_c02"",""r03_c03"",""r04_c00"",""r05_c00"",""r06_c00""],""severe_cells"":[""r04_c00"",""r04_c01"",""r04_c02"",""r04_c03"",""r04_c04"",""r05_c00"",""r05_c01"",""r05_c02"",""r05_c03"",""r05_c04"",""r06_c00"",""r06_c01"",""r06_c02"",""r06_c03"",""r06_c04""],""area_bins"":{""fair"":7,""poor"":9,""severe"":7},""row_condition_profile"":[4,4,4,4,4,4,4,0]}"
corr_c004bb0d4219bd10,"{""affected_cells"":[""r00_c00"",""r00_c01"",""r00_c02"",""r00_c03"",""r00_c04"",""r00_c05"",""r01_c00"",""r01_c01"",""r01_c02"",""r01_c03"",""r01_c04"",""r01_c05"",""r01_c06"",""r01_c07"",""r02_c00"",""r02_c01"",""r02_c02"",""r02_c03"",""r02_c04"",""r02_c05"",""r02_c06"",""r02_c07"",""r03_c00"",""r03_c01"",""r03_c02"",""r03_c03"",""r03_c04"",""r03_c05"",""r03_c07"",""r04_c00"",""r04_c01"",""r04_c02"",""r04_c03"",""r04_c04"",""r04_c05""],""fair_cells"":[""r00_c00"",""r00_c01"",""r00_c02"",""r00_c03"",""r00_c04"",""r00_c05"",""r01_c00"",""r01_c01"",""r01_c02"",""r01_c03"",""r01_c04""],""poor_cells"":[""r00_c03"",""r00_c04"",""r00_c05"",""r01_c00"",""r01_c01"",""r01_c02"",""r01_c03"",""r01_c04"",""r01_c05"",""r01_c06"",""r01_c07"",""r02_c00"",""r02_c01"",""r02_c02"",""r02_c03"",""r02_c04"",""r02_c05"",""r02_c06"",""r02_c07"",""r03_c00"",""r03_c01"",""r03_c02"",""r03_c07""],""severe_cells"":[""r00_c00"",""r00_c03"",""r01_c05"",""r02_c04"",""r02_c05"",""r03_c00"",""r03_c01"",""r03_c02"",""r03_c03"",""r03_c04"",""r03_c05"",""r04_c00"",""r04_c01"",""r04_c02"",""r04_c03"",""r04_c04"",""r04_c05""],""area_bins"":{""fair"":5,""poor"":9,""severe"":9},""row_condition_profile"":[4,4,4,4,3,0,0,0]}"
corr_c1cd277e80aeaef8,"{""affected_cells"":[""r00_c00"",""r00_c01"",""r00_c02"",""r00_c03"",""r00_c04"",""r00_c05"",""r00_c06"",""r00_c07"",""r01_c00"",""r01_c01"",""r01_c02"",""r01_c03"",""r01_c04"",""r01_c05"",""r01_c06"",""r01_c07"",""r02_c00"",""r02_c01"",""r02_c02"",""r02_c03"",""r02_c04"",""r02_c05"",""r02_c06"",""r02_c07"",""r03_c00"",""r03_c01"",""r03_c02"",""r03_c03"",""r03_c04"",""r03_c05"",""r03_c06"",""r03_c07"",""r04_c00"",""r04_c01"",""r05_c00"",""r05_c01"",""r06_c00"",""r06_c01"",""r06_c02"",""r06_c03""],""fair_cells"":[""r00_c00"",""r00_c01"",""r00_c02"",""r00_c03"",""r00_c04"",""r00_c05"",""r00_c06"",""r00_c07"",""r01_c00"",""r01_c01"",""r01_c02"",""r01_c05"",""r01_c06"",""r01_c07"",""r02_c01"",""r02_c05"",""r02_c06"",""r02_c07"",""r03_c00"",""r03_c07"",""r04_c00"",""r04_c01"",""r05_c00"",""r05_c01"",""r06_c00"",""r06_c01"",""r06_c02"",""r06_c03""],""poor_cells"":[""r00_c02"",""r00_c03"",""r00_c04"",""r00_c05"",""r00_c07"",""r01_c00"",""r01_c01"",""r01_c02"",""r01_c03"",""r01_c04"",""r01_c05"",""r02_c00"",""r02_c01"",""r02_c02"",""r02_c03"",""r02_c04"",""r02_c05"",""r02_c06"",""r02_c07"",""r03_c00"",""r03_c01"",""r03_c02"",""r03_c03"",""r03_c04"",""r03_c05"",""r03_c06"",""r03_c07""],""severe_cells"":[""r02_c04"",""r02_c05"",""r03_c05""],""area_bins"":{""fair"":7,""poor"":9,""severe"":7},""row_condition_profile"":[4,4,4,4,1,1,1,0]}"
corr_c289e633f38a2dc7,"{""affected_cells"":[""r00_c00"",""r00_c01"",""r00_c02"",""r01_c00"",""r01_c01"",""r01_c02"",""r01_c03"",""r02_c00"",""r02_c01"",""r02_c02"",""r02_c03"",""r03_c00"",""r03_c01"",""r03_c02"",""r03_c03"",""r04_c01"",""r04_c02"",""r04_c03"",""r04_c04"",""r05_c01"",""r05_c02"",""r05_c03"",""r05_c04"",""r06_c03""],""fair_cells"":[""r00_c00"",""r00_c01"",""r00_c02"",""r01_c00"",""r01_c01"",""r01_c02"",""r01_c03"",""r02_c00"",""r02_c01"",""r02_c02"",""r02_c03"",""r03_c00"",""r03_c01"",""r03_c02"",""r03_c03"",""r04_c01"",""r04_c02"",""r04_c03"",""r04_c04"",""r05_c01"",""r05_c02"",""r05_c03"",""r05_c04"",""r06_c03""],""poor_cells"":[],""severe_cells"":[],""area_bins"":{""fair"":7,""poor"":0,""severe"":0},""row_condition_profile"":[1,1,1,1,1,1,1,0]}"
corr_c37211590d6b3284,"{""affected_cells"":[""r00_c03"",""r01_c03"",""r02_c03"",""r03_c03"",""r04_c03"",""r04_c07"",""r05_c03"",""r05_c07"",""r06_c03"",""r06_c07""],""fair_cells"":[""r04_c07"",""r05_c07"",""r06_c07""],""poor_cells"":[""r00_c03"",""r01_c03"",""r02_c03"",""r03_c03"",""r04_c03"",""r05_c03"",""r06_c03""],""severe_cells"":[],""area_bins"":{""fair"":1,""poor"":4,""severe"":0},""row_condition_profile"":[2,2,2,2,4,4,4,0]}"
corr_c48de1a818a18654,"{""affected_cells"":[""r00_c00"",""r00_c01"",""r00_c02"",""r00_c03"",""r00_c05"",""r01_c00"",""r01_c01"",""r01_c02"",""r01_c03"",""r01_c05"",""r02_c00"",""r02_c01"",""r02_c02"",""r02_c03"",""r02_c05"",""r03_c00"",""r03_c01"",""r03_c02"",""r03_c03"",""r03_c04"",""r03_c05"",""r04_c00"",""r04_c01"",""r04_c02"",""r04_c03"",""r04_c04"",""r04_c05"",""r05_c00"",""r05_c01"",""r05_c02"",""r05_c03"",""r05_c04""],""fair_cells"":[""r00_c00"",""r00_c01"",""r00_c02"",""r00_c03"",""r00_c05"",""r01_c00"",""r01_c01"",""r01_c02"",""r01_c03"",""r01_c05"",""r02_c00"",""r02_c01"",""r02_c02"",""r02_c03"",""r02_c05"",""r03_c00"",""r03_c01"",""r03_c02"",""r03_c03"",""r03_c04"",""r03_c05""],""poor_cells"":[""r00_c03"",""r01_c03"",""r02_c00"",""r02_c01"",""r02_c02"",""r02_c03"",""r02_c05"",""r03_c00"",""r03_c01"",""r03_c02"",""r03_c03"",""r03_c04"",""r03_c05"",""r04_c00"",""r04_c01"",""r04_c02"",""r04_c03"",""r04_c04"",""r04_c05"",""r05_c00"",""r05_c01"",""r05_c02"",""r05_c03"",""r05_c04""],""severe_cells"":[],""area_bins"":{""fair"":8,""poor"":9,""severe"":0},""row_condition_profile"":[4,4,4,4,2,2,0,0]}"
corr_c541098e3f6ed873,"{""affected_cells"":[""r00_c00"",""r00_c01"",""r00_c02"",""r00_c07"",""r01_c00"",""r01_c01"",""r01_c02"",""r01_c07"",""r02_c00"",""r02_c01"",""r02_c02"",""r02_c03"",""r02_c04"",""r02_c07"",""r03_c00"",""r03_c01"",""r03_c02"",""r03_c03"",""r03_c04"",""r03_c05"",""r03_c06"",""r03_c07"",""r04_c01"",""r04_c02"",""r04_c03"",""r04_c04"",""r04_c05"",""r04_c06"",""r04_c07"",""r05_c04"",""r05_c05"",""r05_c06"",""r05_c07"",""r06_c07""],""fair_cells"":[""r00_c01"",""r00_c02"",""r00_c07"",""r01_c02"",""r01_c07"",""r02_c03"",""r02_c07"",""r03_c05"",""r03_c06"",""r03_c07"",""r04_c05"",""r04_c06"",""r04_c07"",""r05_c05"",""r05_c06"",""r05_c07""],""poor_cells"":[""r00_c00"",""r00_c01"",""r00_c02"",""r01_c00"",""r01_c01"",""r01_c02"",""r02_c00"",""r02_c01"",""r02_c02"",""r02_c03"",""r02_c04"",""r03_c00"",""r03_c01"",""r03_c02"",""r03_c03"",""r03_c04"",""r03_c05"",""r03_c06"",""r03_c07"",""r04_c01"",""r04_c02"",""r04_c03"",""r04_c04"",""r04_c05"",""r04_c06"",""r04_c07"",""r05_c04"",""r05_c05"",""r05_c06"",""r05_c07"",""r06_c07""],""severe_cells"":[],""area_bins"":{""fair"":1,""poor"":9,""severe"":0},""row_condition_profile"":[4,4,4,4,4,4,2,0]}"
corr_c5bcabc7b4fcb15c,"{""affected_cells"":[""r00_c00"",""r00_c02"",""r00_c03"",""r01_c00"",""r01_c02"",""r01_c03"",""r02_c00"",""r02_c02"",""r03_c00"",""r03_c01"",""r03_c02"",""r04_c02"",""r05_c04"",""r05_c05"",""r05_c06"",""r05_c07""],""fair_cells"":[""r00_c00"",""r00_c02"",""r00_c03"",""r01_c00"",""r01_c02"",""r01_c03"",""r02_c00"",""r02_c02"",""r03_c01"",""r03_c02"",""r05_c04"",""r05_c05"",""r05_c06"",""r05_c07""],""poor_cells"":[""r00_c00"",""r01_c00"",""r02_c00"",""r02_c02"",""r03_c00"",""r03_c01"",""r03_c02"",""r04_c02""],""severe_cells"":[],""area_bins"":{""fair"":4,""poor"":5,""severe"":0},""row_condition_profile"":[4,4,4,4,2,1,0,0]}"
corr_c6025c17cea5e41a,"{""affected_cells"":[""r00_c03"",""r00_c04"",""r00_c05"",""r00_c06"",""r01_c04"",""r01_c05"",""r01_c06"",""r02_c04"",""r02_c05"",""r02_c06"",""r03_c03"",""r03_c04"",""r03_c05"",""r04_c03"",""r04_c04"",""r05_c02"",""r05_c03"",""r05_c07"",""r06_c01"",""r06_c02"",""r06_c03""],""fair_cells"":[""r00_c03"",""r00_c04"",""r00_c05"",""r00_c06"",""r01_c04"",""r01_c05"",""r01_c06"",""r02_c04"",""r02_c05"",""r02_c06"",""r03_c03"",""r03_c04"",""r03_c05"",""r04_c03"",""r04_c04"",""r05_c02"",""r05_c03"",""r06_c01"",""r06_c02"",""r06_c03""],""poor_cells"":[""r05_c07""],""severe_cells"":[],""area_bins"":{""fair"":8,""poor"":1,""severe"":0},""row_condition_profile"":[1,1,1,1,1,4,1,0]}"
corr_c615cd244d3b2a3c,"{""affected_cells"":[""r00_c01"",""r00_c02"",""r00_c06"",""r00_c07"",""r01_c00"",""r01_c01"",""r01_c02"",""r01_c03"",""r01_c04"",""r01_c05"",""r01_c06"",""r01_c07"",""r02_c00"",""r02_c01"",""r02_c02"",""r02_c03"",""r02_c04"",""r02_c05"",""r02_c06"",""r02_c07"",""r03_c00"",""r03_c01"",""r03_c02"",""r03_c03"",""r03_c04"",""r03_c05"",""r03_c06"",""r03_c07"",""r04_c01"",""r04_c02"",""r04_c03"",""r04_c04"",""r04_c05"",""r04_c06"",""r04_c07"",""r05_c02"",""r05_c03"",""r05_c04"",""r05_c05"",""r05_c06"",""r05_c07"",""r06_c02"",""r06_c03"",""r06_c04"",""r06_c05"",""r06_c06""],""fair_cells"":[""r00_c01"",""r00_c02"",""r00_c06"",""r00_c07"",""r01_c00"",""r01_c01"",""r01_c02"",""r01_c03"",""r01_c04"",""r01_c05"",""r01_c06"",""r01_c07"",""r02_c00"",""r02_c01"",""r02_c02"",""r02_c03"",""r02_c04"",""r02_c05"",""r02_c06"",""r02_c07"",""r03_c00"",""r03_c01"",""r03_c02"",""r03_c03"",""r03_c04"",""r03_c05"",""r03_c06"",""r03_c07"",""r04_c01"",""r04_c02"",""r04_c03"",""r04_c04"",""r04_c05"",""r04_c06"",""r04_c07"",""r05_c02"",""r05_c03"",""r05_c04"",""r05_c05"",""r05_c06"",""r05_c07"",""r06_c02"",""r06_c03"",""r06_c04"",""r06_c05"",""r06_c06""],""poor_cells"":[""r00_c06"",""r00_c07"",""r01_c07"",""r02_c07"",""r03_c04"",""r03_c05""],""severe_cells"":[],""area_bins"":{""fair"":9,""poor"":7,""severe"":0},""row_condition_profile"":[4,4,4,4,1,1,1,0]}"
corr_c6195f6a6f4855c6,"{""affected_cells"":[""r00_c01"",""r00_c02"",""r00_c03"",""r00_c04"",""r00_c05"",""r00_c07"",""r01_c01"",""r01_c02"",""r01_c03"",""r01_c04"",""r01_c05"",""r01_c06"",""r01_c07"",""r02_c02"",""r02_c03"",""r02_c04"",""r02_c05"",""r02_c06"",""r02_c07"",""r03_c02"",""r03_c03"",""r03_c04"",""r03_c05"",""r03_c07"",""r04_c01"",""r04_c02"",""r04_c03"",""r04_c04"",""r05_c01"",""r05_c02"",""r05_c03"",""r05_c04"",""r06_c02"",""r06_c03"",""r06_c04""],""fair_cells"":[""r00_c01"",""r00_c02"",""r00_c03"",""r00_c04"",""r00_c05"",""r00_c07"",""r01_c01"",""r01_c02"",""r01_c03"",""r01_c04"",""r01_c05"",""r01_c06"",""r01_c07"",""r02_c03"",""r02_c04"",""r02_c05"",""r02_c06"",""r02_c07"",""r03_c02"",""r03_c03"",""r03_c04"",""r03_c05"",""r03_c07"",""r04_c02"",""r04_c03"",""r04_c04"",""r05_c02"",""r05_c03"",""r05_c04"",""r06_c02"",""r06_c03"",""r06_c04""],""poor_cells"":[""r00_c01"",""r00_c02"",""r00_c03"",""r00_c04"",""r01_c02"",""r01_c03"",""r01_c04"",""r02_c02"",""r02_c03"",""r02_c04"",""r03_c02"",""r03_c03"",""r03_c04"",""r04_c01"",""r04_c02"",""r04_c03"",""r04_c04"",""r05_c01"",""r05_c02"",""r05_c03"",""r05_c04""],""severe_cells"":[],""area_bins"":{""fair"":9,""poor"":9,""severe"":0},""row_condition_profile"":[4,4,4,4,4,4,1,0]}"
corr_c6ce1e173ddbb32e,"{""affected_cells"":[""r00_c00"",""r00_c01"",""r00_c02"",""r00_c03"",""r00_c04"",""r00_c05"",""r01_c00"",""r01_c01"",""r01_c02"",""r01_c03"",""r01_c04"",""r01_c05"",""r02_c00"",""r02_c01"",""r02_c02"",""r02_c03"",""r02_c04"",""r02_c05"",""r03_c00"",""r03_c01"",""r03_c02"",""r03_c03"",""r03_c04"",""r03_c05"",""r04_c00"",""r04_c01"",""r04_c02"",""r04_c03"",""r04_c04"",""r04_c05"",""r04_c06"",""r05_c00"",""r05_c01"",""r05_c02"",""r05_c03"",""r05_c04"",""r05_c05"",""r05_c06"",""r05_c07"",""r06_c00"",""r06_c01"",""r06_c02"",""r06_c03"",""r06_c04"",""r06_c05"",""r06_c06"",""r06_c07""],""fair_cells"":[""r00_c00"",""r00_c01"",""r00_c02"",""r00_c03"",""r00_c04"",""r00_c05"",""r01_c00"",""r01_c01"",""r01_c02"",""r01_c03"",""r01_c04"",""r01_c05"",""r02_c00"",""r02_c01"",""r02_c02"",""r02_c03"",""r02_c04"",""r02_c05"",""r03_c00"",""r03_c01"",""r03_c02"",""r03_c03"",""r03_c04"",""r03_c05"",""r04_c00"",""r04_c01"",""r04_c02"",""r04_c03"",""r04_c04"",""r04_c05"",""r04_c06"",""r05_c00"",""r05_c01"",""r05_c02"",""r05_c03"",""r05_c04"",""r05_c05"",""r05_c06"",""r05_c07"",""r06_c00"",""r06_c01"",""r06_c02"",""r06_c03"",""r06_c04"",""r06_c05"",""r06_c06"",""r06_c07""],""poor_cells"":[],""severe_cells"":[""r04_c01"",""r04_c02"",""r05_c01"",""r05_c02"",""r06_c02""],""area_bins"":{""fair"":9,""poor"":0,""severe"":1},""row_condition_profile"":[1,1,1,1,4,4,4,0]}"
corr_c73a9cc06642fef6,"{""affected_cells"":[""r04_c00"",""r04_c02"",""r04_c03"",""r04_c04"",""r05_c00"",""r05_c01"",""r05_c02"",""r05_c03"",""r05_c04"",""r05_c05"",""r05_c06"",""r05_c07"",""r06_c00"",""r06_c01"",""r06_c02"",""r06_c03"",""r06_c04"",""r06_c05"",""r06_c06"",""r06_c07""],""fair_cells"":[""r04_c00"",""r04_c02"",""r04_c03"",""r04_c04"",""r05_c00"",""r05_c01"",""r05_c02"",""r05_c03"",""r05_c04"",""r05_c05"",""r05_c06"",""r05_c07"",""r06_c00"",""r06_c01"",""r06_c02"",""r06_c03"",""r06_c04"",""r06_c05"",""r06_c06"",""r06_c07""],""poor_cells"":[""r05_c00"",""r06_c00"",""r06_c01"",""r06_c02"",""r06_c03""],""severe_cells"":[],""area_bins"":{""fair"":8,""poor"":4,""severe"":0},""row_condition_profile"":[0,0,0,0,1,4,4,0]}"
corr_c8e6538188034130,"{""affected_cells"":[""r00_c00"",""r00_c01"",""r00_c02"",""r00_c03"",""r00_c04"",""r00_c05"",""r00_c07"",""r01_c00"",""r01_c01"",""r01_c02"",""r01_c03"",""r01_c04"",""r01_c05"",""r01_c07"",""r02_c00"",""r02_c01"",""r02_c02"",""r02_c03"",""r02_c04"",""r02_c05"",""r02_c06"",""r02_c07"",""r03_c00"",""r03_c01"",""r03_c02"",""r03_c03"",""r03_c04"",""r03_c05"",""r03_c06"",""r03_c07"",""r04_c00"",""r04_c01"",""r04_c02"",""r04_c03"",""r04_c04"",""r04_c05"",""r04_c06"",""r04_c07"",""r05_c00"",""r05_c01"",""r05_c02"",""r05_c03"",""r05_c04"",""r05_c05"",""r05_c06"",""r05_c07"",""r06_c01"",""r06_c02"",""r06_c03"",""r06_c04"",""r06_c05"",""r06_c06""],""fair_cells"":[""r00_c00"",""r00_c01"",""r00_c02"",""r00_c03"",""r00_c04"",""r00_c07"",""r01_c00"",""r01_c01"",""r01_c02"",""r01_c03"",""r01_c04"",""r01_c07"",""r02_c00"",""r02_c01"",""r02_c02"",""r02_c03"",""r02_c06"",""r02_c07"",""r03_c00"",""r03_c06"",""r03_c07"",""r04_c03"",""r04_c06"",""r04_c07"",""r05_c03"",""r05_c04"",""r05_c06"",""r05_c07""],""poor_cells"":[""r00_c04"",""r00_c05"",""r01_c02"",""r01_c03"",""r01_c04"",""r01_c05"",""r02_c00"",""r02_c01"",""r02_c02"",""r02_c03"",""r02_c04"",""r02_c05"",""r02_c06"",""r03_c00"",""r03_c01"",""r03_c02"",""r03_c03"",""r03_c04"",""r03_c05"",""r03_c06"",""r04_c00"",""r04_c01"",""r04_c02"",""r04_c03"",""r04_c04"",""r04_c05"",""r04_c06"",""r05_c00"",""r05_c01"",""r05_c02"",""r05_c03"",""r05_c04"",""r05_c05"",""r05_c06"",""r06_c01"",""r06_c02"",""r06_c03"",""r06_c04"",""r06_c05"",""r06_c06""],""severe_cells"":[],""area_bins"":{""fair"":7,""poor"":9,""severe"":0},""row_condition_profile"":[4,4,4,4,4,4,2,0]}"
corr_c956842a271bddd5,"{""affected_cells"":[""r00_c00"",""r00_c01"",""r00_c02"",""r00_c03"",""r00_c04"",""r00_c05"",""r01_c00"",""r01_c01"",""r01_c02"",""r01_c03"",""r01_c04"",""r01_c05"",""r01_c06"",""r01_c07"",""r02_c00"",""r02_c01"",""r02_c02"",""r02_c03"",""r02_c04"",""r02_c05"",""r03_c00"",""r03_c01"",""r03_c02"",""r03_c03"",""r03_c04"",""r04_c00"",""r04_c01"",""r04_c02"",""r04_c03"",""r04_c04"",""r05_c00"",""r05_c01"",""r05_c02"",""r05_c03"",""r05_c04"",""r06_c01"",""r06_c02"",""r06_c03"",""r06_c04""],""fair_cells"":[""r00_c00"",""r00_c01"",""r00_c02"",""r00_c03"",""r00_c04"",""r00_c05"",""r01_c00"",""r01_c01"",""r01_c03"",""r01_c04"",""r01_c05"",""r01_c06"",""r01_c07"",""r02_c00"",""r02_c01"",""r02_c05"",""r03_c00"",""r06_c03""],""poor_cells"":[""r00_c01"",""r00_c02"",""r00_c03"",""r01_c01"",""r01_c02"",""r01_c03"",""r01_c04"",""r02_c00"",""r02_c01"",""r02_c02"",""r02_c03"",""r02_c04"",""r02_c05"",""r03_c00"",""r03_c01"",""r03_c02"",""r03_c03"",""r03_c04"",""r04_c00"",""r04_c01"",""r04_c02"",""r04_c03"",""r04_c04"",""r05_c00"",""r05_c01"",""r05_c02"",""r05_c03"",""r05_c04"",""r06_c01"",""r06_c02"",""r06_c03"",""r06_c04""],""severe_cells"":[""r00_c03""],""area_bins"":{""fair"":7,""poor"":9,""severe"":1},""row_condition_profile"":[4,4,4,4,2,2,4,0]}"
corr_c9b694d740504129,"{""affected_cells"":[""r00_c03"",""r00_c04"",""r00_c05"",""r00_c06"",""r00_c07"",""r01_c04"",""r01_c05"",""r01_c06"",""r01_c07"",""r02_c04"",""r02_c05"",""r02_c06"",""r02_c07"",""r03_c00"",""r03_c01"",""r03_c04"",""r03_c05"",""r03_c06"",""r03_c07"",""r04_c00"",""r04_c01"",""r04_c02"",""r04_c04"",""r04_c05"",""r04_c06"",""r04_c07"",""r05_c02"",""r05_c03"",""r05_c04"",""r05_c05"",""r06_c03"",""r06_c04""],""fair_cells"":[""r00_c03"",""r00_c04"",""r01_c04"",""r02_c04"",""r03_c00"",""r03_c01"",""r03_c04"",""r04_c00"",""r04_c01"",""r04_c02"",""r04_c04"",""r05_c02"",""r05_c03"",""r05_c04"",""r06_c03"",""r06_c04""],""poor_cells"":[""r00_c04"",""r00_c05"",""r00_c06"",""r00_c07"",""r01_c04"",""r01_c05"",""r01_c06"",""r01_c07"",""r02_c04"",""r02_c05"",""r02_c06"",""r02_c07"",""r03_c04"",""r03_c05"",""r03_c06"",""r03_c07"",""r04_c05"",""r04_c06"",""r04_c07"",""r05_c05""],""severe_cells"":[],""area_bins"":{""fair"":5,""poor"":9,""severe"":0},""row_condition_profile"":[4,4,4,4,4,4,1,0]}"
corr_cb8c00bc3af823a9,"{""affected_cells"":[""r00_c05"",""r00_c06"",""r00_c07"",""r01_c05"",""r01_c06"",""r01_c07"",""r02_c05"",""r02_c06"",""r02_c07"",""r03_c05"",""r03_c06"",""r03_c07"",""r04_c05"",""r04_c06"",""r04_c07"",""r05_c03"",""r05_c04"",""r05_c05"",""r05_c06"",""r05_c07"",""r06_c04"",""r06_c05"",""r06_c06"",""r06_c07""],""fair_cells"":[""r00_c05"",""r00_c06"",""r00_c07"",""r01_c05"",""r01_c06"",""r01_c07"",""r02_c05"",""r02_c06"",""r02_c07"",""r03_c05"",""r03_c06"",""r03_c07"",""r04_c05"",""r04_c06"",""r04_c07"",""r05_c03"",""r05_c04"",""r05_c05"",""r05_c06"",""r06_c04"",""r06_c05""],""poor_cells"":[""r00_c07"",""r01_c07"",""r02_c07"",""r03_c07"",""r04_c06"",""r04_c07"",""r05_c06"",""r05_c07"",""r06_c06"",""r06_c07""],""severe_cells"":[""r03_c07"",""r04_c07"",""r05_c06"",""r05_c07"",""r06_c06"",""r06_c07""],""area_bins"":{""fair"":6,""poor"":5,""severe"":6},""row_condition_profile"":[4,4,4,4,4,4,4,0]}"
corr_cb97b58dcb452386,"{""affected_cells"":[""r04_c00"",""r04_c01"",""r04_c02"",""r04_c03"",""r04_c04"",""r04_c05"",""r05_c00"",""r05_c01"",""r05_c02"",""r05_c03"",""r05_c04"",""r05_c05"",""r06_c01"",""r06_c02"",""r06_c03"",""r06_c04""],""fair_cells"":[""r04_c00"",""r04_c01"",""r04_c02"",""r04_c03"",""r04_c04"",""r04_c05"",""r05_c00"",""r05_c01"",""r05_c02"",""r05_c03"",""r05_c04"",""r05_c05"",""r06_c01"",""r06_c02"",""r06_c03"",""r06_c04""],""poor_cells"":[],""severe_cells"":[],""area_bins"":{""fair"":5,""poor"":0,""severe"":0},""row_condition_profile"":[0,0,0,0,1,1,1,0]}"
corr_cbc65a5bceb70a11,"{""affected_cells"":[""r00_c00"",""r00_c01"",""r00_c03"",""r00_c04"",""r01_c00"",""r01_c01"",""r01_c03"",""r01_c04"",""r01_c05"",""r02_c00"",""r03_c00"",""r03_c01"",""r03_c02"",""r03_c03"",""r03_c04"",""r03_c05"",""r04_c00"",""r04_c01"",""r04_c02"",""r04_c03"",""r04_c04"",""r04_c05"",""r04_c06"",""r05_c00"",""r05_c01"",""r05_c02"",""r05_c03"",""r05_c04"",""r05_c05"",""r05_c06"",""r06_c00"",""r06_c03"",""r06_c04"",""r06_c05"",""r06_c06""],""fair_cells"":[""r00_c00"",""r00_c01"",""r00_c03"",""r00_c04"",""r01_c00"",""r01_c01"",""r01_c03"",""r01_c04"",""r01_c05"",""r02_c00"",""r03_c00"",""r03_c01"",""r03_c02"",""r03_c03"",""r03_c04"",""r03_c05"",""r04_c00"",""r04_c01"",""r04_c02"",""r04_c03"",""r04_c04"",""r04_c05"",""r04_c06"",""r05_c00"",""r05_c01"",""r05_c02"",""r05_c03"",""r05_c04"",""r05_c05"",""r05_c06"",""r06_c00"",""r06_c03"",""r06_c04"",""r06_c05"",""r06_c06""],""poor_cells"":[""r03_c01"",""r03_c02"",""r03_c03"",""r03_c04"",""r03_c05"",""r04_c01"",""r04_c02"",""r04_c03"",""r04_c04""],""severe_cells"":[],""area_bins"":{""fair"":9,""poor"":6,""severe"":0},""row_condition_profile"":[1,1,1,4,4,1,1,0]}"
corr_cc87cc450259e042,"{""affected_cells"":[""r00_c00"",""r00_c01"",""r00_c02"",""r00_c03"",""r00_c04"",""r00_c05"",""r01_c00"",""r01_c01"",""r01_c02"",""r01_c03"",""r01_c04"",""r01_c05"",""r01_c06"",""r01_c07"",""r02_c00"",""r02_c01"",""r02_c02"",""r02_c03"",""r02_c04"",""r02_c05"",""r03_c03"",""r03_c04""],""fair_cells"":[""r00_c00"",""r00_c01"",""r00_c02"",""r00_c03"",""r00_c04"",""r00_c05"",""r01_c00"",""r01_c01"",""r01_c02"",""r01_c03"",""r01_c04"",""r01_c05"",""r01_c06"",""r01_c07"",""r02_c00"",""r02_c01"",""r02_c02"",""r02_c03""],""poor_cells"":[""r00_c03"",""r00_c04"",""r01_c03"",""r01_c04"",""r01_c05"",""r02_c03"",""r02_c04"",""r02_c05"",""r03_c03"",""r03_c04""],""severe_cells"":[],""area_bins"":{""fair"":8,""poor"":9,""severe"":0},""row_condition_profile"":[4,4,4,2,0,0,0,0]}"
corr_cd1d92cf3bd8fe81,"{""affected_cells"":[""r00_c01"",""r00_c02"",""r00_c06"",""r00_c07"",""r01_c01"",""r01_c02"",""r01_c05"",""r01_c06"",""r01_c07"",""r02_c01"",""r02_c04"",""r02_c05"",""r02_c06"",""r02_c07"",""r03_c03"",""r03_c04"",""r03_c05"",""r03_c06"",""r03_c07"",""r04_c00"",""r04_c01"",""r04_c02"",""r04_c03"",""r04_c07"",""r05_c00"",""r05_c06"",""r05_c07"",""r06_c07""],""fair_cells"":[""r00_c06"",""r00_c07"",""r01_c01"",""r01_c02"",""r01_c05"",""r01_c06"",""r01_c07"",""r02_c01"",""r02_c04"",""r02_c05"",""r02_c06"",""r02_c07"",""r03_c03"",""r03_c04"",""r03_c05"",""r03_c06"",""r03_c07"",""r04_c00"",""r04_c01"",""r04_c02"",""r04_c03"",""r05_c00""],""poor_cells"":[""r00_c01"",""r00_c02"",""r01_c01"",""r02_c01"",""r04_c07"",""r05_c06"",""r05_c07"",""r06_c07""],""severe_cells"":[],""area_bins"":{""fair"":6,""poor"":7,""severe"":0},""row_condition_profile"":[4,4,4,1,4,4,2,0]}"
corr_cd505e15a9f5a388,"{""affected_cells"":[""r00_c03"",""r00_c04"",""r00_c05"",""r00_c06"",""r00_c07"",""r01_c01"",""r01_c02"",""r01_c03"",""r01_c04"",""r01_c05"",""r01_c06"",""r01_c07"",""r02_c00"",""r02_c01"",""r02_c02"",""r02_c03"",""r02_c04"",""r02_c05"",""r02_c06"",""r02_c07"",""r03_c00"",""r03_c01"",""r03_c02"",""r03_c03"",""r03_c04"",""r03_c05"",""r03_c06"",""r03_c07"",""r04_c00"",""r04_c01"",""r04_c02"",""r04_c03"",""r04_c04"",""r04_c05"",""r04_c06"",""r04_c07"",""r05_c00"",""r05_c01"",""r05_c02"",""r05_c03"",""r05_c04"",""r06_c00""],""fair_cells"":[""r00_c03"",""r00_c04"",""r00_c05"",""r00_c06"",""r00_c07"",""r01_c01"",""r01_c02"",""r01_c03"",""r01_c04"",""r01_c05"",""r02_c00"",""r02_c01"",""r02_c02"",""r02_c03"",""r02_c04"",""r03_c00"",""r03_c01"",""r04_c00""],""poor_cells"":[""r00_c06"",""r00_c07"",""r01_c03"",""r01_c04"",""r01_c05"",""r01_c06"",""r01_c07"",""r02_c01"",""r02_c02"",""r02_c03"",""r02_c04"",""r02_c05"",""r02_c06"",""r02_c07"",""r03_c00"",""r03_c01"",""r03_c02"",""r03_c03"",""r03_c04"",""r03_c05"",""r03_c06"",""r03_c07"",""r04_c00"",""r04_c01"",""r04_c02"",""r04_c03"",""r04_c04"",""r04_c05"",""r04_c06"",""r04_c07"",""r05_c00"",""r05_c01"",""r05_c02"",""r05_c03"",""r05_c04"",""r06_c00""],""severe_cells"":[""r02_c06"",""r02_c07""],""area_bins"":{""fair"":7,""poor"":9,""severe"":7},""row_condition_profile"":[4,4,4,4,4,2,2,0]}"
corr_cd96b453ca96cd89,"{""affected_cells"":[""r00_c01"",""r00_c02"",""r00_c03"",""r00_c04"",""r00_c05"",""r00_c06"",""r00_c07"",""r01_c01"",""r01_c02"",""r01_c03"",""r01_c04"",""r01_c05"",""r01_c06"",""r01_c07"",""r02_c01"",""r02_c02"",""r02_c03"",""r02_c04"",""r02_c05"",""r02_c06"",""r03_c00"",""r03_c01"",""r03_c02"",""r03_c03"",""r03_c05"",""r03_c06"",""r04_c05"",""r04_c06"",""r04_c07""],""fair_cells"":[""r00_c01"",""r00_c02"",""r00_c03"",""r00_c04"",""r00_c05"",""r00_c06"",""r00_c07"",""r01_c01"",""r01_c02"",""r01_c03"",""r01_c04"",""r01_c05"",""r01_c06"",""r01_c07"",""r02_c01"",""r02_c02"",""r02_c03"",""r02_c04"",""r02_c05"",""r02_c06"",""r03_c00"",""r03_c01"",""r03_c02"",""r03_c03"",""r03_c05"",""r03_c06"",""r04_c05"",""r04_c06"",""r04_c07""],""poor_cells"":[""r00_c01"",""r00_c02"",""r00_c03"",""r00_c04"",""r01_c01"",""r01_c02"",""r01_c03"",""r01_c04"",""r01_c05"",""r01_c06"",""r02_c01"",""r02_c02"",""r02_c03"",""r02_c04"",""r02_c05"",""r03_c01"",""r03_c02"",""r03_c03""],""severe_cells"":[],""area_bins"":{""fair"":8,""poor"":9,""severe"":0},""row_condition_profile"":[4,4,4,4,1,0,0,0]}"
corr_ce712d243b8f4768,"{""affected_cells"":[""r00_c00"",""r00_c01"",""r00_c02"",""r00_c03"",""r00_c04"",""r01_c00"",""r01_c03"",""r01_c04"",""r02_c00"",""r02_c03"",""r02_c04"",""r03_c00"",""r03_c03"",""r03_c04"",""r04_c00"",""r04_c03"",""r04_c04"",""r05_c00"",""r05_c03"",""r05_c04"",""r06_c00"",""r06_c03"",""r06_c04""],""fair_cells"":[""r00_c00"",""r00_c01"",""r00_c02"",""r00_c03"",""r00_c04"",""r01_c00"",""r01_c03"",""r01_c04"",""r02_c00"",""r02_c03"",""r02_c04"",""r03_c00"",""r03_c03"",""r03_c04"",""r04_c00"",""r04_c03"",""r04_c04"",""r05_c00"",""r05_c03"",""r05_c04"",""r06_c00"",""r06_c03"",""r06_c04""],""poor_cells"":[],""severe_cells"":[],""area_bins"":{""fair"":6,""poor"":0,""severe"":0},""row_condition_profile"":[1,1,1,1,1,1,1,0]}"
corr_cf8a82e18c1e9008,"{""affected_cells"":[""r01_c06"",""r02_c06"",""r03_c06"",""r04_c06"",""r04_c07"",""r05_c05"",""r05_c06"",""r05_c07"",""r06_c05"",""r06_c06"",""r06_c07""],""fair_cells"":[""r01_c06"",""r02_c06"",""r03_c06""],""poor_cells"":[""r04_c06"",""r04_c07"",""r05_c05"",""r05_c06"",""r05_c07"",""r06_c05"",""r06_c06"",""r06_c07""],""severe_cells"":[""r06_c05"",""r06_c06"",""r06_c07""],""area_bins"":{""fair"":2,""poor"":6,""severe"":1},""row_condition_profile"":[0,1,1,1,2,2,4,0]}"
corr_cfeca5989b4de1d5,"{""affected_cells"":[""r00_c00"",""r00_c01"",""r00_c02"",""r01_c00"",""r01_c01"",""r01_c02"",""r01_c03"",""r01_c04"",""r02_c00"",""r02_c01"",""r02_c02"",""r03_c00"",""r03_c01"",""r03_c02"",""r03_c03"",""r03_c04"",""r04_c00"",""r04_c01"",""r04_c02"",""r04_c03"",""r04_c04"",""r05_c00"",""r05_c01"",""r05_c02"",""r06_c00"",""r06_c01"",""r06_c02""],""fair_cells"":[""r00_c00"",""r00_c01"",""r00_c02"",""r01_c00"",""r01_c01"",""r01_c02"",""r01_c03"",""r01_c04"",""r02_c00"",""r02_c01"",""r02_c02"",""r03_c00"",""r03_c01"",""r03_c02"",""r03_c03"",""r03_c04"",""r04_c00"",""r04_c01"",""r04_c02"",""r04_c03"",""r04_c04"",""r05_c00"",""r05_c01"",""r05_c02"",""r06_c00"",""r06_c01"",""r06_c02""],""poor_cells"":[],""severe_cells"":[],""area_bins"":{""fair"":9,""poor"":0,""severe"":0},""row_condition_profile"":[1,1,1,1,1,1,1,0]}"
corr_d12a46b1481103d4,"{""affected_cells"":[""r05_c05"",""r06_c06"",""r06_c07""],""fair_cells"":[""r05_c05"",""r06_c06"",""r06_c07""],""poor_cells"":[""r06_c06"",""r06_c07""],""severe_cells"":[],""area_bins"":{""fair"":3,""poor"":1,""severe"":0},""row_condition_profile"":[0,0,0,0,0,1,4,0]}"
corr_d14ec3e4f16b3417,"{""affected_cells"":[""r00_c02"",""r00_c03"",""r00_c04"",""r00_c05"",""r00_c06"",""r01_c02"",""r01_c03"",""r01_c04"",""r01_c05"",""r01_c06"",""r01_c07"",""r02_c00"",""r02_c01"",""r02_c02"",""r02_c03"",""r02_c04"",""r02_c05"",""r02_c06"",""r02_c07"",""r03_c00"",""r03_c01"",""r03_c02"",""r03_c03"",""r03_c04"",""r03_c05"",""r03_c06"",""r03_c07"",""r04_c00"",""r04_c01"",""r04_c02"",""r04_c03"",""r04_c04"",""r04_c05"",""r04_c06"",""r04_c07"",""r05_c00"",""r05_c01"",""r05_c02"",""r05_c03"",""r05_c04"",""r05_c05"",""r05_c06"",""r05_c07"",""r06_c00"",""r06_c01"",""r06_c02"",""r06_c03"",""r06_c04"",""r06_c05"",""r06_c06"",""r06_c07""],""fair_cells"":[""r00_c02"",""r00_c03"",""r00_c04"",""r00_c05"",""r00_c06"",""r01_c02"",""r01_c03"",""r01_c04"",""r01_c05"",""r01_c06"",""r01_c07"",""r02_c00"",""r02_c01"",""r02_c02"",""r02_c03"",""r02_c04"",""r02_c05"",""r02_c06"",""r02_c07"",""r03_c00"",""r03_c01"",""r03_c02"",""r03_c03"",""r03_c04"",""r03_c05"",""r03_c06"",""r03_c07"",""r04_c00"",""r04_c01"",""r04_c02"",""r04_c03"",""r04_c04"",""r04_c05"",""r04_c06"",""r04_c07"",""r05_c03"",""r05_c04"",""r05_c05"",""r05_c06"",""r05_c07""],""poor_cells"":[""r01_c03"",""r01_c04"",""r01_c05"",""r02_c02"",""r02_c03"",""r02_c04"",""r02_c05"",""r03_c02"",""r03_c03"",""r03_c04"",""r03_c05"",""r04_c00"",""r04_c01"",""r04_c02"",""r04_c03"",""r04_c04"",""r04_c05"",""r04_c06"",""r05_c00"",""r05_c01"",""r05_c02"",""r05_c03"",""r05_c04"",""r05_c05"",""r05_c06"",""r05_c07"",""r06_c00"",""r06_c01"",""r06_c02"",""r06_c03"",""r06_c04"",""r06_c05"",""r06_c06"",""r06_c07""],""severe_cells"":[],""area_bins"":{""fair"":9,""poor"":9,""severe"":0},""row_condition_profile"":[1,4,4,4,4,4,2,0]}"
corr_d1df19fee98ee380,"{""affected_cells"":[""r00_c00"",""r00_c01"",""r00_c02""],""fair_cells"":[""r00_c00"",""r00_c01"",""r00_c02""],""poor_cells"":[""r00_c00""],""severe_cells"":[],""area_bins"":{""fair"":3,""poor"":3,""severe"":0},""row_condition_profile"":[4,0,0,0,0,0,0,0]}"
corr_d1e4a388fb42eaeb,"{""affected_cells"":[""r00_c00"",""r00_c01"",""r00_c02"",""r00_c03"",""r00_c04"",""r00_c05"",""r00_c06"",""r00_c07"",""r01_c00"",""r01_c01"",""r01_c02"",""r01_c03"",""r01_c04"",""r01_c05"",""r01_c06"",""r02_c00"",""r02_c01"",""r02_c02"",""r02_c03"",""r04_c01""],""fair_cells"":[""r00_c00"",""r00_c01"",""r00_c02"",""r00_c04"",""r00_c05"",""r00_c06"",""r00_c07"",""r01_c00"",""r01_c01"",""r01_c02"",""r01_c03"",""r01_c04"",""r01_c05"",""r01_c06"",""r02_c00"",""r02_c01"",""r02_c02"",""r02_c03"",""r04_c01""],""poor_cells"":[""r00_c00"",""r00_c01"",""r00_c02"",""r00_c03"",""r00_c04"",""r00_c05"",""r01_c00"",""r01_c01""],""severe_cells"":[],""area_bins"":{""fair"":7,""poor"":4,""severe"":0},""row_condition_profile"":[4,4,1,0,1,0,0,0]}"
corr_d21fc33d968162a8,"{""affected_cells"":[""r00_c06"",""r00_c07"",""r01_c06"",""r01_c07"",""r02_c03"",""r02_c04"",""r02_c05"",""r02_c06"",""r02_c07"",""r03_c03"",""r03_c06"",""r03_c07"",""r04_c07"",""r05_c02"",""r05_c05"",""r05_c06"",""r05_c07"",""r06_c06""],""fair_cells"":[""r00_c06"",""r00_c07"",""r01_c06"",""r01_c07"",""r02_c03"",""r02_c04"",""r02_c05"",""r02_c06"",""r02_c07"",""r03_c03"",""r03_c06"",""r03_c07"",""r04_c07"",""r05_c02"",""r05_c05"",""r05_c06"",""r05_c07"",""r06_c06""],""poor_cells"":[],""severe_cells"":[],""area_bins"":{""fair"":6,""poor"":0,""severe"":0},""row_condition_profile"":[1,1,1,1,1,1,1,0]}"
corr_d2abb62c94405f7d,"{""affected_cells"":[""r00_c00"",""r00_c01"",""r00_c02"",""r00_c03"",""r00_c04"",""r00_c05"",""r00_c06"",""r00_c07"",""r01_c00"",""r01_c01"",""r01_c02"",""r01_c03"",""r01_c04"",""r01_c05"",""r01_c06"",""r01_c07"",""r02_c00"",""r02_c01"",""r02_c02"",""r02_c03"",""r02_c04"",""r02_c05"",""r03_c00"",""r03_c01"",""r03_c02"",""r03_c03"",""r04_c00"",""r04_c01"",""r04_c02"",""r05_c00"",""r05_c01"",""r05_c02"",""r06_c00"",""r06_c01"",""r06_c02""],""fair_cells"":[""r01_c05"",""r02_c04"",""r02_c05""],""poor_cells"":[""r00_c00"",""r00_c01"",""r00_c02"",""r00_c03"",""r00_c04"",""r00_c05"",""r00_c06"",""r00_c07"",""r01_c00"",""r01_c01"",""r01_c02"",""r01_c03"",""r01_c04"",""r01_c05"",""r01_c06"",""r01_c07"",""r02_c00"",""r02_c01"",""r02_c02"",""r02_c03"",""r03_c00"",""r03_c01"",""r03_c02"",""r03_c03"",""r04_c00"",""r04_c01"",""r04_c02"",""r05_c00"",""r05_c01"",""r05_c02"",""r06_c00"",""r06_c01"",""r06_c02""],""severe_cells"":[],""area_bins"":{""fair"":2,""poor"":9,""severe"":0},""row_condition_profile"":[2,4,4,2,2,2,2,0]}"
corr_d41e4067110d98eb,"{""affected_cells"":[""r00_c04"",""r00_c05"",""r00_c06"",""r01_c04"",""r02_c06"",""r03_c04"",""r03_c05"",""r03_c06"",""r03_c07"",""r04_c04"",""r04_c05"",""r04_c06"",""r04_c07"",""r05_c06"",""r05_c07""],""fair_cells"":[""r00_c04"",""r00_c05"",""r00_c06"",""r01_c04"",""r02_c06"",""r03_c04"",""r03_c05"",""r03_c06"",""r03_c07"",""r04_c04"",""r04_c05"",""r04_c06"",""r04_c07"",""r05_c06"",""r05_c07""],""poor_cells"":[],""severe_cells"":[],""area_bins"":{""fair"":7,""poor"":0,""severe"":0},""row_condition_profile"":[1,1,1,1,1,1,0,0]}"
corr_d41fbd5c7e028bdd,"{""affected_cells"":[""r00_c00"",""r00_c01"",""r00_c02"",""r00_c03"",""r00_c04"",""r00_c05"",""r00_c06"",""r01_c00"",""r01_c01"",""r01_c02"",""r01_c03"",""r01_c04"",""r01_c05"",""r02_c00"",""r02_c01"",""r03_c00"",""r03_c01"",""r03_c02"",""r03_c03"",""r04_c00"",""r04_c01"",""r04_c02"",""r04_c03""],""fair_cells"":[""r00_c00"",""r00_c01"",""r00_c02"",""r00_c03"",""r00_c04"",""r00_c05"",""r00_c06"",""r01_c00"",""r01_c01"",""r01_c02"",""r01_c03"",""r01_c04"",""r01_c05"",""r02_c00"",""r02_c01"",""r03_c00"",""r03_c01"",""r03_c02"",""r03_c03"",""r04_c00"",""r04_c01"",""r04_c02"",""r04_c03""],""poor_cells"":[],""severe_cells"":[],""area_bins"":{""fair"":9,""poor"":0,""severe"":0},""row_condition_profile"":[1,1,1,1,1,0,0,0]}"
corr_d480756d89ce355e,"{""affected_cells"":[""r00_c00"",""r00_c01"",""r00_c06"",""r00_c07"",""r01_c00"",""r01_c01"",""r01_c06"",""r01_c07"",""r02_c00"",""r02_c03"",""r02_c04"",""r02_c05"",""r02_c06"",""r02_c07"",""r03_c00"",""r03_c02"",""r03_c03"",""r03_c04"",""r03_c05"",""r03_c06"",""r03_c07""],""fair_cells"":[""r00_c00"",""r00_c01"",""r00_c06"",""r00_c07"",""r01_c00"",""r01_c01"",""r01_c06"",""r01_c07"",""r02_c00"",""r02_c03"",""r02_c04"",""r02_c05"",""r02_c06"",""r02_c07"",""r03_c00"",""r03_c02"",""r03_c03"",""r03_c04"",""r03_c05"",""r03_c06"",""r03_c07""],""poor_cells"":[""r00_c06"",""r00_c07"",""r01_c06"",""r01_c07"",""r02_c07""],""severe_cells"":[],""area_bins"":{""fair"":6,""poor"":7,""severe"":0},""row_condition_profile"":[4,4,4,1,0,0,0,0]}"
corr_d58fdaf176d8f099,"{""affected_cells"":[""r00_c03"",""r01_c03"",""r01_c04"",""r01_c06"",""r01_c07"",""r02_c06"",""r02_c07"",""r03_c04"",""r03_c05"",""r03_c07"",""r04_c04"",""r04_c05"",""r04_c06"",""r04_c07"",""r05_c03"",""r05_c04"",""r05_c05"",""r05_c06"",""r05_c07"",""r06_c02"",""r06_c03"",""r06_c04"",""r06_c05"",""r06_c06"",""r06_c07""],""fair_cells"":[""r00_c03"",""r01_c03"",""r01_c04"",""r01_c06"",""r01_c07"",""r02_c06"",""r02_c07"",""r03_c04"",""r03_c05"",""r03_c07"",""r04_c04"",""r04_c05"",""r04_c06"",""r04_c07"",""r05_c03"",""r05_c04"",""r05_c05"",""r05_c06"",""r05_c07"",""r06_c02"",""r06_c03"",""r06_c04"",""r06_c05"",""r06_c06"",""r06_c07""],""poor_cells"":[],""severe_cells"":[],""area_bins"":{""fair"":8,""poor"":0,""severe"":0},""row_condition_profile"":[1,1,1,1,1,1,1,0]}"
corr_d67dc253589cfa99,"{""affected_cells"":[""r00_c03"",""r00_c04"",""r00_c05"",""r00_c06"",""r00_c07"",""r01_c04"",""r01_c05"",""r01_c07"",""r02_c04"",""r02_c05"",""r02_c07"",""r05_c03"",""r06_c03""],""fair_cells"":[""r00_c03"",""r00_c04"",""r00_c05"",""r00_c06"",""r00_c07"",""r01_c04"",""r01_c05"",""r01_c07"",""r02_c04"",""r02_c05"",""r02_c07"",""r05_c03"",""r06_c03""],""poor_cells"":[],""severe_cells"":[],""area_bins"":{""fair"":2,""poor"":0,""severe"":0},""row_condition_profile"":[1,1,1,0,0,1,1,0]}"
corr_d70da5ee89a12527,"{""affected_cells"":[""r00_c01"",""r00_c02"",""r00_c03"",""r00_c04"",""r00_c05"",""r00_c06"",""r01_c01"",""r01_c02"",""r01_c03"",""r01_c04"",""r01_c05"",""r01_c06"",""r01_c07"",""r02_c01"",""r02_c02"",""r02_c03"",""r02_c04"",""r02_c05"",""r02_c06"",""r02_c07"",""r03_c02"",""r03_c03"",""r03_c04"",""r03_c05"",""r03_c06"",""r03_c07"",""r04_c02"",""r04_c03"",""r04_c04"",""r04_c05"",""r05_c03"",""r05_c04"",""r05_c05""],""fair_cells"":[""r00_c01"",""r00_c02"",""r00_c03"",""r00_c04"",""r01_c01"",""r01_c02"",""r01_c03"",""r01_c04"",""r02_c01"",""r02_c02"",""r02_c03"",""r03_c02"",""r04_c02"",""r04_c03"",""r04_c04"",""r04_c05"",""r05_c03"",""r05_c04"",""r05_c05""],""poor_cells"":[""r00_c04"",""r00_c05"",""r00_c06"",""r01_c03"",""r01_c04"",""r01_c05"",""r01_c06"",""r01_c07"",""r02_c02"",""r02_c03"",""r02_c04"",""r02_c05"",""r02_c06"",""r02_c07"",""r03_c02"",""r03_c03"",""r03_c04"",""r03_c05"",""r03_c06"",""r03_c07"",""r04_c02""],""severe_cells"":[""r01_c04"",""r02_c02"",""r02_c03"",""r02_c04"",""r02_c05"",""r02_c06"",""r03_c02"",""r03_c03"",""r03_c04"",""r03_c05"",""r03_c06""],""area_bins"":{""fair"":7,""poor"":9,""severe"":1},""row_condition_profile"":[4,4,4,4,4,1,0,0]}"
corr_d71eb32cb651e0fa,"{""affected_cells"":[""r00_c03"",""r00_c04"",""r00_c05"",""r00_c06"",""r00_c07"",""r01_c03"",""r01_c04"",""r01_c06"",""r01_c07"",""r02_c06"",""r02_c07"",""r03_c05"",""r03_c06"",""r03_c07"",""r04_c07"",""r05_c06"",""r05_c07"",""r06_c06"",""r06_c07""],""fair_cells"":[""r00_c03"",""r00_c06"",""r00_c07"",""r01_c03"",""r01_c06"",""r01_c07"",""r02_c07"",""r04_c07"",""r05_c06"",""r05_c07"",""r06_c06"",""r06_c07""],""poor_cells"":[""r01_c07"",""r02_c06"",""r02_c07"",""r03_c05"",""r03_c06"",""r03_c07""],""severe_cells"":[""r00_c04"",""r00_c05"",""r00_c06"",""r01_c04""],""area_bins"":{""fair"":2,""poor"":8,""severe"":1},""row_condition_profile"":[4,4,4,2,1,1,1,0]}"
corr_d7290f676217fbd9,"{""affected_cells"":[""r00_c01"",""r00_c02"",""r00_c03"",""r00_c04"",""r00_c05"",""r00_c06"",""r00_c07"",""r01_c03"",""r01_c04"",""r01_c05"",""r01_c06"",""r01_c07"",""r02_c03"",""r02_c04"",""r02_c05"",""r02_c06"",""r02_c07"",""r03_c03"",""r03_c04"",""r03_c05"",""r03_c06"",""r03_c07"",""r04_c00"",""r04_c01"",""r04_c02"",""r04_c03"",""r04_c04"",""r04_c05"",""r04_c06"",""r04_c07"",""r05_c00"",""r05_c01"",""r05_c02"",""r05_c03"",""r05_c04"",""r05_c05"",""r05_c06"",""r05_c07"",""r06_c00"",""r06_c01"",""r06_c02"",""r06_c03"",""r06_c04"",""r06_c05"",""r06_c06"",""r06_c07""],""fair_cells"":[""r00_c01"",""r00_c02"",""r00_c03"",""r00_c04"",""r00_c05"",""r00_c06"",""r00_c07"",""r01_c03"",""r01_c04"",""r01_c07"",""r02_c03"",""r02_c04"",""r02_c07"",""r03_c03"",""r03_c04"",""r03_c06"",""r03_c07"",""r04_c00"",""r04_c01"",""r04_c02"",""r04_c03"",""r04_c04"",""r04_c07"",""r05_c00"",""r05_c01"",""r05_c02"",""r05_c03""],""poor_cells"":[""r00_c05"",""r00_c06"",""r00_c07"",""r01_c04"",""r01_c05"",""r01_c06"",""r01_c07"",""r02_c04"",""r02_c05"",""r02_c06"",""r02_c07"",""r03_c04"",""r03_c05"",""r03_c06"",""r03_c07"",""r04_c04"",""r04_c05"",""r04_c06"",""r04_c07"",""r05_c00"",""r05_c01"",""r05_c02"",""r05_c03"",""r05_c04"",""r05_c05"",""r05_c06"",""r05_c07"",""r06_c00"",""r06_c01"",""r06_c02"",""r06_c03"",""r06_c04"",""r06_c05"",""r06_c06"",""r06_c07""],""severe_cells"":[],""area_bins"":{""fair"":7,""poor"":9,""severe"":0},""row_condition_profile"":[4,4,4,4,4,4,2,0]}"
corr_d73dac77525cb2f1,"{""affected_cells"":[""r00_c00"",""r00_c01"",""r00_c02"",""r00_c03"",""r00_c04"",""r00_c05"",""r00_c06"",""r01_c00"",""r01_c01"",""r01_c02"",""r01_c03"",""r01_c04"",""r01_c05"",""r01_c06"",""r02_c00"",""r02_c01"",""r02_c02"",""r02_c03"",""r02_c04"",""r02_c05"",""r02_c06"",""r03_c00"",""r03_c01"",""r03_c02"",""r03_c03"",""r03_c04"",""r03_c05"",""r03_c06"",""r03_c07"",""r04_c00"",""r04_c01"",""r04_c02"",""r04_c03"",""r04_c04"",""r04_c05"",""r04_c06"",""r04_c07"",""r05_c00"",""r05_c01"",""r05_c02"",""r05_c03"",""r05_c04"",""r05_c05"",""r05_c06"",""r05_c07"",""r06_c04"",""r06_c05"",""r06_c06"",""r06_c07""],""fair_cells"":[""r00_c00"",""r00_c01"",""r00_c02"",""r00_c03"",""r00_c04"",""r00_c05"",""r00_c06"",""r01_c00"",""r01_c01"",""r01_c02"",""r01_c03"",""r01_c04"",""r01_c05"",""r01_c06"",""r02_c00"",""r02_c01"",""r02_c02"",""r02_c03"",""r02_c04"",""r02_c05"",""r02_c06"",""r03_c00"",""r03_c01"",""r03_c02"",""r03_c03"",""r03_c04"",""r03_c05"",""r03_c06"",""r03_c07"",""r04_c00"",""r04_c01"",""r04_c02"",""r04_c03"",""r04_c04"",""r04_c05"",""r04_c06"",""r04_c07"",""r05_c00"",""r05_c01"",""r05_c02"",""r05_c03"",""r05_c04"",""r05_c05"",""r05_c06"",""r05_c07"",""r06_c04"",""r06_c05"",""r06_c06"",""r06_c07""],""poor_cells"":[""r03_c06"",""r03_c07"",""r04_c06"",""r04_c07"",""r05_c07""],""severe_cells"":[],""area_bins"":{""fair"":9,""poor"":3,""severe"":0},""row_condition_profile"":[1,1,1,4,4,4,1,0]}"
corr_d753028c1117e0ca,"{""affected_cells"":[""r00_c04"",""r00_c05"",""r00_c06"",""r00_c07"",""r01_c02"",""r01_c03"",""r01_c04"",""r01_c05"",""r01_c06"",""r01_c07"",""r02_c02"",""r02_c03"",""r02_c04"",""r02_c05"",""r02_c06"",""r02_c07"",""r03_c04"",""r03_c05"",""r03_c06"",""r03_c07"",""r04_c03"",""r04_c04"",""r04_c05"",""r04_c06"",""r04_c07"",""r05_c03"",""r05_c04"",""r05_c05"",""r05_c06"",""r05_c07"",""r06_c06"",""r06_c07""],""fair_cells"":[""r00_c04"",""r00_c05"",""r00_c06"",""r00_c07"",""r01_c02"",""r01_c03"",""r01_c04"",""r01_c05"",""r01_c06"",""r01_c07"",""r02_c02"",""r02_c03"",""r02_c04"",""r02_c05"",""r02_c06"",""r02_c07"",""r03_c04"",""r03_c05"",""r03_c06"",""r03_c07"",""r04_c03"",""r04_c04"",""r04_c05"",""r04_c06"",""r04_c07"",""r05_c03"",""r05_c04"",""r05_c05"",""r05_c06"",""r05_c07"",""r06_c06"",""r06_c07""],""poor_cells"":[""r03_c07"",""r04_c04"",""r04_c05"",""r04_c06"",""r04_c07"",""r05_c05"",""r05_c06"",""r05_c07"",""r06_c06"",""r06_c07""],""severe_cells"":[],""area_bins"":{""fair"":7,""poor"":6,""severe"":0},""row_condition_profile"":[1,1,1,4,4,4,4,0]}"
corr_d76057b41543a6b2,"{""affected_cells"":[""r00_c00"",""r00_c01"",""r00_c03"",""r01_c00"",""r01_c01"",""r01_c02"",""r01_c03"",""r02_c00"",""r02_c01"",""r02_c02"",""r02_c03"",""r03_c00"",""r03_c01"",""r03_c02""],""fair_cells"":[""r00_c00"",""r00_c01"",""r00_c03"",""r01_c00"",""r01_c01"",""r01_c02"",""r01_c03"",""r02_c00"",""r02_c01"",""r02_c02"",""r02_c03"",""r03_c00"",""r03_c01"",""r03_c02""],""poor_cells"":[],""severe_cells"":[],""area_bins"":{""fair"":6,""poor"":0,""severe"":0},""row_condition_profile"":[1,1,1,1,0,0,0,0]}"
corr_d7bd36f688d277f6,"{""affected_cells"":[""r00_c00"",""r00_c01"",""r00_c02"",""r00_c03"",""r00_c04"",""r00_c05"",""r00_c06"",""r00_c07"",""r01_c05"",""r01_c06"",""r01_c07"",""r02_c04""],""fair_cells"":[""r00_c00"",""r00_c01"",""r00_c02"",""r00_c06"",""r00_c07""],""poor_cells"":[""r00_c04"",""r00_c05"",""r00_c06"",""r00_c07"",""r01_c05"",""r01_c06"",""r01_c07""],""severe_cells"":[""r00_c00"",""r00_c01"",""r00_c02"",""r00_c03"",""r02_c04""],""area_bins"":{""fair"":4,""poor"":7,""severe"":1},""row_condition_profile"":[4,2,3,0,0,0,0,0]}"
corr_d7d68f1f13a7cdc4,"{""affected_cells"":[""r01_c00"",""r01_c01"",""r02_c00"",""r02_c01"",""r02_c02"",""r02_c06"",""r03_c00"",""r03_c01"",""r03_c02"",""r03_c03"",""r03_c05"",""r04_c00"",""r04_c01"",""r04_c02"",""r04_c03"",""r04_c05"",""r05_c00"",""r05_c01"",""r05_c02"",""r05_c03"",""r06_c00"",""r06_c01"",""r06_c02"",""r06_c03""],""fair_cells"":[""r01_c00"",""r01_c01"",""r02_c00"",""r02_c01"",""r02_c02"",""r02_c06"",""r03_c00"",""r03_c01"",""r03_c02"",""r03_c03"",""r03_c05"",""r04_c00"",""r04_c01"",""r04_c02"",""r04_c03"",""r04_c05"",""r05_c00"",""r05_c01"",""r05_c02"",""r06_c00"",""r06_c01""],""poor_cells"":[""r05_c00"",""r05_c01"",""r05_c02"",""r05_c03"",""r06_c00"",""r06_c01"",""r06_c02"",""r06_c03""],""severe_cells"":[],""area_bins"":{""fair"":9,""poor"":9,""severe"":0},""row_condition_profile"":[0,1,1,1,1,4,4,0]}"
corr_d82b667c11a44fe8,"{""affected_cells"":[""r00_c00"",""r00_c01"",""r00_c02"",""r00_c07"",""r01_c00"",""r01_c01"",""r01_c02"",""r02_c07"",""r03_c04"",""r03_c05"",""r03_c06"",""r03_c07"",""r04_c04"",""r04_c07"",""r05_c00"",""r05_c01"",""r05_c04"",""r05_c05""],""fair_cells"":[""r00_c00"",""r00_c01"",""r00_c02"",""r00_c07"",""r01_c00"",""r01_c01"",""r01_c02"",""r02_c07"",""r03_c04"",""r03_c05"",""r03_c06"",""r03_c07"",""r04_c04"",""r04_c07"",""r05_c00"",""r05_c01""],""poor_cells"":[""r04_c07"",""r05_c04"",""r05_c05""],""severe_cells"":[],""area_bins"":{""fair"":4,""poor"":1,""severe"":0},""row_condition_profile"":[1,1,1,1,4,4,0,0]}"
corr_d8ad55d00bdc89e1,"{""affected_cells"":[""r00_c00"",""r00_c01"",""r00_c02"",""r00_c03"",""r01_c00"",""r01_c02"",""r02_c00"",""r02_c01"",""r02_c02"",""r03_c00"",""r03_c01""],""fair_cells"":[""r00_c00"",""r00_c01"",""r00_c02"",""r00_c03"",""r01_c00"",""r01_c02"",""r02_c00"",""r02_c01"",""r02_c02"",""r03_c00"",""r03_c01""],""poor_cells"":[""r00_c00"",""r00_c01"",""r00_c02""],""severe_cells"":[],""area_bins"":{""fair"":4,""poor"":1,""severe"":0},""row_condition_profile"":[4,1,1,1,0,0,0,0]}"
corr_d8f470f7b93e9398,"{""affected_cells"":[""r01_c06"",""r02_c05"",""r02_c06"",""r02_c07"",""r03_c05"",""r03_c06"",""r03_c07"",""r04_c04"",""r04_c05"",""r04_c06"",""r04_c07"",""r05_c05"",""r05_c06"",""r05_c07"",""r06_c05"",""r06_c06"",""r06_c07""],""fair_cells"":[""r01_c06"",""r02_c05"",""r02_c06"",""r02_c07"",""r03_c05"",""r03_c06"",""r03_c07"",""r04_c04"",""r04_c05"",""r04_c06"",""r04_c07"",""r05_c05"",""r05_c06"",""r05_c07"",""r06_c05"",""r06_c06"",""r06_c07""],""poor_cells"":[""r02_c06"",""r02_c07"",""r03_c05"",""r03_c06"",""r03_c07"",""r04_c04"",""r04_c05""],""severe_cells"":[],""area_bins"":{""fair"":6,""poor"":6,""severe"":0},""row_condition_profile"":[0,1,4,4,4,1,1,0]}"
corr_d91af75be78db855,"{""affected_cells"":[""r00_c01"",""r01_c01"",""r01_c02"",""r01_c03"",""r01_c07"",""r02_c01"",""r02_c02"",""r02_c03"",""r02_c06"",""r02_c07"",""r03_c00"",""r03_c01"",""r03_c02"",""r03_c03"",""r03_c04"",""r03_c05"",""r03_c06"",""r03_c07"",""r04_c00"",""r04_c01"",""r04_c02"",""r04_c03"",""r04_c04"",""r04_c06"",""r04_c07"",""r05_c01"",""r05_c07"",""r06_c00"",""r06_c01"",""r06_c03"",""r06_c04"",""r06_c05"",""r06_c07""],""fair_cells"":[""r00_c01"",""r01_c01"",""r01_c02"",""r01_c03"",""r01_c07"",""r02_c01"",""r02_c02"",""r02_c03"",""r02_c06"",""r02_c07"",""r03_c00"",""r03_c01"",""r03_c02"",""r03_c03"",""r03_c04"",""r03_c05"",""r03_c06"",""r03_c07"",""r04_c00"",""r04_c01"",""r04_c02"",""r04_c03"",""r04_c04"",""r04_c06"",""r04_c07"",""r05_c01"",""r05_c07"",""r06_c00"",""r06_c01"",""r06_c03"",""r06_c04"",""r06_c05"",""r06_c07""],""poor_cells"":[""r00_c01"",""r01_c01"",""r04_c07"",""r05_c07""],""severe_cells"":[],""area_bins"":{""fair"":8,""poor"":2,""severe"":0},""row_condition_profile"":[4,4,1,1,4,4,1,0]}"
corr_db09cc47b39ac40b,"{""affected_cells"":[""r00_c00"",""r00_c05"",""r00_c07"",""r01_c04"",""r01_c05"",""r01_c06"",""r01_c07"",""r02_c05"",""r02_c06"",""r02_c07"",""r04_c02"",""r04_c03"",""r05_c05""],""fair_cells"":[""r00_c00"",""r00_c05"",""r00_c07"",""r01_c04"",""r01_c05"",""r01_c06"",""r01_c07"",""r02_c05"",""r02_c06"",""r02_c07"",""r04_c02"",""r04_c03"",""r05_c05""],""poor_cells"":[],""severe_cells"":[],""area_bins"":{""fair"":4,""poor"":0,""severe"":0},""row_condition_profile"":[1,1,1,0,1,1,0,0]}"
corr_db5079b0b5d44c67,"{""affected_cells"":[""r00_c03"",""r00_c04"",""r00_c05"",""r02_c04"",""r02_c05"",""r02_c06"",""r02_c07"",""r03_c01"",""r03_c02"",""r03_c03"",""r03_c04"",""r03_c05"",""r03_c06"",""r03_c07"",""r04_c00"",""r04_c01"",""r04_c02"",""r04_c03"",""r04_c04"",""r04_c05"",""r04_c06"",""r04_c07"",""r05_c00"",""r05_c01"",""r05_c02"",""r05_c03"",""r05_c04"",""r05_c05"",""r05_c06"",""r05_c07"",""r06_c00"",""r06_c01"",""r06_c02"",""r06_c03"",""r06_c04"",""r06_c05"",""r06_c06"",""r06_c07""],""fair_cells"":[""r00_c03"",""r00_c04"",""r00_c05"",""r02_c04"",""r02_c05"",""r02_c06"",""r02_c07"",""r03_c01"",""r03_c02"",""r03_c03"",""r03_c04"",""r03_c05"",""r03_c06"",""r03_c07"",""r04_c00"",""r04_c01"",""r04_c02"",""r04_c03"",""r04_c04"",""r04_c05"",""r04_c06"",""r04_c07"",""r05_c00"",""r05_c01"",""r05_c05"",""r05_c06"",""r05_c07"",""r06_c00"",""r06_c01"",""r06_c05"",""r06_c06"",""r06_c07""],""poor_cells"":[""r02_c07"",""r03_c04"",""r03_c05"",""r03_c06"",""r03_c07"",""r04_c01"",""r04_c02"",""r04_c03"",""r04_c04"",""r04_c05"",""r04_c06"",""r04_c07"",""r05_c01"",""r05_c02"",""r05_c03"",""r05_c04"",""r05_c05"",""r05_c06"",""r05_c07"",""r06_c00"",""r06_c01"",""r06_c02"",""r06_c03"",""r06_c04"",""r06_c05""],""severe_cells"":[],""area_bins"":{""fair"":7,""poor"":9,""severe"":0},""row_condition_profile"":[1,0,4,4,4,4,4,0]}"
corr_dc970b3b9e8e0c37,"{""affected_cells"":[""r00_c00"",""r00_c01"",""r00_c02"",""r00_c03"",""r00_c04"",""r00_c05"",""r00_c06"",""r00_c07"",""r01_c00"",""r01_c01"",""r01_c02"",""r01_c03"",""r01_c04"",""r01_c05"",""r01_c06"",""r01_c07"",""r02_c00"",""r02_c01"",""r02_c02"",""r02_c03"",""r02_c04"",""r02_c05"",""r02_c06"",""r03_c00"",""r03_c01"",""r03_c02"",""r03_c03"",""r03_c04"",""r03_c05"",""r03_c06"",""r03_c07"",""r04_c00"",""r04_c01"",""r04_c02"",""r04_c03"",""r04_c04"",""r05_c02"",""r05_c03"",""r06_c01"",""r06_c02"",""r06_c03""],""fair_cells"":[""r00_c03"",""r00_c04"",""r00_c05"",""r01_c01"",""r01_c02"",""r01_c03"",""r01_c04"",""r01_c05"",""r01_c06"",""r02_c00"",""r02_c01"",""r02_c02"",""r02_c03"",""r02_c04"",""r02_c05"",""r02_c06"",""r03_c00"",""r03_c01"",""r03_c02"",""r03_c03"",""r03_c04"",""r03_c05"",""r03_c06"",""r03_c07"",""r04_c00"",""r04_c01"",""r04_c02"",""r04_c03"",""r04_c04"",""r05_c02"",""r05_c03"",""r06_c01"",""r06_c02"",""r06_c03""],""poor_cells"":[""r00_c00"",""r00_c01"",""r00_c02"",""r00_c03"",""r00_c04"",""r00_c05"",""r00_c06"",""r00_c07"",""r01_c00"",""r01_c01"",""r01_c02"",""r01_c03"",""r01_c04"",""r01_c05"",""r01_c06"",""r01_c07"",""r02_c00""],""severe_cells"":[""r00_c00"",""r00_c01"",""r01_c00"",""r01_c01""],""area_bins"":{""fair"":9,""poor"":9,""severe"":1},""row_condition_profile"":[4,4,4,1,1,1,1,0]}"
corr_dcb7c02d9294bbac,"{""affected_cells"":[""r03_c00"",""r04_c00"",""r04_c01"",""r04_c02"",""r04_c03"",""r05_c00"",""r05_c01"",""r05_c02"",""r05_c03"",""r06_c00""],""fair_cells"":[""r03_c00"",""r04_c00"",""r04_c01"",""r04_c02"",""r04_c03"",""r05_c00"",""r05_c01"",""r05_c02"",""r05_c03"",""r06_c00""],""poor_cells"":[""r04_c00""],""severe_cells"":[],""area_bins"":{""fair"":5,""poor"":1,""severe"":0},""row_condition_profile"":[0,0,0,1,4,1,1,0]}"
corr_de634e87c5c35c66,"{""affected_cells"":[""r00_c00"",""r00_c01"",""r00_c02"",""r00_c03"",""r00_c04"",""r00_c05"",""r00_c06"",""r00_c07"",""r01_c00"",""r01_c01"",""r01_c02"",""r02_c00"",""r02_c01"",""r02_c02"",""r02_c03"",""r03_c00"",""r03_c01"",""r03_c02"",""r03_c03"",""r04_c00""],""fair_cells"":[""r00_c00"",""r00_c01"",""r00_c02"",""r01_c00""],""poor_cells"":[""r00_c00"",""r00_c01"",""r00_c02"",""r00_c03"",""r00_c04"",""r00_c05"",""r00_c06"",""r00_c07"",""r01_c00"",""r01_c01"",""r01_c02"",""r02_c00"",""r02_c01"",""r02_c02"",""r02_c03"",""r03_c00"",""r03_c01"",""r03_c02"",""r03_c03"",""r04_c00""],""severe_cells"":[""r01_c02"",""r02_c02"",""r02_c03""],""area_bins"":{""fair"":1,""poor"":8,""severe"":1},""row_condition_profile"":[4,4,4,2,2,0,0,0]}"
corr_def15a48ee7b8c48,"{""affected_cells"":[""r02_c03"",""r02_c04"",""r02_c05"",""r02_c06"",""r02_c07"",""r03_c03"",""r03_c04"",""r03_c05"",""r03_c06"",""r03_c07"",""r04_c00"",""r04_c01"",""r04_c02"",""r04_c03"",""r04_c04"",""r04_c05"",""r04_c06"",""r04_c07"",""r05_c00"",""r05_c01"",""r05_c02"",""r05_c03"",""r05_c04"",""r05_c07"",""r06_c07""],""fair_cells"":[""r02_c03"",""r02_c04"",""r02_c05"",""r02_c06"",""r02_c07"",""r03_c03"",""r03_c04"",""r03_c05"",""r03_c06"",""r03_c07"",""r04_c00"",""r04_c01"",""r04_c02"",""r04_c03"",""r04_c04"",""r04_c06"",""r04_c07"",""r05_c00"",""r05_c01"",""r05_c02"",""r05_c03"",""r05_c04"",""r05_c07"",""r06_c07""],""poor_cells"":[""r03_c05"",""r03_c06"",""r03_c07"",""r04_c00"",""r04_c01"",""r04_c04"",""r04_c05"",""r04_c06"",""r04_c07"",""r05_c01"",""r05_c04""],""severe_cells"":[],""area_bins"":{""fair"":7,""poor"":7,""severe"":0},""row_condition_profile"":[0,0,1,4,4,4,1,0]}"
corr_df264cb4a787da1d,"{""affected_cells"":[""r00_c00"",""r00_c01"",""r00_c02"",""r00_c03"",""r00_c04"",""r00_c05"",""r00_c06"",""r00_c07"",""r01_c00"",""r01_c01"",""r01_c02"",""r01_c03"",""r01_c04"",""r01_c05"",""r01_c06"",""r01_c07"",""r02_c00"",""r02_c01"",""r02_c02"",""r02_c03"",""r02_c04"",""r02_c05"",""r02_c06"",""r02_c07"",""r03_c02"",""r03_c03"",""r03_c04"",""r03_c05"",""r03_c06"",""r03_c07"",""r04_c02"",""r04_c05"",""r04_c06"",""r04_c07"",""r05_c04"",""r05_c05"",""r05_c06"",""r05_c07"",""r06_c05"",""r06_c06"",""r06_c07""],""fair_cells"":[""r00_c00"",""r00_c01"",""r00_c02"",""r00_c03"",""r00_c04"",""r00_c05"",""r00_c06"",""r00_c07"",""r01_c00"",""r01_c01"",""r01_c02"",""r01_c03"",""r01_c04"",""r01_c05"",""r01_c06"",""r01_c07"",""r02_c00"",""r02_c01"",""r02_c02"",""r02_c03"",""r02_c04"",""r02_c05"",""r02_c06"",""r02_c07"",""r03_c02"",""r03_c03"",""r03_c04"",""r03_c05"",""r03_c06"",""r03_c07"",""r04_c02"",""r04_c05"",""r04_c06"",""r04_c07"",""r05_c05"",""r05_c06"",""r05_c07"",""r06_c05"",""r06_c06"",""r06_c07""],""poor_cells"":[""r03_c07"",""r04_c07"",""r05_c04"",""r05_c05"",""r05_c07"",""r06_c05"",""r06_c06"",""r06_c07""],""severe_cells"":[],""area_bins"":{""fair"":9,""poor"":6,""severe"":0},""row_condition_profile"":[1,1,1,4,4,4,4,0]}"
corr_dff01bf51cc38880,"{""affected_cells"":[""r00_c04"",""r01_c04"",""r01_c05"",""r01_c06"",""r02_c04"",""r02_c05"",""r02_c06"",""r03_c04"",""r03_c05"",""r03_c06"",""r04_c03"",""r04_c04"",""r04_c05"",""r04_c06"",""r04_c07"",""r05_c03"",""r05_c04"",""r05_c05"",""r05_c06"",""r05_c07"",""r06_c03"",""r06_c04"",""r06_c05"",""r06_c06"",""r06_c07""],""fair_cells"":[""r00_c04"",""r01_c04"",""r01_c05"",""r01_c06"",""r02_c04"",""r02_c05"",""r02_c06"",""r03_c04"",""r03_c05"",""r03_c06"",""r04_c03"",""r04_c04"",""r04_c05"",""r04_c06"",""r04_c07"",""r05_c03"",""r05_c04"",""r05_c05"",""r05_c06"",""r05_c07"",""r06_c05"",""r06_c06"",""r06_c07""],""poor_cells"":[""r03_c04"",""r04_c04"",""r04_c05"",""r05_c03"",""r05_c04"",""r05_c05"",""r05_c06"",""r05_c07"",""r06_c03"",""r06_c04"",""r06_c05"",""r06_c06"",""r06_c07""],""severe_cells"":[],""area_bins"":{""fair"":7,""poor"":7,""severe"":0},""row_condition_profile"":[1,1,1,4,4,4,4,0]}"
corr_e1204a52f3a2720b,"{""affected_cells"":[""r00_c00"",""r00_c01"",""r00_c02"",""r00_c03"",""r00_c04"",""r01_c00"",""r01_c01"",""r01_c02"",""r01_c03"",""r01_c04"",""r01_c06"",""r02_c00"",""r02_c01"",""r02_c02"",""r02_c03"",""r02_c04"",""r02_c06"",""r02_c07"",""r03_c00"",""r03_c01"",""r03_c02"",""r03_c03"",""r03_c04"",""r03_c06"",""r03_c07"",""r04_c00"",""r04_c01"",""r04_c02"",""r04_c03"",""r04_c04"",""r04_c05"",""r04_c06"",""r04_c07"",""r05_c00"",""r05_c01"",""r05_c02"",""r05_c03"",""r05_c04"",""r05_c06"",""r06_c00"",""r06_c01"",""r06_c02"",""r06_c03"",""r06_c04"",""r06_c05"",""r06_c06""],""fair_cells"":[""r00_c00"",""r00_c01"",""r00_c02"",""r00_c03"",""r00_c04"",""r01_c00"",""r01_c01"",""r01_c02"",""r01_c03"",""r01_c04"",""r01_c06"",""r02_c00"",""r02_c01"",""r02_c02"",""r02_c03"",""r02_c04"",""r02_c06"",""r02_c07"",""r03_c00"",""r03_c01"",""r03_c02"",""r03_c03"",""r03_c04"",""r03_c06"",""r03_c07"",""r04_c01"",""r04_c02"",""r04_c03"",""r04_c04"",""r04_c05"",""r04_c06"",""r04_c07"",""r05_c04"",""r05_c06"",""r06_c04"",""r06_c05"",""r06_c06""],""poor_cells"":[""r04_c00"",""r05_c00"",""r05_c01"",""r05_c02"",""r05_c03"",""r05_c06"",""r06_c00"",""r06_c01"",""r06_c02"",""r06_c03"",""r06_c04"",""r06_c06""],""severe_cells"":[],""area_bins"":{""fair"":9,""poor"":9,""severe"":0},""row_condition_profile"":[1,1,1,1,4,4,4,0]}"
corr_e1d7b72418d0ff8a,"{""affected_cells"":[""r00_c00"",""r00_c01"",""r00_c02"",""r00_c03"",""r00_c04"",""r00_c05"",""r01_c00"",""r01_c01"",""r01_c02"",""r01_c03"",""r01_c04"",""r01_c05"",""r02_c00"",""r02_c01"",""r02_c02"",""r02_c03"",""r02_c04"",""r03_c00"",""r03_c01"",""r03_c02"",""r03_c03"",""r03_c04"",""r04_c00"",""r04_c01"",""r04_c02"",""r04_c03"",""r04_c04"",""r04_c05"",""r05_c00"",""r05_c01"",""r05_c02"",""r05_c03"",""r05_c04""],""fair_cells"":[""r00_c00"",""r00_c01"",""r00_c02"",""r00_c03"",""r00_c04"",""r00_c05"",""r01_c02"",""r01_c03"",""r01_c04"",""r01_c05"",""r02_c00"",""r02_c01"",""r02_c02"",""r02_c03"",""r02_c04"",""r03_c00"",""r03_c01"",""r03_c02"",""r03_c03"",""r03_c04"",""r04_c03"",""r04_c04"",""r04_c05"",""r05_c04""],""poor_cells"":[""r00_c00"",""r00_c03"",""r01_c00"",""r01_c01"",""r01_c03"",""r02_c00"",""r02_c01"",""r02_c02"",""r02_c03"",""r03_c00"",""r03_c01"",""r03_c02"",""r03_c03"",""r04_c00"",""r04_c01"",""r04_c02"",""r04_c03"",""r04_c04"",""r05_c00"",""r05_c01"",""r05_c02"",""r05_c03""],""severe_cells"":[""r05_c01""],""area_bins"":{""fair"":6,""poor"":9,""severe"":1},""row_condition_profile"":[4,4,4,4,4,4,0,0]}"
corr_e2e48add29a15b85,"{""affected_cells"":[""r04_c05"",""r04_c07"",""r05_c07"",""r06_c07""],""fair_cells"":[""r04_c05"",""r04_c07"",""r05_c07"",""r06_c07""],""poor_cells"":[],""severe_cells"":[],""area_bins"":{""fair"":4,""poor"":0,""severe"":0},""row_condition_profile"":[0,0,0,0,1,1,1,0]}"
corr_e2f14f9921736c57,"{""affected_cells"":[""r01_c01"",""r02_c00"",""r02_c01"",""r03_c00"",""r03_c01"",""r04_c00"",""r04_c01"",""r05_c00"",""r05_c01"",""r05_c05"",""r05_c06"",""r05_c07"",""r06_c00"",""r06_c01"",""r06_c05"",""r06_c06"",""r06_c07""],""fair_cells"":[""r01_c01"",""r02_c00"",""r02_c01"",""r03_c00"",""r03_c01"",""r04_c00"",""r04_c01"",""r05_c00"",""r05_c01"",""r05_c05"",""r05_c06"",""r05_c07"",""r06_c00"",""r06_c01"",""r06_c05"",""r06_c06"",""r06_c07""],""poor_cells"":[""r01_c01"",""r04_c01"",""r05_c01"",""r05_c06"",""r05_c07"",""r06_c01""],""severe_cells"":[],""area_bins"":{""fair"":5,""poor"":4,""severe"":0},""row_condition_profile"":[0,4,1,1,4,4,4,0]}"
corr_e3f5fd41373abb7b,"{""affected_cells"":[""r00_c00"",""r00_c01"",""r00_c02"",""r00_c03"",""r00_c04"",""r00_c05"",""r00_c06"",""r00_c07"",""r01_c01"",""r01_c02"",""r01_c03"",""r01_c04"",""r01_c05"",""r01_c06"",""r01_c07"",""r02_c02"",""r02_c03"",""r02_c04"",""r02_c05"",""r02_c06"",""r02_c07"",""r03_c02"",""r03_c03"",""r03_c04"",""r03_c05"",""r03_c06"",""r03_c07"",""r04_c05"",""r04_c06"",""r04_c07""],""fair_cells"":[""r00_c04""],""poor_cells"":[""r00_c00"",""r00_c01"",""r00_c02"",""r00_c03"",""r00_c04"",""r00_c05"",""r00_c06"",""r00_c07"",""r01_c01"",""r01_c02"",""r01_c03"",""r01_c04"",""r01_c05"",""r01_c06"",""r01_c07"",""r02_c02"",""r02_c03"",""r02_c04"",""r02_c05"",""r02_c06"",""r02_c07"",""r03_c02"",""r03_c03"",""r03_c04"",""r03_c05"",""r03_c06"",""r03_c07"",""r04_c05"",""r04_c06"",""r04_c07""],""severe_cells"":[""r01_c04"",""r02_c03"",""r02_c04"",""r02_c05"",""r03_c03"",""r03_c04"",""r03_c05""],""area_bins"":{""fair"":2,""poor"":9,""severe"":9},""row_condition_profile"":[4,4,4,4,2,0,0,0]}"
corr_e42e9ed95e17118b,"{""affected_cells"":[""r00_c01"",""r00_c02"",""r00_c03"",""r00_c04"",""r00_c05"",""r00_c06"",""r00_c07"",""r01_c00"",""r01_c01"",""r01_c02"",""r01_c03"",""r01_c04"",""r01_c05"",""r01_c06"",""r01_c07"",""r02_c00"",""r02_c01"",""r02_c02"",""r02_c03"",""r02_c04"",""r02_c05"",""r02_c06"",""r02_c07"",""r03_c00"",""r03_c01"",""r03_c02"",""r03_c03"",""r03_c04"",""r03_c05"",""r03_c06"",""r03_c07""],""fair_cells"":[""r00_c01"",""r00_c02"",""r00_c03"",""r00_c04"",""r00_c05"",""r00_c06"",""r00_c07"",""r01_c00"",""r01_c01"",""r01_c02"",""r01_c03"",""r01_c04"",""r02_c00"",""r02_c01"",""r02_c02"",""r02_c03"",""r03_c00"",""r03_c01"",""r03_c02"",""r03_c03"",""r03_c05"",""r03_c06"",""r03_c07""],""poor_cells"":[""r00_c05"",""r00_c06"",""r01_c01"",""r01_c02"",""r01_c03"",""r01_c04"",""r01_c05"",""r01_c06"",""r01_c07"",""r02_c00"",""r02_c01"",""r02_c02"",""r02_c03"",""r02_c04"",""r02_c05"",""r02_c06"",""r02_c07"",""r03_c00"",""r03_c01"",""r03_c02"",""r03_c03"",""r03_c04"",""r03_c05"",""r03_c06"",""r03_c07""],""severe_cells"":[],""area_bins"":{""fair"":8,""poor"":9,""severe"":0},""row_condition_profile"":[4,4,4,4,0,0,0,0]}"
corr_e44fa4ebcc2b24f4,"{""affected_cells"":[""r00_c03"",""r00_c04"",""r00_c05"",""r00_c06"",""r00_c07"",""r01_c03"",""r01_c04"",""r01_c05"",""r01_c06"",""r01_c07"",""r02_c03"",""r02_c04"",""r02_c05"",""r02_c06"",""r02_c07"",""r03_c03"",""r03_c04"",""r03_c05"",""r03_c06"",""r03_c07"",""r04_c06""],""fair_cells"":[""r00_c04"",""r00_c05"",""r00_c06"",""r00_c07"",""r01_c03"",""r01_c04"",""r01_c05"",""r01_c06"",""r01_c07"",""r02_c03"",""r02_c04"",""r02_c05"",""r02_c06"",""r02_c07"",""r03_c03"",""r03_c04"",""r03_c05"",""r03_c06"",""r03_c07"",""r04_c06""],""poor_cells"":[""r00_c03"",""r00_c07""],""severe_cells"":[],""area_bins"":{""fair"":9,""poor"":1,""severe"":0},""row_condition_profile"":[4,1,1,1,1,0,0,0]}"
corr_e4c1cc6c5d3469a1,"{""affected_cells"":[""r00_c02"",""r00_c03"",""r00_c04"",""r00_c05"",""r00_c06"",""r00_c07"",""r01_c01"",""r01_c02"",""r01_c03"",""r01_c04"",""r01_c05"",""r01_c06"",""r01_c07"",""r02_c00"",""r02_c01"",""r02_c02"",""r02_c03"",""r02_c04"",""r02_c05"",""r02_c06"",""r02_c07"",""r03_c00"",""r03_c01"",""r03_c04"",""r03_c05"",""r03_c06"",""r03_c07"",""r04_c06"",""r04_c07""],""fair_cells"":[""r00_c02"",""r00_c03"",""r00_c04"",""r00_c05"",""r00_c06"",""r00_c07"",""r01_c01"",""r01_c02"",""r01_c03"",""r01_c04"",""r01_c05"",""r01_c06"",""r01_c07"",""r02_c00"",""r02_c01"",""r02_c02"",""r02_c03"",""r02_c04"",""r02_c05"",""r02_c06"",""r02_c07"",""r03_c00"",""r03_c01"",""r03_c04"",""r03_c05"",""r03_c06"",""r03_c07"",""r04_c06"",""r04_c07""],""poor_cells"":[""r00_c04"",""r00_c05"",""r00_c06"",""r01_c03"",""r01_c04"",""r01_c05"",""r01_c06"",""r02_c04"",""r02_c05"",""r02_c06"",""r03_c05"",""r03_c06""],""severe_cells"":[],""area_bins"":{""fair"":9,""poor"":8,""severe"":0},""row_condition_profile"":[4,4,4,4,1,0,0,0]}"
corr_e5812f3bc9e48d51,"{""affected_cells"":[""r00_c01"",""r01_c01"",""r02_c00"",""r02_c01"",""r03_c00"",""r03_c01"",""r04_c00"",""r04_c01"",""r04_c02"",""r05_c00"",""r05_c01"",""r06_c00"",""r06_c01""],""fair_cells"":[""r00_c01"",""r01_c01"",""r02_c00"",""r02_c01"",""r03_c00"",""r03_c01"",""r04_c00"",""r04_c01"",""r04_c02"",""r05_c00"",""r05_c01"",""r06_c00"",""r06_c01""],""poor_cells"":[],""severe_cells"":[],""area_bins"":{""fair"":5,""poor"":0,""severe"":0},""row_condition_profile"":[1,1,1,1,1,1,1,0]}"
corr_e639e0f0ab976697,"{""affected_cells"":[""r00_c03"",""r00_c04"",""r00_c05"",""r00_c06"",""r00_c07"",""r01_c03"",""r01_c04"",""r01_c05"",""r01_c06"",""r01_c07"",""r02_c04"",""r02_c05"",""r02_c06"",""r02_c07"",""r03_c04"",""r03_c05"",""r03_c06"",""r03_c07"",""r04_c04"",""r04_c05"",""r04_c06"",""r04_c07"",""r05_c04"",""r05_c05"",""r05_c06"",""r05_c07"",""r06_c03"",""r06_c04"",""r06_c05"",""r06_c06"",""r06_c07""],""fair_cells"":[""r00_c03"",""r00_c04"",""r00_c05"",""r00_c06"",""r00_c07"",""r01_c03"",""r01_c04"",""r01_c05"",""r01_c06"",""r01_c07"",""r02_c07"",""r03_c04"",""r03_c05"",""r03_c06"",""r03_c07"",""r04_c04"",""r04_c05"",""r04_c06"",""r04_c07"",""r05_c04"",""r05_c05"",""r05_c06"",""r05_c07"",""r06_c03"",""r06_c04"",""r06_c05"",""r06_c06"",""r06_c07""],""poor_cells"":[""r00_c03"",""r01_c04"",""r01_c05"",""r01_c06"",""r01_c07"",""r02_c04"",""r02_c05"",""r02_c06"",""r02_c07"",""r03_c04"",""r03_c05"",""r03_c06"",""r03_c07"",""r04_c07""],""severe_cells"":[""r02_c04"",""r02_c05""],""area_bins"":{""fair"":9,""poor"":8,""severe"":1},""row_condition_profile"":[4,4,4,4,4,1,1,0]}"
corr_e65bf6009015761c,"{""affected_cells"":[""r00_c00"",""r00_c01"",""r00_c02"",""r00_c03"",""r01_c00"",""r01_c01"",""r01_c02"",""r01_c03"",""r01_c04"",""r02_c00"",""r02_c01"",""r02_c02"",""r02_c03"",""r02_c04"",""r03_c00"",""r03_c01"",""r03_c02"",""r03_c03"",""r04_c00"",""r04_c01"",""r04_c02"",""r04_c03"",""r04_c05"",""r05_c00"",""r05_c02"",""r05_c03"",""r05_c05"",""r06_c00"",""r06_c02"",""r06_c03"",""r06_c05""],""fair_cells"":[""r00_c00"",""r00_c01"",""r00_c02"",""r00_c03"",""r01_c00"",""r01_c01"",""r01_c02"",""r01_c03"",""r01_c04"",""r02_c00"",""r02_c01"",""r02_c02"",""r02_c03"",""r02_c04"",""r03_c00"",""r03_c01"",""r03_c02"",""r03_c03"",""r04_c00"",""r04_c01"",""r04_c02"",""r04_c03"",""r04_c05"",""r05_c00"",""r05_c02"",""r05_c03"",""r05_c05"",""r06_c00"",""r06_c05""],""poor_cells"":[""r00_c03"",""r01_c00"",""r01_c01"",""r01_c02"",""r02_c00"",""r02_c01"",""r02_c02"",""r03_c01"",""r03_c02"",""r04_c02"",""r04_c03"",""r05_c02"",""r05_c03"",""r06_c02"",""r06_c03""],""severe_cells"":[],""area_bins"":{""fair"":9,""poor"":8,""severe"":0},""row_condition_profile"":[4,4,4,4,4,4,4,0]}"
corr_e67c72d6f77040de,"{""affected_cells"":[""r00_c04"",""r00_c05"",""r00_c07"",""r01_c02"",""r01_c03"",""r01_c04"",""r01_c05"",""r01_c06"",""r01_c07"",""r02_c01"",""r02_c02"",""r02_c03"",""r02_c04"",""r02_c05"",""r02_c06"",""r02_c07"",""r03_c00"",""r03_c01"",""r03_c02"",""r03_c03"",""r03_c04"",""r03_c05"",""r03_c06"",""r03_c07"",""r04_c00"",""r04_c01"",""r04_c02"",""r04_c03"",""r04_c04"",""r04_c05"",""r04_c06"",""r04_c07"",""r05_c00"",""r05_c01"",""r05_c02"",""r05_c03"",""r05_c04"",""r05_c05"",""r05_c06"",""r05_c07"",""r06_c02"",""r06_c03"",""r06_c04"",""r06_c05"",""r06_c06""],""fair_cells"":[""r00_c04"",""r00_c05"",""r00_c07"",""r01_c02"",""r01_c03"",""r01_c04"",""r01_c05"",""r01_c06"",""r01_c07"",""r02_c01"",""r02_c02"",""r02_c03"",""r02_c04"",""r02_c05"",""r02_c06"",""r02_c07"",""r03_c00"",""r03_c01"",""r03_c02"",""r03_c03"",""r03_c04"",""r03_c05"",""r03_c06"",""r04_c00"",""r04_c01"",""r04_c02"",""r04_c03"",""r04_c04"",""r04_c05""],""poor_cells"":[""r02_c07"",""r03_c06"",""r03_c07"",""r04_c00"",""r04_c01"",""r04_c02"",""r04_c03"",""r04_c04"",""r04_c05"",""r04_c06"",""r04_c07"",""r05_c00"",""r05_c01"",""r05_c02"",""r05_c03"",""r05_c04"",""r05_c05"",""r05_c06"",""r05_c07"",""r06_c02"",""r06_c03"",""r06_c04"",""r06_c05"",""r06_c06""],""severe_cells"":[],""area_bins"":{""fair"":9,""poor"":9,""severe"":0},""row_condition_profile"":[1,1,4,4,4,2,2,0]}"
corr_e7262e19c20c7131,"{""affected_cells"":[""r00_c00"",""r00_c01"",""r00_c02"",""r00_c03"",""r00_c04"",""r00_c05"",""r00_c06"",""r00_c07"",""r01_c00"",""r01_c01"",""r01_c02"",""r01_c03"",""r01_c04"",""r01_c05"",""r01_c06"",""r01_c07"",""r02_c03"",""r02_c04"",""r02_c05"",""r02_c06"",""r02_c07"",""r03_c04"",""r03_c05"",""r03_c06"",""r03_c07"",""r04_c07""],""fair_cells"":[""r00_c00"",""r00_c01"",""r00_c02"",""r00_c03"",""r00_c04"",""r00_c05"",""r00_c06"",""r00_c07"",""r01_c00"",""r01_c01"",""r01_c02"",""r01_c03"",""r01_c04"",""r01_c05"",""r01_c06"",""r01_c07"",""r02_c03"",""r02_c04"",""r04_c07""],""poor_cells"":[""r00_c05"",""r00_c06"",""r00_c07"",""r01_c05"",""r01_c06"",""r01_c07"",""r02_c04"",""r02_c05"",""r02_c06"",""r02_c07"",""r03_c04"",""r03_c05"",""r03_c06"",""r03_c07""],""severe_cells"":[""r01_c06"",""r01_c07"",""r02_c05"",""r02_c06"",""r02_c07""],""area_bins"":{""fair"":7,""poor"":8,""severe"":1},""row_condition_profile"":[4,4,4,2,1,0,0,0]}"
corr_e797b5192b750fec,"{""affected_cells"":[""r00_c00"",""r00_c01"",""r00_c02"",""r01_c00"",""r01_c01"",""r01_c02"",""r02_c00"",""r02_c01"",""r02_c02"",""r03_c00"",""r03_c01"",""r03_c02"",""r03_c03"",""r03_c04"",""r04_c00"",""r04_c01"",""r04_c02"",""r04_c03"",""r05_c00"",""r05_c01"",""r05_c02"",""r05_c03"",""r05_c05"",""r05_c06"",""r05_c07"",""r06_c00"",""r06_c01"",""r06_c02"",""r06_c03"",""r06_c04"",""r06_c05"",""r06_c06"",""r06_c07""],""fair_cells"":[""r00_c00"",""r00_c01"",""r00_c02"",""r01_c00"",""r01_c01"",""r01_c02"",""r02_c00"",""r02_c01"",""r02_c02"",""r03_c00"",""r03_c01"",""r03_c02"",""r03_c03"",""r03_c04"",""r04_c00"",""r04_c01"",""r04_c02"",""r04_c03"",""r05_c00"",""r05_c01"",""r05_c02"",""r05_c03"",""r05_c05"",""r05_c06"",""r05_c07"",""r06_c00"",""r06_c01"",""r06_c02"",""r06_c03"",""r06_c04"",""r06_c05"",""r06_c06"",""r06_c07""],""poor_cells"":[""r03_c00"",""r03_c01"",""r03_c02"",""r04_c00"",""r04_c01"",""r05_c00"",""r05_c01"",""r06_c00"",""r06_c01""],""severe_cells"":[""r06_c00""],""area_bins"":{""fair"":7,""poor"":4,""severe"":1},""row_condition_profile"":[1,1,1,4,4,4,4,0]}"
corr_e8572020c1d7efd9,"{""affected_cells"":[""r00_c06"",""r00_c07"",""r01_c07"",""r02_c00"",""r02_c07"",""r04_c02"",""r04_c03"",""r04_c04"",""r04_c05"",""r04_c06"",""r04_c07"",""r05_c02"",""r05_c03"",""r05_c04"",""r05_c05"",""r05_c06"",""r05_c07"",""r06_c02"",""r06_c03"",""r06_c04"",""r06_c05"",""r06_c06"",""r06_c07""],""fair_cells"":[""r00_c06"",""r00_c07"",""r01_c07"",""r02_c00"",""r02_c07"",""r04_c02"",""r04_c03"",""r04_c04"",""r04_c05"",""r04_c06"",""r04_c07"",""r05_c02"",""r05_c03"",""r05_c04"",""r05_c05"",""r05_c06"",""r05_c07"",""r06_c02"",""r06_c03"",""r06_c04"",""r06_c05"",""r06_c06"",""r06_c07""],""poor_cells"":[],""severe_cells"":[],""area_bins"":{""fair"":7,""poor"":0,""severe"":0},""row_condition_profile"":[1,1,1,0,1,1,1,0]}"
corr_e8efaf1564daf467,"{""affected_cells"":[""r00_c00"",""r00_c01"",""r00_c02"",""r00_c05"",""r00_c06"",""r00_c07"",""r01_c00"",""r01_c01"",""r01_c02"",""r01_c04"",""r01_c05"",""r01_c06"",""r01_c07"",""r02_c00"",""r02_c01"",""r02_c02"",""r02_c03"",""r02_c04"",""r02_c05"",""r02_c06"",""r02_c07"",""r03_c00"",""r03_c01"",""r03_c02"",""r03_c03"",""r03_c04"",""r03_c05"",""r03_c06"",""r03_c07"",""r04_c00"",""r04_c01"",""r04_c02"",""r04_c03"",""r04_c04"",""r04_c05"",""r04_c06"",""r04_c07"",""r05_c00"",""r05_c01"",""r05_c02"",""r05_c03"",""r05_c04"",""r05_c07"",""r06_c00"",""r06_c01"",""r06_c02"",""r06_c03"",""r06_c07""],""fair_cells"":[""r00_c00"",""r00_c01"",""r00_c02"",""r00_c05"",""r00_c06"",""r00_c07"",""r01_c00"",""r01_c01"",""r01_c02"",""r01_c04"",""r01_c05"",""r01_c06"",""r01_c07"",""r02_c00"",""r02_c01"",""r02_c02"",""r02_c03"",""r02_c04"",""r02_c05"",""r02_c06"",""r02_c07"",""r03_c00"",""r03_c01"",""r03_c02"",""r03_c03"",""r03_c04"",""r03_c05"",""r03_c06"",""r03_c07"",""r04_c00"",""r04_c01"",""r04_c02"",""r04_c03"",""r04_c04"",""r04_c05"",""r04_c06"",""r04_c07"",""r05_c00"",""r05_c01"",""r05_c02"",""r05_c03"",""r05_c04"",""r05_c07"",""r06_c00"",""r06_c01"",""r06_c02"",""r06_c03"",""r06_c07""],""poor_cells"":[],""severe_cells"":[],""area_bins"":{""fair"":9,""poor"":0,""severe"":0},""row_condition_profile"":[1,1,1,1,1,1,1,0]}"
corr_e8f93380aad1f87b,"{""affected_cells"":[""r00_c00"",""r00_c01"",""r00_c07"",""r01_c01"",""r02_c04"",""r02_c05"",""r02_c06"",""r03_c04"",""r03_c05"",""r03_c06"",""r03_c07"",""r04_c04"",""r04_c05"",""r04_c06"",""r05_c05"",""r05_c06"",""r06_c05"",""r06_c06""],""fair_cells"":[""r00_c00"",""r00_c01"",""r00_c07"",""r01_c01"",""r02_c04"",""r02_c05"",""r02_c06"",""r03_c04"",""r03_c05"",""r03_c06"",""r03_c07"",""r04_c05"",""r04_c06"",""r05_c05"",""r05_c06"",""r06_c05"",""r06_c06""],""poor_cells"":[""r03_c04"",""r03_c05"",""r04_c04"",""r04_c05"",""r05_c05""],""severe_cells"":[],""area_bins"":{""fair"":5,""poor"":1,""severe"":0},""row_condition_profile"":[1,1,1,4,4,4,1,0]}"
corr_e959f6b07d077838,"{""affected_cells"":[""r00_c00"",""r00_c01"",""r00_c02"",""r00_c03"",""r00_c04"",""r01_c00"",""r01_c01"",""r01_c02"",""r01_c03"",""r01_c04"",""r01_c05"",""r02_c01"",""r02_c02"",""r02_c03"",""r02_c04"",""r02_c05"",""r02_c06"",""r03_c00"",""r03_c01"",""r03_c02"",""r03_c03"",""r03_c04"",""r03_c05"",""r04_c01"",""r04_c02"",""r04_c03"",""r04_c04"",""r05_c00"",""r05_c01"",""r05_c02"",""r06_c00"",""r06_c01""],""fair_cells"":[""r00_c00"",""r00_c01"",""r00_c02"",""r00_c03"",""r00_c04"",""r01_c00"",""r01_c01"",""r01_c02"",""r01_c03"",""r01_c04"",""r01_c05"",""r02_c01"",""r02_c02"",""r02_c03"",""r02_c04"",""r02_c05"",""r02_c06"",""r03_c00"",""r03_c01"",""r03_c02"",""r03_c03"",""r03_c04"",""r03_c05"",""r04_c01"",""r04_c02"",""r04_c03"",""r04_c04"",""r05_c00"",""r05_c01"",""r05_c02"",""r06_c00"",""r06_c01""],""poor_cells"":[],""severe_cells"":[],""area_bins"":{""fair"":9,""poor"":0,""severe"":0},""row_condition_profile"":[1,1,1,1,1,1,1,0]}"
corr_e9d04c75d83528df,"{""affected_cells"":[""r01_c01"",""r02_c00"",""r02_c01"",""r02_c02"",""r03_c00"",""r03_c01"",""r03_c02"",""r04_c00"",""r04_c01"",""r04_c02"",""r05_c00"",""r05_c01""],""fair_cells"":[""r01_c01"",""r02_c00"",""r02_c01"",""r02_c02"",""r03_c00"",""r03_c01"",""r03_c02"",""r04_c00"",""r04_c01"",""r04_c02"",""r05_c00"",""r05_c01""],""poor_cells"":[],""severe_cells"":[],""area_bins"":{""fair"":2,""poor"":0,""severe"":0},""row_condition_profile"":[0,1,1,1,1,1,0,0]}"
corr_ea2baaaab2d6977c,"{""affected_cells"":[""r03_c05"",""r03_c06"",""r04_c04"",""r04_c05"",""r04_c06"",""r04_c07"",""r05_c04"",""r05_c05"",""r05_c06"",""r05_c07""],""fair_cells"":[""r03_c05"",""r03_c06"",""r04_c04"",""r04_c05"",""r04_c06"",""r04_c07"",""r05_c04"",""r05_c05"",""r05_c06"",""r05_c07""],""poor_cells"":[],""severe_cells"":[],""area_bins"":{""fair"":5,""poor"":0,""severe"":0},""row_condition_profile"":[0,0,0,1,1,1,0,0]}"
corr_ea8b62c62abb773f,"{""affected_cells"":[""r00_c00"",""r00_c01"",""r00_c02"",""r00_c03"",""r00_c04"",""r00_c05"",""r00_c06"",""r00_c07"",""r01_c00"",""r01_c01"",""r01_c02"",""r01_c03"",""r01_c04"",""r01_c05"",""r01_c06"",""r01_c07"",""r02_c00"",""r02_c01"",""r02_c02"",""r02_c03"",""r02_c04"",""r02_c05"",""r02_c06"",""r02_c07"",""r03_c00"",""r03_c01"",""r03_c02"",""r03_c03"",""r03_c04"",""r03_c05"",""r03_c06"",""r03_c07"",""r04_c00"",""r04_c01"",""r04_c02"",""r04_c03"",""r04_c04"",""r04_c05"",""r04_c06"",""r04_c07"",""r05_c00"",""r05_c01"",""r05_c02"",""r05_c03"",""r05_c04"",""r05_c05"",""r05_c06"",""r05_c07"",""r06_c00"",""r06_c01"",""r06_c02"",""r06_c03"",""r06_c04"",""r06_c06""],""fair_cells"":[""r00_c01"",""r00_c02"",""r00_c03"",""r00_c04"",""r00_c05"",""r00_c06"",""r00_c07"",""r01_c01"",""r01_c02"",""r01_c03"",""r01_c05"",""r01_c06"",""r02_c02"",""r02_c03"",""r02_c04"",""r02_c06"",""r03_c00"",""r03_c01"",""r03_c02"",""r03_c03"",""r03_c04"",""r03_c05"",""r03_c06"",""r03_c07"",""r04_c00"",""r04_c01"",""r04_c02"",""r04_c03"",""r04_c04"",""r04_c05"",""r04_c06"",""r05_c00"",""r05_c01"",""r05_c02"",""r05_c03"",""r05_c04"",""r06_c03""],""poor_cells"":[""r00_c00"",""r00_c01"",""r00_c05"",""r00_c06"",""r00_c07"",""r01_c00"",""r01_c01"",""r01_c02"",""r01_c04"",""r01_c05"",""r01_c06"",""r01_c07"",""r02_c00"",""r02_c01"",""r02_c02"",""r02_c04"",""r02_c05"",""r02_c06"",""r02_c07"",""r03_c00"",""r03_c01"",""r03_c02"",""r03_c03"",""r03_c04"",""r03_c05"",""r03_c06"",""r03_c07"",""r04_c00"",""r04_c01"",""r04_c02"",""r04_c03"",""r04_c04"",""r04_c05"",""r04_c06"",""r04_c07"",""r05_c00"",""r05_c01"",""r05_c02"",""r05_c03"",""r05_c04"",""r05_c05"",""r05_c06"",""r05_c07"",""r06_c00"",""r06_c01"",""r06_c02"",""r06_c03"",""r06_c04""],""severe_cells"":[""r05_c05"",""r05_c06"",""r05_c07"",""r06_c06""],""area_bins"":{""fair"":9,""poor"":9,""severe"":1},""row_condition_profile"":[4,4,4,4,4,4,4,0]}"
corr_eab0c4d1c96725a5,"{""affected_cells"":[""r00_c00"",""r00_c01"",""r00_c02"",""r00_c03"",""r00_c04"",""r00_c05"",""r00_c06"",""r00_c07"",""r01_c00"",""r01_c01"",""r01_c02"",""r01_c03"",""r01_c04"",""r01_c05"",""r01_c06"",""r02_c00"",""r02_c01"",""r02_c02"",""r02_c03"",""r02_c04"",""r02_c05"",""r03_c00"",""r03_c01"",""r03_c02"",""r03_c03"",""r03_c04"",""r03_c05"",""r03_c06"",""r04_c00"",""r04_c01"",""r04_c02"",""r04_c03"",""r04_c04"",""r04_c05"",""r04_c06""],""fair_cells"":[""r00_c00"",""r00_c01"",""r00_c02"",""r00_c03"",""r00_c04"",""r00_c05"",""r00_c06"",""r00_c07"",""r01_c00"",""r01_c01"",""r01_c02"",""r01_c03"",""r01_c04"",""r01_c05"",""r01_c06"",""r02_c00"",""r02_c01"",""r02_c02"",""r02_c03"",""r02_c04"",""r02_c05"",""r03_c00"",""r03_c01"",""r03_c02"",""r03_c03"",""r03_c04"",""r03_c05"",""r03_c06"",""r04_c00"",""r04_c01"",""r04_c02"",""r04_c03"",""r04_c04"",""r04_c05"",""r04_c06""],""poor_cells"":[""r02_c04"",""r03_c03"",""r03_c04"",""r03_c05""],""severe_cells"":[],""area_bins"":{""fair"":9,""poor"":6,""severe"":0},""row_condition_profile"":[1,1,4,4,1,0,0,0]}"
corr_eab203673d7abfe2,"{""affected_cells"":[""r01_c00"",""r01_c06"",""r01_c07"",""r02_c00"",""r02_c01"",""r02_c03"",""r02_c04"",""r02_c05"",""r02_c06"",""r02_c07"",""r03_c00"",""r03_c05"",""r03_c06"",""r03_c07"",""r04_c05"",""r04_c06"",""r04_c07"",""r05_c07"",""r06_c07""],""fair_cells"":[""r01_c00"",""r01_c06"",""r01_c07"",""r02_c00"",""r02_c01"",""r02_c03"",""r02_c04"",""r02_c05"",""r02_c06"",""r02_c07"",""r03_c00"",""r03_c05"",""r03_c06"",""r03_c07"",""r04_c05"",""r04_c06"",""r04_c07"",""r05_c07"",""r06_c07""],""poor_cells"":[],""severe_cells"":[],""area_bins"":{""fair"":5,""poor"":0,""severe"":0},""row_condition_profile"":[0,1,1,1,1,1,1,0]}"
corr_eb2ddd9bb210bfce,"{""affected_cells"":[""r00_c00"",""r00_c01"",""r00_c02"",""r00_c03"",""r00_c04"",""r00_c05"",""r00_c06"",""r00_c07"",""r01_c02"",""r01_c03"",""r01_c04"",""r01_c05"",""r01_c07"",""r02_c02"",""r02_c03"",""r02_c04"",""r02_c05"",""r02_c06"",""r02_c07"",""r03_c02"",""r03_c03"",""r03_c04"",""r03_c05"",""r04_c02"",""r04_c03"",""r04_c04"",""r04_c05"",""r05_c02"",""r05_c03"",""r05_c04"",""r05_c05"",""r06_c02"",""r06_c03"",""r06_c04"",""r06_c05""],""fair_cells"":[""r00_c00"",""r00_c01"",""r00_c02"",""r00_c03"",""r00_c04"",""r00_c05"",""r00_c06"",""r00_c07"",""r01_c02"",""r01_c03"",""r01_c04"",""r01_c05"",""r01_c07"",""r02_c02"",""r02_c03"",""r02_c04"",""r02_c05"",""r02_c06"",""r02_c07"",""r03_c02"",""r03_c03"",""r03_c04"",""r04_c02"",""r04_c03"",""r04_c04"",""r05_c02"",""r05_c03"",""r05_c04"",""r06_c02"",""r06_c03"",""r06_c04""],""poor_cells"":[""r00_c02"",""r00_c03"",""r00_c04"",""r00_c05"",""r02_c04"",""r02_c05"",""r03_c04"",""r03_c05"",""r04_c03"",""r04_c04"",""r04_c05"",""r05_c03"",""r05_c04"",""r05_c05"",""r06_c04"",""r06_c05""],""severe_cells"":[],""area_bins"":{""fair"":9,""poor"":7,""severe"":0},""row_condition_profile"":[4,1,4,4,4,4,4,0]}"
corr_ec8e0acd9bd8c13b,"{""affected_cells"":[""r04_c05"",""r05_c04"",""r05_c05"",""r05_c06"",""r05_c07"",""r06_c00"",""r06_c01"",""r06_c02"",""r06_c03""],""fair_cells"":[""r06_c02"",""r06_c03""],""poor_cells"":[""r04_c05"",""r05_c04"",""r05_c05"",""r05_c06"",""r05_c07"",""r06_c00"",""r06_c01"",""r06_c02"",""r06_c03""],""severe_cells"":[],""area_bins"":{""fair"":3,""poor"":9,""severe"":0},""row_condition_profile"":[0,0,0,0,2,2,4,0]}"
corr_ed1e8f57e703bfad,"{""affected_cells"":[""r00_c00"",""r00_c01"",""r00_c02"",""r00_c03"",""r00_c04"",""r00_c05"",""r00_c06"",""r01_c00"",""r01_c01"",""r01_c02"",""r01_c03"",""r01_c04"",""r01_c05"",""r01_c06"",""r01_c07"",""r02_c00"",""r02_c01"",""r02_c02"",""r02_c03"",""r02_c04"",""r02_c05"",""r02_c06"",""r03_c00"",""r03_c01"",""r03_c02"",""r03_c03"",""r03_c04"",""r03_c05"",""r03_c06"",""r03_c07"",""r04_c03"",""r04_c04"",""r04_c05"",""r04_c06"",""r04_c07"",""r06_c02"",""r06_c03""],""fair_cells"":[""r00_c00"",""r00_c01"",""r00_c02"",""r00_c03"",""r00_c04"",""r01_c00"",""r06_c02"",""r06_c03""],""poor_cells"":[""r00_c00"",""r00_c01"",""r00_c02"",""r00_c03"",""r00_c04"",""r00_c05"",""r01_c00"",""r01_c01"",""r01_c02"",""r01_c03"",""r01_c04"",""r02_c00"",""r02_c01"",""r02_c02"",""r02_c03"",""r02_c04"",""r02_c05"",""r03_c00"",""r03_c01"",""r03_c02"",""r03_c03"",""r03_c04"",""r03_c05"",""r03_c06"",""r03_c07"",""r04_c03"",""r04_c04"",""r04_c05"",""r04_c06"",""r04_c07""],""severe_cells"":[""r00_c01"",""r00_c02"",""r00_c03"",""r00_c04"",""r00_c05"",""r00_c06"",""r01_c01"",""r01_c02"",""r01_c03"",""r01_c04"",""r01_c05"",""r01_c06"",""r01_c07"",""r02_c01"",""r02_c02"",""r02_c03"",""r02_c04"",""r02_c05"",""r02_c06""],""area_bins"":{""fair"":4,""poor"":9,""severe"":9},""row_condition_profile"":[4,4,4,2,2,0,1,0]}"
corr_edc21a743439e9ed,"{""affected_cells"":[""r00_c02"",""r00_c03"",""r00_c04"",""r00_c05"",""r00_c06"",""r00_c07"",""r01_c04"",""r01_c05"",""r01_c07"",""r02_c04"",""r02_c05"",""r02_c07"",""r03_c05"",""r03_c06"",""r03_c07""],""fair_cells"":[""r00_c02"",""r00_c03"",""r00_c04"",""r00_c05"",""r00_c06"",""r00_c07"",""r01_c04"",""r01_c05"",""r01_c07"",""r02_c04"",""r02_c05"",""r02_c07"",""r03_c05"",""r03_c06"",""r03_c07""],""poor_cells"":[""r00_c02"",""r00_c03"",""r00_c04"",""r00_c05""],""severe_cells"":[],""area_bins"":{""fair"":4,""poor"":7,""severe"":0},""row_condition_profile"":[4,1,1,1,0,0,0,0]}"
corr_ee2ad260c8982fd6,"{""affected_cells"":[""r00_c00"",""r00_c01"",""r00_c02"",""r00_c03"",""r00_c04"",""r00_c05"",""r00_c06"",""r00_c07"",""r01_c00"",""r01_c01"",""r01_c02"",""r01_c03"",""r01_c04"",""r01_c05"",""r01_c06"",""r02_c00"",""r02_c01"",""r02_c02"",""r02_c03"",""r02_c04"",""r02_c05"",""r02_c06"",""r02_c07"",""r03_c00"",""r03_c02"",""r03_c03"",""r03_c04"",""r03_c05"",""r03_c06"",""r04_c00"",""r04_c01"",""r04_c02"",""r04_c03"",""r04_c04"",""r04_c05"",""r04_c06"",""r05_c00"",""r05_c01"",""r05_c02"",""r05_c03"",""r05_c04"",""r05_c05"",""r05_c06"",""r06_c00"",""r06_c01"",""r06_c02"",""r06_c03"",""r06_c04"",""r06_c05""],""fair_cells"":[""r00_c01"",""r00_c02"",""r01_c00"",""r01_c01"",""r02_c00"",""r02_c01"",""r03_c00"",""r04_c00"",""r04_c01""],""poor_cells"":[""r00_c00"",""r00_c01"",""r00_c02"",""r00_c03"",""r00_c04"",""r00_c05"",""r00_c06"",""r00_c07"",""r01_c00"",""r01_c02"",""r01_c03"",""r01_c04"",""r01_c05"",""r01_c06"",""r02_c02"",""r02_c03"",""r02_c04""],""severe_cells"":[""r00_c00"",""r00_c01"",""r00_c02"",""r01_c00"",""r01_c01"",""r02_c03"",""r02_c04"",""r02_c05"",""r02_c06"",""r02_c07"",""r03_c02"",""r03_c03"",""r03_c04"",""r03_c05"",""r03_c06"",""r04_c00"",""r04_c01"",""r04_c02"",""r04_c03"",""r04_c04"",""r04_c05"",""r04_c06"",""r05_c00"",""r05_c01"",""r05_c02"",""r05_c03"",""r05_c04"",""r05_c05"",""r05_c06"",""r06_c00"",""r06_c01"",""r06_c02"",""r06_c03"",""r06_c04"",""r06_c05""],""area_bins"":{""fair"":2,""poor"":9,""severe"":9},""row_condition_profile"":[4,4,4,4,4,3,3,0]}"
corr_f07b475537a20c32,"{""affected_cells"":[""r00_c00"",""r00_c01"",""r00_c02"",""r00_c03"",""r00_c04"",""r01_c00"",""r01_c01"",""r01_c02"",""r01_c03"",""r01_c04"",""r01_c05"",""r02_c00"",""r02_c01"",""r02_c02"",""r02_c03"",""r02_c04"",""r02_c05"",""r03_c00"",""r03_c01"",""r03_c02"",""r04_c00"",""r04_c01"",""r04_c02"",""r04_c03"",""r04_c04"",""r05_c06"",""r05_c07""],""fair_cells"":[""r05_c06"",""r05_c07""],""poor_cells"":[""r00_c00"",""r00_c01"",""r00_c02"",""r00_c03"",""r00_c04"",""r01_c00"",""r01_c01"",""r01_c02"",""r01_c03"",""r01_c04"",""r01_c05"",""r02_c00"",""r02_c01"",""r02_c02"",""r02_c03"",""r02_c04"",""r02_c05"",""r03_c00"",""r03_c01"",""r03_c02"",""r04_c00"",""r04_c01"",""r04_c02"",""r04_c03"",""r04_c04""],""severe_cells"":[],""area_bins"":{""fair"":2,""poor"":9,""severe"":0},""row_condition_profile"":[2,2,2,2,2,1,0,0]}"
corr_f09be617c163105e,"{""affected_cells"":[""r00_c03"",""r00_c04"",""r00_c05"",""r00_c06"",""r00_c07"",""r01_c03"",""r01_c04"",""r01_c05"",""r01_c06"",""r01_c07"",""r02_c03"",""r02_c04"",""r02_c05"",""r02_c06"",""r02_c07"",""r03_c04"",""r03_c05"",""r03_c06"",""r03_c07"",""r04_c03"",""r04_c04"",""r04_c05"",""r04_c06"",""r04_c07"",""r05_c03"",""r05_c04"",""r05_c05"",""r05_c06"",""r05_c07"",""r06_c02"",""r06_c03"",""r06_c04"",""r06_c05"",""r06_c06"",""r06_c07""],""fair_cells"":[""r00_c03"",""r00_c04"",""r00_c05"",""r00_c06"",""r00_c07"",""r01_c03"",""r01_c04"",""r01_c05"",""r01_c06"",""r01_c07"",""r02_c03"",""r02_c04"",""r02_c05"",""r02_c06"",""r02_c07"",""r03_c04"",""r03_c05"",""r03_c06"",""r03_c07"",""r04_c03"",""r04_c04"",""r04_c05"",""r04_c06"",""r04_c07"",""r05_c03"",""r05_c04"",""r05_c05"",""r05_c06"",""r05_c07"",""r06_c02"",""r06_c03"",""r06_c07""],""poor_cells"":[""r05_c04"",""r05_c05"",""r05_c06"",""r06_c03"",""r06_c04"",""r06_c05"",""r06_c06"",""r06_c07""],""severe_cells"":[],""area_bins"":{""fair"":8,""poor"":4,""severe"":0},""row_condition_profile"":[1,1,1,1,1,4,4,0]}"
corr_f10fbc6677d1eff7,"{""affected_cells"":[""r00_c02"",""r00_c03"",""r00_c04"",""r00_c05"",""r00_c06"",""r00_c07"",""r01_c02"",""r01_c03"",""r01_c04"",""r01_c05"",""r01_c06"",""r01_c07"",""r02_c02"",""r02_c03"",""r02_c04"",""r02_c05"",""r02_c06"",""r02_c07"",""r03_c02"",""r03_c03"",""r03_c04"",""r03_c05"",""r03_c06"",""r03_c07"",""r04_c01"",""r04_c02"",""r04_c03"",""r04_c04"",""r04_c05"",""r04_c06"",""r04_c07"",""r05_c01"",""r05_c02""],""fair_cells"":[""r00_c02"",""r00_c03"",""r00_c04"",""r00_c05"",""r01_c02"",""r01_c03"",""r01_c04"",""r01_c05"",""r01_c06"",""r01_c07"",""r02_c02"",""r02_c03"",""r02_c04"",""r02_c05"",""r02_c06"",""r02_c07"",""r03_c02"",""r03_c03"",""r03_c04"",""r03_c05"",""r03_c06"",""r03_c07"",""r04_c01"",""r04_c02"",""r04_c03"",""r04_c04"",""r04_c05"",""r04_c06"",""r05_c01"",""r05_c02""],""poor_cells"":[""r00_c03"",""r00_c04"",""r00_c05"",""r00_c06"",""r00_c07"",""r01_c05"",""r01_c06"",""r01_c07"",""r02_c07"",""r03_c03"",""r03_c04"",""r03_c05"",""r03_c06"",""r03_c07"",""r04_c03"",""r04_c04"",""r04_c05"",""r04_c06"",""r04_c07""],""severe_cells"":[],""area_bins"":{""fair"":9,""poor"":9,""severe"":0},""row_condition_profile"":[4,4,4,4,4,1,0,0]}"
corr_f1152d783de63df7,"{""affected_cells"":[""r00_c01"",""r00_c02"",""r00_c03"",""r00_c04"",""r00_c05"",""r00_c06"",""r00_c07"",""r01_c00"",""r01_c01"",""r01_c02"",""r01_c03"",""r01_c04"",""r01_c05"",""r02_c00"",""r02_c01"",""r02_c02"",""r02_c07""],""fair_cells"":[""r00_c01"",""r00_c02"",""r00_c03"",""r00_c04"",""r00_c05"",""r00_c06"",""r00_c07"",""r01_c00"",""r01_c01"",""r01_c02"",""r01_c03"",""r01_c04"",""r01_c05"",""r02_c00"",""r02_c01"",""r02_c02"",""r02_c07""],""poor_cells"":[""r00_c05"",""r00_c06"",""r00_c07""],""severe_cells"":[],""area_bins"":{""fair"":5,""poor"":7,""severe"":0},""row_condition_profile"":[4,1,1,0,0,0,0,0]}"
corr_f2de6cd26992227b,"{""affected_cells"":[""r00_c01"",""r00_c02"",""r00_c04"",""r00_c05"",""r00_c06"",""r01_c01"",""r01_c02"",""r01_c03""],""fair_cells"":[""r00_c01"",""r00_c02"",""r00_c04"",""r00_c05"",""r00_c06"",""r01_c01"",""r01_c02"",""r01_c03""],""poor_cells"":[],""severe_cells"":[],""area_bins"":{""fair"":5,""poor"":0,""severe"":0},""row_condition_profile"":[1,1,0,0,0,0,0,0]}"
corr_f3773e5d72814ed2,"{""affected_cells"":[""r00_c00"",""r00_c01"",""r00_c02"",""r00_c05"",""r00_c06"",""r00_c07"",""r01_c00"",""r01_c01"",""r01_c02"",""r01_c04"",""r01_c05"",""r02_c00"",""r02_c01"",""r03_c00"",""r03_c01"",""r04_c00""],""fair_cells"":[""r00_c02"",""r00_c05"",""r00_c06"",""r00_c07"",""r01_c04"",""r01_c05""],""poor_cells"":[""r02_c00"",""r03_c00"",""r03_c01"",""r04_c00""],""severe_cells"":[""r00_c00"",""r00_c01"",""r00_c02"",""r01_c00"",""r01_c01"",""r01_c02"",""r02_c00"",""r02_c01""],""area_bins"":{""fair"":1,""poor"":5,""severe"":8},""row_condition_profile"":[4,4,4,2,2,0,0,0]}"
corr_f4145c40da88897f,"{""affected_cells"":[""r02_c07"",""r03_c03"",""r03_c04"",""r03_c05"",""r03_c06"",""r03_c07"",""r04_c02"",""r04_c03"",""r04_c04"",""r04_c05"",""r04_c06"",""r04_c07"",""r05_c00"",""r05_c01"",""r05_c02"",""r05_c03"",""r05_c04"",""r05_c05"",""r05_c06"",""r05_c07"",""r06_c00"",""r06_c01"",""r06_c02"",""r06_c03""],""fair_cells"":[""r03_c03"",""r03_c04"",""r03_c05"",""r04_c02"",""r04_c03"",""r05_c00"",""r05_c01"",""r05_c02"",""r05_c03"",""r05_c04"",""r06_c00"",""r06_c01"",""r06_c02"",""r06_c03""],""poor_cells"":[""r02_c07"",""r03_c04"",""r03_c05"",""r03_c06"",""r03_c07"",""r04_c03"",""r04_c04"",""r04_c05"",""r04_c06"",""r04_c07"",""r05_c02"",""r05_c03"",""r05_c04"",""r05_c05"",""r05_c06"",""r05_c07""],""severe_cells"":[],""area_bins"":{""fair"":5,""poor"":9,""severe"":0},""row_condition_profile"":[0,0,2,4,4,4,1,0]}"
corr_f4569f02080b403a,"{""affected_cells"":[""r02_c04"",""r02_c05"",""r03_c00"",""r03_c01"",""r03_c03"",""r03_c04"",""r03_c05"",""r03_c06"",""r03_c07"",""r04_c00"",""r04_c01"",""r04_c02"",""r04_c03"",""r04_c04"",""r04_c05"",""r04_c06"",""r04_c07"",""r05_c00"",""r05_c01"",""r05_c02"",""r05_c03"",""r05_c04"",""r05_c05"",""r05_c06"",""r05_c07"",""r06_c00"",""r06_c01"",""r06_c02"",""r06_c03"",""r06_c04"",""r06_c05"",""r06_c06"",""r06_c07""],""fair_cells"":[""r02_c04"",""r02_c05"",""r03_c00"",""r03_c01"",""r03_c03"",""r03_c04"",""r03_c05"",""r03_c06"",""r03_c07"",""r04_c00"",""r04_c01"",""r04_c02"",""r04_c03"",""r04_c04"",""r04_c05"",""r04_c06"",""r04_c07"",""r05_c00"",""r05_c01"",""r05_c02"",""r05_c03"",""r05_c04"",""r05_c05"",""r05_c06"",""r05_c07"",""r06_c00"",""r06_c01"",""r06_c02"",""r06_c03"",""r06_c04""],""poor_cells"":[""r03_c00"",""r04_c00"",""r04_c03"",""r04_c04"",""r05_c02"",""r05_c03"",""r05_c04"",""r05_c05"",""r05_c06"",""r05_c07"",""r06_c02"",""r06_c03"",""r06_c04"",""r06_c05"",""r06_c06"",""r06_c07""],""severe_cells"":[""r06_c00"",""r06_c01"",""r06_c02"",""r06_c03""],""area_bins"":{""fair"":9,""poor"":9,""severe"":5},""row_condition_profile"":[0,0,1,4,4,4,4,0]}"
corr_f4acfa0c7d25fd57,"{""affected_cells"":[""r00_c00"",""r00_c01"",""r00_c02"",""r00_c03"",""r00_c04"",""r00_c05"",""r00_c06"",""r00_c07"",""r01_c00"",""r01_c01"",""r01_c02"",""r01_c03"",""r01_c04"",""r01_c05"",""r01_c06"",""r01_c07"",""r02_c00"",""r02_c01"",""r02_c02"",""r02_c03"",""r02_c04"",""r02_c05"",""r02_c06"",""r02_c07"",""r03_c00"",""r03_c01"",""r03_c02"",""r03_c03"",""r03_c04"",""r03_c05"",""r03_c06"",""r03_c07"",""r04_c00"",""r04_c01"",""r04_c02"",""r04_c03"",""r04_c04"",""r04_c05"",""r04_c06"",""r04_c07"",""r05_c00"",""r05_c01"",""r05_c02"",""r05_c03"",""r05_c04"",""r05_c05"",""r05_c06"",""r06_c00"",""r06_c01"",""r06_c02"",""r06_c03""],""fair_cells"":[""r00_c00"",""r00_c01"",""r00_c02"",""r00_c03"",""r00_c04"",""r00_c05"",""r00_c06"",""r00_c07"",""r01_c00"",""r01_c01"",""r01_c02"",""r01_c03"",""r01_c04"",""r01_c05"",""r01_c06"",""r01_c07"",""r02_c00"",""r02_c01"",""r02_c02"",""r02_c03"",""r02_c04"",""r02_c05"",""r02_c06"",""r02_c07"",""r03_c00"",""r03_c01"",""r03_c02"",""r03_c03"",""r03_c04"",""r03_c05"",""r03_c06"",""r03_c07"",""r04_c00"",""r04_c01"",""r04_c02"",""r04_c03"",""r04_c04"",""r04_c05"",""r04_c06"",""r04_c07"",""r05_c00"",""r05_c01"",""r05_c02"",""r05_c03"",""r05_c04"",""r05_c05"",""r06_c00"",""r06_c01""],""poor_cells"":[""r00_c03"",""r00_c04"",""r00_c05"",""r00_c06"",""r00_c07"",""r01_c05"",""r01_c06"",""r01_c07"",""r02_c02"",""r02_c03"",""r02_c04"",""r02_c05"",""r02_c06"",""r02_c07"",""r03_c01"",""r03_c02"",""r03_c03"",""r03_c04"",""r03_c05"",""r03_c06"",""r03_c07"",""r04_c01"",""r04_c02"",""r04_c03"",""r04_c04"",""r04_c05"",""r04_c06"",""r04_c07"",""r05_c01"",""r05_c02"",""r05_c03"",""r05_c04"",""r05_c05"",""r05_c06"",""r06_c02"",""r06_c03""],""severe_cells"":[],""area_bins"":{""fair"":9,""poor"":9,""severe"":0},""row_condition_profile"":[4,4,4,4,4,4,4,0]}"
corr_f4ee219b68141eff,"{""affected_cells"":[""r00_c04"",""r00_c05"",""r01_c01"",""r01_c02"",""r01_c03"",""r01_c04"",""r01_c05"",""r01_c06"",""r02_c02"",""r02_c03""],""fair_cells"":[""r00_c04"",""r00_c05"",""r01_c01"",""r01_c02"",""r01_c03"",""r01_c04"",""r01_c05"",""r01_c06"",""r02_c02"",""r02_c03""],""poor_cells"":[],""severe_cells"":[],""area_bins"":{""fair"":5,""poor"":0,""severe"":0},""row_condition_profile"":[1,1,1,0,0,0,0,0]}"
corr_f50035442adefc95,"{""affected_cells"":[""r00_c00"",""r00_c01"",""r00_c02"",""r00_c03"",""r00_c04"",""r00_c05"",""r00_c06"",""r00_c07"",""r01_c00"",""r01_c01"",""r01_c02"",""r01_c03"",""r01_c04"",""r01_c05"",""r01_c06"",""r02_c00"",""r02_c01"",""r02_c02"",""r02_c03"",""r02_c04"",""r02_c05"",""r03_c00""],""fair_cells"":[""r00_c01"",""r00_c02"",""r00_c03"",""r00_c04"",""r00_c05"",""r00_c06"",""r00_c07"",""r01_c01"",""r01_c02"",""r01_c03"",""r01_c04"",""r01_c05"",""r01_c06"",""r02_c00"",""r02_c01"",""r02_c02"",""r02_c03"",""r02_c04"",""r02_c05"",""r03_c00""],""poor_cells"":[""r00_c00"",""r01_c00"",""r02_c00""],""severe_cells"":[""r00_c01"",""r01_c00""],""area_bins"":{""fair"":9,""poor"":1,""severe"":1},""row_condition_profile"":[4,4,4,1,0,0,0,0]}"
corr_f57e887b6237476f,"{""affected_cells"":[""r00_c00"",""r00_c03"",""r01_c00"",""r01_c03"",""r02_c00"",""r02_c02"",""r02_c03"",""r03_c00"",""r03_c01"",""r03_c02"",""r03_c03"",""r04_c00"",""r04_c01"",""r04_c02"",""r04_c03"",""r04_c04"",""r04_c05"",""r05_c00"",""r05_c01"",""r05_c02"",""r05_c03"",""r05_c04"",""r05_c05"",""r06_c00"",""r06_c01""],""fair_cells"":[""r00_c00"",""r00_c03"",""r01_c00"",""r01_c03"",""r02_c00"",""r02_c02"",""r02_c03"",""r03_c00"",""r03_c01"",""r03_c02"",""r03_c03"",""r04_c00"",""r04_c01"",""r04_c02"",""r04_c03"",""r04_c04"",""r04_c05"",""r05_c00"",""r05_c01"",""r05_c02"",""r05_c03"",""r05_c04"",""r05_c05"",""r06_c00"",""r06_c01""],""poor_cells"":[""r03_c00"",""r03_c01"",""r04_c00"",""r04_c01"",""r04_c05"",""r05_c01"",""r06_c01""],""severe_cells"":[""r06_c01""],""area_bins"":{""fair"":8,""poor"":4,""severe"":1},""row_condition_profile"":[1,1,1,4,4,4,4,0]}"
corr_f5be0cdb8faa6671,"{""affected_cells"":[""r00_c01"",""r00_c02"",""r00_c03"",""r00_c04"",""r00_c05"",""r00_c06"",""r00_c07"",""r01_c00"",""r01_c01"",""r01_c02"",""r01_c03"",""r01_c04"",""r01_c05"",""r01_c06"",""r01_c07"",""r02_c00"",""r02_c01"",""r02_c02"",""r02_c04"",""r02_c05"",""r02_c06"",""r02_c07"",""r03_c00"",""r03_c04"",""r03_c05"",""r03_c06"",""r03_c07"",""r04_c04"",""r04_c05"",""r04_c06"",""r04_c07"",""r05_c05"",""r05_c06"",""r05_c07""],""fair_cells"":[""r00_c01"",""r00_c02"",""r00_c03"",""r00_c04"",""r00_c05"",""r01_c00"",""r01_c01"",""r01_c02"",""r01_c03"",""r01_c04"",""r01_c05"",""r01_c06"",""r01_c07"",""r02_c00"",""r02_c01"",""r02_c02"",""r02_c04"",""r02_c05"",""r02_c06"",""r02_c07"",""r03_c00"",""r03_c04"",""r03_c05"",""r03_c06"",""r03_c07"",""r04_c04"",""r04_c05"",""r04_c06"",""r04_c07"",""r05_c07""],""poor_cells"":[""r00_c04"",""r00_c05"",""r00_c06"",""r00_c07"",""r01_c04"",""r01_c05"",""r02_c04"",""r03_c04"",""r03_c05"",""r04_c04"",""r04_c05"",""r05_c05"",""r05_c06""],""severe_cells"":[],""area_bins"":{""fair"":7,""poor"":8,""severe"":0},""row_condition_profile"":[4,4,4,4,4,4,0,0]}"
corr_f61764250fa8ab04,"{""affected_cells"":[""r00_c00"",""r00_c01"",""r00_c02"",""r00_c03"",""r00_c04"",""r00_c05"",""r00_c06"",""r00_c07"",""r01_c00"",""r01_c01"",""r01_c02"",""r01_c03"",""r01_c06"",""r01_c07"",""r02_c00"",""r02_c01"",""r02_c02"",""r02_c03"",""r02_c06"",""r02_c07"",""r03_c02"",""r03_c03"",""r03_c06"",""r04_c02"",""r04_c06"",""r05_c02""],""fair_cells"":[""r00_c00"",""r00_c01"",""r00_c02"",""r00_c03"",""r00_c04"",""r00_c05"",""r00_c06"",""r00_c07"",""r01_c00"",""r01_c01"",""r01_c02"",""r01_c03"",""r01_c06"",""r01_c07"",""r02_c00"",""r02_c01"",""r02_c02"",""r02_c03"",""r02_c06"",""r02_c07"",""r03_c02"",""r03_c03"",""r03_c06"",""r04_c02"",""r04_c06"",""r05_c02""],""poor_cells"":[],""severe_cells"":[],""area_bins"":{""fair"":6,""poor"":0,""severe"":0},""row_condition_profile"":[1,1,1,1,1,1,0,0]}"
corr_f6836baf7dd4d773,"{""affected_cells"":[""r00_c00"",""r00_c01"",""r00_c02"",""r00_c03"",""r01_c00"",""r01_c01"",""r01_c02"",""r02_c00"",""r02_c01"",""r03_c00"",""r03_c01"",""r03_c02"",""r04_c00"",""r04_c01"",""r04_c02"",""r05_c00"",""r05_c01"",""r05_c02"",""r06_c00""],""fair_cells"":[""r00_c00"",""r00_c01"",""r00_c02"",""r00_c03"",""r01_c00"",""r01_c01"",""r01_c02"",""r02_c00"",""r02_c01"",""r03_c00"",""r03_c01"",""r03_c02"",""r04_c00"",""r04_c01"",""r04_c02"",""r05_c00"",""r05_c01"",""r05_c02"",""r06_c00""],""poor_cells"":[""r02_c01""],""severe_cells"":[],""area_bins"":{""fair"":3,""poor"":1,""severe"":0},""row_condition_profile"":[1,1,4,1,1,1,1,0]}"
corr_f693ecbee20bce89,"{""affected_cells"":[""r05_c06"",""r05_c07"",""r06_c06"",""r06_c07""],""fair_cells"":[""r05_c06"",""r05_c07"",""r06_c06"",""r06_c07""],""poor_cells"":[],""severe_cells"":[],""area_bins"":{""fair"":2,""poor"":0,""severe"":0},""row_condition_profile"":[0,0,0,0,0,1,1,0]}"
corr_f6babef2a04e8a21,"{""affected_cells"":[""r01_c02"",""r01_c03"",""r01_c04"",""r02_c01"",""r02_c02"",""r02_c03"",""r02_c04"",""r02_c05"",""r03_c00"",""r03_c01"",""r03_c02"",""r03_c03"",""r03_c04"",""r03_c05"",""r03_c06"",""r04_c00"",""r04_c01"",""r04_c02"",""r04_c03"",""r04_c04"",""r04_c05"",""r04_c06"",""r05_c00"",""r05_c01"",""r05_c02"",""r05_c06""],""fair_cells"":[""r01_c02"",""r01_c03"",""r01_c04"",""r02_c01"",""r02_c02"",""r02_c03"",""r02_c04"",""r02_c05"",""r03_c05"",""r03_c06"",""r04_c04"",""r04_c05"",""r04_c06"",""r05_c06""],""poor_cells"":[""r02_c01"",""r02_c02"",""r02_c03"",""r02_c04"",""r02_c05"",""r03_c00"",""r03_c01"",""r03_c02"",""r03_c03"",""r03_c04"",""r03_c05"",""r03_c06"",""r04_c00"",""r04_c01"",""r04_c02"",""r04_c03"",""r04_c04"",""r04_c05"",""r05_c00"",""r05_c01"",""r05_c02""],""severe_cells"":[],""area_bins"":{""fair"":3,""poor"":9,""severe"":0},""row_condition_profile"":[0,1,4,4,4,4,0,0]}"
corr_f6d9f2b9f0b33ff1,"{""affected_cells"":[""r00_c00"",""r01_c00"",""r01_c06"",""r02_c00"",""r02_c06"",""r02_c07"",""r03_c00"",""r03_c06"",""r03_c07"",""r04_c00"",""r05_c00"",""r06_c00"",""r06_c02""],""fair_cells"":[""r00_c00"",""r01_c00"",""r01_c06"",""r02_c00"",""r02_c06"",""r02_c07"",""r03_c00"",""r03_c06"",""r03_c07"",""r04_c00"",""r05_c00"",""r06_c00"",""r06_c02""],""poor_cells"":[],""severe_cells"":[],""area_bins"":{""fair"":2,""poor"":0,""severe"":0},""row_condition_profile"":[1,1,1,1,1,1,1,0]}"
corr_f71ed2582c501eb3,"{""affected_cells"":[""r00_c00"",""r00_c01"",""r00_c02"",""r00_c03"",""r00_c04"",""r00_c05"",""r00_c06"",""r00_c07"",""r01_c00"",""r01_c01"",""r01_c02"",""r01_c03"",""r01_c04"",""r01_c05"",""r02_c00"",""r02_c01"",""r02_c02"",""r02_c03"",""r02_c04"",""r03_c00"",""r03_c01"",""r04_c00"",""r04_c01"",""r04_c02"",""r04_c03"",""r04_c05"",""r05_c00"",""r05_c01"",""r05_c02"",""r05_c03"",""r05_c04"",""r05_c05"",""r05_c06"",""r06_c00"",""r06_c01"",""r06_c02"",""r06_c03"",""r06_c04"",""r06_c05"",""r06_c06""],""fair_cells"":[""r00_c00"",""r00_c01"",""r00_c02"",""r00_c03"",""r00_c04"",""r00_c05"",""r00_c06"",""r00_c07"",""r01_c00"",""r01_c01"",""r01_c02"",""r01_c03"",""r01_c04"",""r01_c05"",""r02_c00"",""r02_c01"",""r02_c02"",""r02_c03"",""r02_c04"",""r03_c00"",""r03_c01"",""r04_c00"",""r04_c01"",""r04_c02"",""r04_c03"",""r04_c05"",""r05_c00"",""r05_c01"",""r05_c02"",""r05_c03"",""r05_c04"",""r05_c05"",""r05_c06"",""r06_c00"",""r06_c01"",""r06_c02"",""r06_c03"",""r06_c04"",""r06_c05"",""r06_c06""],""poor_cells"":[],""severe_cells"":[],""area_bins"":{""fair"":9,""poor"":0,""severe"":0},""row_condition_profile"":[1,1,1,1,1,1,1,0]}"
corr_f8722bdcb177645e,"{""affected_cells"":[""r00_c04"",""r00_c05"",""r00_c06"",""r01_c04"",""r01_c05"",""r01_c06"",""r01_c07"",""r02_c04"",""r02_c05"",""r02_c06"",""r02_c07"",""r03_c04"",""r03_c05"",""r03_c06"",""r03_c07"",""r04_c03"",""r04_c04"",""r04_c05"",""r04_c06"",""r04_c07"",""r05_c07""],""fair_cells"":[""r00_c04"",""r00_c05"",""r00_c06"",""r01_c04"",""r01_c05"",""r01_c06"",""r01_c07"",""r02_c04"",""r02_c05"",""r02_c06"",""r02_c07"",""r03_c04"",""r03_c05"",""r03_c06"",""r03_c07"",""r04_c03"",""r04_c04"",""r04_c05"",""r04_c06"",""r04_c07"",""r05_c07""],""poor_cells"":[],""severe_cells"":[],""area_bins"":{""fair"":3,""poor"":0,""severe"":0},""row_condition_profile"":[1,1,1,1,1,1,0,0]}"
corr_faabeb457c983acf,"{""affected_cells"":[""r00_c02"",""r00_c03"",""r00_c04"",""r00_c05"",""r00_c06"",""r00_c07"",""r01_c02"",""r01_c03"",""r01_c04"",""r01_c05"",""r01_c06"",""r01_c07"",""r02_c04"",""r02_c05"",""r02_c06"",""r02_c07"",""r03_c04"",""r03_c05"",""r03_c06"",""r03_c07"",""r04_c05"",""r04_c06"",""r04_c07"",""r05_c05"",""r05_c06"",""r05_c07""],""fair_cells"":[""r00_c02"",""r00_c03"",""r00_c04"",""r00_c05"",""r00_c06"",""r00_c07"",""r01_c02"",""r01_c03"",""r01_c04"",""r01_c05"",""r01_c06"",""r01_c07"",""r02_c04"",""r02_c05"",""r02_c06"",""r02_c07"",""r03_c05"",""r03_c06"",""r03_c07""],""poor_cells"":[""r00_c04"",""r00_c05"",""r01_c04"",""r02_c04"",""r03_c04"",""r03_c05"",""r03_c06"",""r03_c07""],""severe_cells"":[""r04_c05"",""r04_c06"",""r04_c07"",""r05_c05"",""r05_c06"",""r05_c07""],""area_bins"":{""fair"":9,""poor"":6,""severe"":1},""row_condition_profile"":[4,4,4,4,3,3,0,0]}"
corr_fac476b178613d4d,"{""affected_cells"":[""r00_c04"",""r00_c05"",""r00_c06"",""r01_c04"",""r01_c05"",""r01_c06"",""r02_c02"",""r02_c03"",""r02_c04"",""r02_c05"",""r02_c06"",""r03_c02"",""r03_c03"",""r03_c04"",""r03_c05"",""r03_c06"",""r03_c07"",""r04_c00"",""r04_c01"",""r04_c02"",""r04_c03"",""r04_c04"",""r04_c05"",""r04_c06"",""r05_c00"",""r05_c01"",""r05_c02"",""r05_c03"",""r05_c04"",""r05_c05"",""r06_c04"",""r06_c05""],""fair_cells"":[""r00_c04"",""r00_c05"",""r00_c06"",""r01_c04"",""r01_c05"",""r01_c06"",""r02_c02"",""r02_c03"",""r02_c04"",""r02_c05"",""r02_c06"",""r03_c02"",""r03_c03"",""r03_c04"",""r03_c05"",""r03_c06"",""r03_c07"",""r04_c00"",""r04_c01"",""r04_c02"",""r04_c03"",""r04_c04"",""r04_c05"",""r04_c06"",""r05_c00"",""r05_c01"",""r05_c02"",""r05_c03"",""r05_c04"",""r05_c05""],""poor_cells"":[""r00_c06"",""r03_c04"",""r03_c05"",""r04_c04"",""r04_c05"",""r05_c04"",""r05_c05"",""r06_c04"",""r06_c05""],""severe_cells"":[],""area_bins"":{""fair"":7,""poor"":5,""severe"":0},""row_condition_profile"":[4,1,1,4,4,4,2,0]}"
corr_fb47dc37a5f82162,"{""affected_cells"":[""r00_c00"",""r00_c01"",""r01_c00"",""r01_c01"",""r01_c02"",""r02_c00"",""r02_c01"",""r02_c02"",""r02_c03"",""r03_c00"",""r03_c01"",""r03_c02"",""r03_c03"",""r04_c00"",""r04_c01"",""r04_c02"",""r04_c03"",""r05_c00"",""r05_c01"",""r05_c02"",""r05_c03""],""fair_cells"":[""r00_c00"",""r00_c01"",""r01_c00"",""r01_c01"",""r02_c00"",""r02_c01"",""r03_c00"",""r03_c01"",""r03_c02"",""r04_c01"",""r04_c02"",""r04_c03"",""r05_c00"",""r05_c01"",""r05_c02"",""r05_c03""],""poor_cells"":[""r01_c01"",""r01_c02"",""r02_c00"",""r02_c01"",""r02_c02"",""r02_c03"",""r03_c00"",""r03_c01"",""r03_c02"",""r03_c03"",""r04_c00""],""severe_cells"":[],""area_bins"":{""fair"":3,""poor"":7,""severe"":0},""row_condition_profile"":[1,4,4,4,4,1,0,0]}"
corr_fb9c12f45411efec,"{""affected_cells"":[""r00_c04"",""r00_c05"",""r00_c06"",""r00_c07"",""r01_c04"",""r01_c05"",""r01_c06"",""r01_c07"",""r02_c05"",""r02_c06"",""r02_c07"",""r03_c05"",""r03_c06"",""r03_c07"",""r04_c05"",""r04_c06"",""r04_c07"",""r05_c04"",""r05_c05"",""r05_c06"",""r05_c07"",""r06_c04"",""r06_c05"",""r06_c06"",""r06_c07""],""fair_cells"":[""r00_c04"",""r00_c05"",""r00_c06"",""r00_c07"",""r01_c04"",""r01_c05"",""r01_c06"",""r01_c07"",""r02_c05"",""r02_c06"",""r02_c07"",""r03_c05"",""r03_c06"",""r03_c07"",""r04_c05"",""r04_c06"",""r04_c07"",""r05_c04"",""r05_c05"",""r05_c06"",""r05_c07"",""r06_c04"",""r06_c05"",""r06_c06"",""r06_c07""],""poor_cells"":[],""severe_cells"":[],""area_bins"":{""fair"":9,""poor"":0,""severe"":0},""row_condition_profile"":[1,1,1,1,1,1,1,0]}"
corr_fbdeff58cf05e5d4,"{""affected_cells"":[""r00_c00"",""r00_c01"",""r00_c02"",""r01_c00"",""r01_c01"",""r01_c02"",""r01_c03"",""r02_c00"",""r02_c01"",""r02_c02"",""r02_c03"",""r02_c04""],""fair_cells"":[""r00_c00"",""r00_c01"",""r00_c02"",""r01_c00"",""r01_c01"",""r01_c02"",""r01_c03"",""r02_c00"",""r02_c01""],""poor_cells"":[""r00_c00"",""r00_c01"",""r01_c00"",""r01_c01"",""r01_c02"",""r01_c03"",""r02_c00"",""r02_c02"",""r02_c03"",""r02_c04""],""severe_cells"":[],""area_bins"":{""fair"":5,""poor"":6,""severe"":0},""row_condition_profile"":[4,4,4,0,0,0,0,0]}"
corr_fc79d3b61352f615,"{""affected_cells"":[""r00_c02"",""r01_c02"",""r02_c00"",""r02_c01"",""r02_c02"",""r03_c02"",""r03_c03"",""r04_c02"",""r04_c03"",""r04_c04"",""r05_c02"",""r05_c03"",""r05_c04"",""r06_c02"",""r06_c03"",""r06_c04""],""fair_cells"":[""r00_c02"",""r01_c02"",""r02_c00"",""r02_c01"",""r02_c02"",""r03_c02"",""r03_c03"",""r04_c02"",""r04_c03"",""r04_c04"",""r05_c02"",""r05_c03"",""r05_c04"",""r06_c02"",""r06_c03"",""r06_c04""],""poor_cells"":[],""severe_cells"":[],""area_bins"":{""fair"":6,""poor"":0,""severe"":0},""row_condition_profile"":[1,1,1,1,1,1,1,0]}"
corr_fd97b5bbd31b1841,"{""affected_cells"":[""r00_c02"",""r02_c03"",""r02_c04"",""r02_c05"",""r03_c00"",""r03_c04"",""r03_c05"",""r03_c06"",""r03_c07""],""fair_cells"":[""r00_c02"",""r02_c03"",""r02_c04"",""r02_c05"",""r03_c00"",""r03_c04"",""r03_c05"",""r03_c06"",""r03_c07""],""poor_cells"":[],""severe_cells"":[],""area_bins"":{""fair"":3,""poor"":0,""severe"":0},""row_condition_profile"":[1,0,1,1,0,0,0,0]}"
corr_fde416be6d4c1bcf,"{""affected_cells"":[""r00_c01"",""r00_c02"",""r00_c03"",""r00_c04"",""r00_c05"",""r01_c01"",""r01_c02"",""r01_c03"",""r01_c04"",""r01_c05"",""r02_c00"",""r02_c01"",""r02_c02"",""r02_c03"",""r02_c04"",""r02_c05"",""r02_c06"",""r03_c00"",""r03_c01"",""r03_c02"",""r03_c03"",""r03_c04"",""r03_c05"",""r03_c06"",""r03_c07"",""r04_c00"",""r04_c01"",""r04_c02"",""r04_c03"",""r04_c04"",""r04_c05"",""r04_c06"",""r04_c07"",""r05_c00"",""r05_c01"",""r05_c02"",""r05_c03"",""r05_c04"",""r05_c05"",""r05_c06"",""r05_c07"",""r06_c05"",""r06_c06""],""fair_cells"":[""r00_c01"",""r00_c02"",""r00_c03"",""r00_c04"",""r00_c05"",""r01_c01"",""r01_c02"",""r01_c03"",""r01_c04"",""r01_c05"",""r02_c00"",""r02_c01"",""r02_c02"",""r02_c03"",""r02_c04"",""r02_c05"",""r02_c06"",""r03_c00"",""r03_c01"",""r03_c02"",""r03_c03"",""r03_c04"",""r03_c05"",""r03_c06"",""r03_c07"",""r04_c00"",""r04_c01"",""r04_c02"",""r04_c03"",""r04_c04"",""r05_c00"",""r05_c01"",""r05_c02"",""r05_c03"",""r05_c07"",""r06_c06""],""poor_cells"":[""r00_c04"",""r03_c01"",""r03_c02"",""r03_c03"",""r03_c04"",""r03_c05"",""r03_c06"",""r03_c07"",""r04_c00"",""r04_c01"",""r04_c02"",""r04_c03"",""r04_c04"",""r04_c05"",""r04_c06"",""r04_c07"",""r05_c00"",""r05_c01"",""r05_c02"",""r05_c03"",""r05_c04"",""r05_c05"",""r05_c06"",""r05_c07"",""r06_c05""],""severe_cells"":[],""area_bins"":{""fair"":8,""poor"":9,""severe"":0},""row_condition_profile"":[4,1,1,4,4,4,4,0]}"
corr_fe9dfd8cf8c24ca5,"{""affected_cells"":[""r00_c07"",""r01_c07"",""r02_c07"",""r03_c05"",""r03_c06"",""r03_c07"",""r04_c04"",""r04_c05"",""r04_c06"",""r04_c07"",""r05_c02"",""r05_c03"",""r05_c04"",""r05_c05"",""r05_c06"",""r05_c07"",""r06_c01"",""r06_c02"",""r06_c03"",""r06_c04"",""r06_c05"",""r06_c06"",""r06_c07""],""fair_cells"":[""r00_c07"",""r03_c05"",""r03_c06"",""r04_c04"",""r04_c05"",""r04_c06"",""r04_c07"",""r05_c02"",""r05_c03"",""r05_c04"",""r05_c05"",""r05_c06"",""r06_c01"",""r06_c02"",""r06_c03""],""poor_cells"":[""r00_c07"",""r01_c07"",""r02_c07"",""r03_c07"",""r04_c06"",""r04_c07"",""r05_c03"",""r05_c04"",""r05_c05"",""r05_c06"",""r05_c07"",""r06_c03"",""r06_c04"",""r06_c05"",""r06_c06"",""r06_c07""],""severe_cells"":[],""area_bins"":{""fair"":5,""poor"":7,""severe"":0},""row_condition_profile"":[4,2,2,4,4,4,4,0]}"
corr_fef78a407b1379ce,"{""affected_cells"":[""r00_c06"",""r01_c06"",""r03_c00"",""r03_c01"",""r03_c02"",""r04_c00""],""fair_cells"":[""r00_c06"",""r01_c06"",""r03_c00"",""r03_c01"",""r03_c02"",""r04_c00""],""poor_cells"":[],""severe_cells"":[],""area_bins"":{""fair"":3,""poor"":0,""severe"":0},""row_condition_profile"":[1,1,0,1,1,0,0,0]}"
corr_ffc530e36e101602,"{""affected_cells"":[""r02_c07"",""r03_c05"",""r03_c06"",""r03_c07"",""r04_c04"",""r04_c05"",""r04_c06"",""r05_c02"",""r05_c03""],""fair_cells"":[""r02_c07"",""r03_c05"",""r03_c06"",""r03_c07"",""r04_c04"",""r04_c05"",""r04_c06"",""r05_c02"",""r05_c03""],""poor_cells"":[""r02_c07"",""r03_c05"",""r03_c06"",""r03_c07""],""severe_cells"":[],""area_bins"":{""fair"":5,""poor"":1,""severe"":0},""row_condition_profile"":[0,0,4,4,1,1,0,0]}"
corr_fff29501953bd1f6,"{""affected_cells"":[""r00_c01"",""r00_c02"",""r00_c03"",""r00_c04"",""r00_c05"",""r01_c02"",""r01_c03"",""r01_c04"",""r01_c05"",""r02_c00"",""r02_c01"",""r02_c02"",""r02_c03"",""r02_c04"",""r02_c05"",""r03_c00"",""r03_c01"",""r03_c02"",""r03_c03"",""r03_c04"",""r03_c05"",""r04_c00"",""r04_c01"",""r04_c02"",""r04_c03"",""r04_c04"",""r04_c05"",""r04_c07"",""r05_c00"",""r05_c01"",""r05_c02"",""r05_c03"",""r05_c04"",""r05_c05"",""r05_c06"",""r05_c07"",""r06_c00"",""r06_c01"",""r06_c02"",""r06_c03"",""r06_c04""],""fair_cells"":[""r00_c01"",""r00_c02"",""r00_c03"",""r00_c04"",""r01_c02"",""r01_c03"",""r01_c04"",""r01_c05"",""r02_c00"",""r02_c01"",""r02_c02"",""r02_c03"",""r02_c04"",""r02_c05"",""r03_c00"",""r03_c01"",""r03_c02"",""r03_c03"",""r03_c04"",""r03_c05"",""r04_c00"",""r04_c01"",""r04_c02"",""r04_c03"",""r04_c04"",""r04_c05"",""r04_c07"",""r05_c00"",""r05_c01"",""r05_c02"",""r05_c03"",""r05_c04"",""r05_c05"",""r05_c06"",""r05_c07"",""r06_c00"",""r06_c01"",""r06_c02"",""r06_c03"",""r06_c04""],""poor_cells"":[""r00_c02"",""r00_c03"",""r00_c04"",""r00_c05"",""r01_c04"",""r01_c05"",""r02_c00"",""r02_c01"",""r02_c04"",""r02_c05"",""r03_c00"",""r03_c01"",""r03_c02"",""r03_c04"",""r03_c05"",""r04_c00"",""r04_c01"",""r04_c02"",""r05_c01"",""r05_c02"",""r05_c03"",""r05_c04"",""r05_c05""],""severe_cells"":[""r03_c03"",""r03_c04"",""r03_c05"",""r04_c02"",""r04_c03"",""r04_c04"",""r04_c05"",""r05_c04""],""area_bins"":{""fair"":9,""poor"":8,""severe"":6},""row_condition_profile"":[4,4,4,4,4,4,1,0]}"
